136000.0,101,-12.04836,-88.355052,120.940094,10.097593,102,-12.051705,-88.343458,-111.757998,14.816601,1327.289032,3,-1,0,8,106.4378851753812,-73.56453525486803,-14.502208824618805,38.19346274513197,127.30190800000003,4.225399999999979e-05,22.421793376558114,0.30073029292656095,1273.038846579726,-375.59056107210364,56.493065045228015,392.6313002271612,0,0,0,1,2,0,2,1,0,0,0
137000.0,101,-12.048406,-88.354976,121.016262,10.042675,102,-12.051721,-88.343567,-111.431303,14.723913,1307.209651,3,-1,0,8,106.54822617258797,-73.45415564202432,-14.468035827412024,37.97714735797568,127.552435,-9.268800000000076e-05,22.31263184568674,0.2050998576447558,1253.0654690569747,-372.32244348758445,55.96664295695999,383.8253077754103,0,0,0,1,2,0,2,0,0,1,0
138000.0,101,-12.048441,-88.354894,120.034295,9.987417,102,-12.051709,-88.34367,-110.788768,14.57563,1287.315201,3,-1,0,8,106.58059501572293,-73.42174817933375,-13.453699984277065,37.36701982066626,129.176937,-0.00014828299999999927,22.27305382631811,0.17435171107747038,1233.7877038082356,-367.3531388967184,55.23301919265964,377.0001056548048,0,0,0,1,0,0,2,0,0,1,0
139000.0,101,-12.048486,-88.354811,119.905819,10.029867,102,-12.051761,-88.343785,-110.889833,14.549834,1271.638088,3,-1,0,8,106.89560609760021,-73.10669577081863,-13.010212902399786,37.783137229181364,129.20434799999998,-2.5795999999999707e-05,22.287792117500366,0.18741786836011443,1216.7489421474058,-369.57467261091375,54.42008991181586,379.79343654947195,0,0,0,1,2,0,2,0,0,0,0
140000.0,101,-12.048533,-88.354724,119.787485,10.132991,102,-12.051813,-88.343895,-111.024776,14.511255,1258.721096,3,-1,0,8,107.20966271749145,-72.7925980329166,-12.57782228250855,38.2321779670834,129.187739,-3.8579000000000364e-05,22.339332893465397,0.17231452362562294,1202.3662373734646,-372.4167406814823,53.66513762080696,381.68028145531497,0,0,0,1,2,0,2,1,0,0,0
141000.0,101,-12.048573,-88.35465,119.665817,10.014409,102,-12.05187,-88.344,-111.244357,14.462829,1249.043472,3,-1,0,8,107.56643599437078,-72.43578739534838,-12.099381005629226,38.80856960465161,129.08982600000002,-4.842600000000097e-05,22.181776544223236,0.28401667523925767,1190.7976187175916,-376.97563078046346,53.416297396188064,392.19157241229607,0,0,0,1,2,0,2,1,0,0,0
142000.0,101,-12.048619,-88.354576,119.921749,9.951706,102,-12.051821,-88.344072,-110.249047,14.181294,1239.196115,3,-1,0,8,107.3135967032837,-72.68859620589808,-12.608152296716312,37.560450794101925,129.829204,-0.00028153499999999986,21.930066678947497,-0.05591140283351681,1183.0483910934695,-368.7865449853702,53.99847493326544,365.76919653995884,0,0,0,1,1,0,2,0,0,1,0
143000.0,101,-12.048655,-88.354505,119.668905,9.791379,102,-12.051927,-88.344183,-111.121106,14.218812,1229.308733,3,-1,0,8,107.96041387979147,-72.04174104594111,-11.708491120208521,39.07936495405889,129.209989,3.751800000000038e-05,21.77133635987386,0.27700610289987715,1169.4042623000869,-379.06942945119573,53.44166202484964,393.91740070705544,0,0,0,1,0,0,2,1,0,0,0
144000.0,101,-12.048706,-88.354425,120.069557,9.85348,102,-12.051977,-88.344266,-111.35183,14.101311,1219.370672,3,-1,0,8,108.22443317376987,-71.7776877311834,-11.845123826230136,39.5741422688166,128.57861299999996,-0.00011750099999999897,21.660805363796065,0.19710536574330018,1158.2055432406914,-381.34597852903397,53.27528879028964,391.8695455574691,0,0,0,1,2,0,2,1,0,1,0
145000.0,101,-12.048745,-88.354359,120.202849,9.663636,102,-12.052007,-88.344338,-111.384001,13.926557,1209.368714,3,-1,0,8,108.41111807637418,-71.59097402407978,-11.79173092362582,39.79302697592021,128.41314999999997,-0.00017475400000000008,21.31961568092828,0.2164395015676579,1147.4668655893954,-381.95873962571187,53.60056122494507,393.5883630396248,0,0,0,1,2,0,2,1,0,0,0
146000.0,101,-12.048791,-88.354271,119.901009,9.81545,102,-12.051996,-88.344394,-110.930242,13.651227,1199.28651,3,-1,0,8,108.35701611985498,-71.6450459204297,-11.543992880145026,39.28519607957031,129.168749,-0.0002753300000000003,21.25936064589214,-0.016389261486039253,1138.257874975226,-377.6998055663552,53.55784901200224,376.8221924370688,0,0,0,1,2,0,2,0,0,1,0
147000.0,101,-12.048834,-88.354192,119.776766,9.818796,102,-12.052017,-88.344454,-110.922766,13.437457,1189.103907,3,-1,0,8,108.48212963303652,-71.51990339327806,-11.294636366963474,39.40286260672194,129.300468,-0.00021377000000000023,21.07381676688543,-0.0775913194910256,1127.7729898557868,-376.95647626006325,53.59332415163711,372.80171960332973,0,0,0,1,2,0,2,0,0,1,0
148000.0,101,-12.048878,-88.354108,119.527274,9.900781,102,-12.052031,-88.344506,-110.835059,13.196542,1178.796204,3,-1,0,8,108.56140725659516,-71.44059738141405,-10.965866743404845,39.39446161858595,129.63766699999996,-0.00024091499999999932,20.948475918155093,-0.18574755688369127,1117.4788049482297,-375.235407519448,53.52954381333099,365.313068680944,0,0,0,1,2,0,2,0,0,1,0
149000.0,101,-12.048923,-88.354035,119.78322,9.825491,102,-12.05207,-88.344561,-111.09888,13.003954,1168.333336,3,-1,0,8,108.76140156638485,-71.24057635546873,-11.021818433615152,39.85830364453126,129.11789999999996,-0.00019258800000000064,20.659827715150666,-0.19937115154698315,1106.2552830328657,-375.76858938815366,53.75044855316034,365.0766881287085,0,0,0,1,2,0,2,1,0,1,0
150000.0,101,-12.048973,-88.353952,120.028158,9.920659,102,-12.052142,-88.344624,-111.810731,12.88385,1157.679103,3,-1,0,8,109.15742878073473,-70.8445186698752,-10.870729219265272,40.966212330124804,128.16111099999998,-0.00012010399999999954,20.55067971395233,-0.1776633419930711,1093.5673668881961,-379.909620304753,53.39774561204479,370.4422132636652,0,0,0,1,2,0,2,1,0,0,0
151000.0,101,-12.049013,-88.35387,119.556373,9.921951,102,-12.052115,-88.344653,-111.215592,12.53076,1146.790625,3,-1,0,8,108.99112011789917,-71.0108041597487,-10.565252882100822,40.2047878402513,129.22803499999998,-0.0003530899999999999,20.31230749130804,-0.35968684307023313,1084.369689526639,-373.19045275005533,53.754440234359556,353.935309498785,0,0,0,1,2,0,2,0,0,1,0
152000.0,101,-12.049055,-88.353799,119.754087,9.81688,102,-12.052156,-88.344698,-111.596167,12.328115,1135.618475,3,-1,0,8,109.2097712468579,-70.79212881935747,-10.5443157531421,40.80403818064252,128.649746,-0.0002026450000000004,19.98535109958391,-0.33439082453031066,1072.3875465703732,-373.64993071336363,54.013296742157785,355.65899910105145,0,0,0,1,2,0,2,1,0,0,0
153000.0,101,-12.049097,-88.353726,119.822796,9.731797,102,-12.052201,-88.34474,-112.038948,12.124918,1125.965822,3,-1,0,8,109.45465533011813,-70.54722073357962,-10.368140669881868,41.491727266420384,128.138256,-0.00020319700000000118,19.681930352927182,-0.290094078936745,1061.6792258669782,-375.0150045993218,54.25914742226957,359.3290284436451,0,0,0,1,2,0,2,1,0,0,0
154000.0,101,-12.04914,-88.353646,119.695397,9.752799,102,-12.052279,-88.34479,-112.963078,12.002084,1116.196584,3,-1,0,8,109.92325821619787,-70.0785907157211,-9.772138783802134,42.88448728427889,127.34152499999999,-0.0001228339999999992,19.522973036504812,-0.1489607835548803,1049.3920827608626,-380.35650483735384,53.91879754122608,372.33901775810295,0,0,0,1,0,0,2,1,0,0,0
155000.0,101,-12.049183,-88.35357,119.657486,9.73033,102,-12.052264,-88.344806,-112.599319,11.646357,1106.403835,3,-1,0,8,109.77307963739725,-70.22875008910134,-9.88440636260276,42.370568910898655,127.74319500000001,-0.0003557269999999999,19.20773513584351,-0.3391907778873504,1041.1700665716098,-374.29178267492995,54.58683506420393,355.85171485490974,0,0,0,1,2,0,2,0,0,1,0
156000.0,101,-12.049233,-88.353483,119.780358,9.888271,102,-12.05234,-88.344849,-113.578921,11.512574,1096.581473,3,-1,0,8,110.2027633408568,-69.79903925385973,-9.577594659143202,43.77988174614026,126.64072100000004,-0.00013378299999999933,19.13377282195495,-0.3061049625644383,1029.1157981554506,-378.6972417561542,54.13134874973799,362.1878925489749,0,0,0,1,2,0,2,1,0,0,0
157000.0,101,-12.049279,-88.353413,120.291179,9.788107,102,-12.05233,-88.34486,-113.328735,11.159431,1086.722105,3,-1,0,8,110.04059188645785,-69.96119379980213,-10.250587113542153,43.36754120019786,126.380086,-0.0003531430000000011,18.698892210333412,-0.5178667886476891,1020.9211648759002,-372.4042274250736,55.19391293123533,344.0016819484082,0,0,0,1,1,0,2,1,0,1,0
158000.0,101,-12.049329,-88.353334,120.55098,9.846624,102,-12.052321,-88.344868,-113.101006,10.808185,1076.816826,3,-1,0,8,109.86959444333121,-70.13217308211489,-10.681385556668786,42.96883291788511,126.34801400000003,-0.0003512459999999997,18.42121481215878,-0.7644596757546962,1012.7124410440322,-365.9890551797309,55.84729073678692,323.69482850799074,0,0,0,1,2,0,2,1,0,1,0
159000.0,101,-12.049377,-88.353248,120.42652,9.967213,102,-12.052352,-88.344885,-113.523976,10.551577,1066.855012,3,-1,0,8,109.98971310495338,-70.01203292187584,-10.436806895046615,43.51194307812416,126.04950400000001,-0.00025660799999999997,18.26919047947664,-0.8362445883201017,1002.5812777505805,-364.7059063595398,55.824648238764844,318.4924957996699,0,0,0,1,2,0,2,1,0,1,0
160000.0,101,-12.049422,-88.353165,120.24339,10.005578,102,-12.052371,-88.344896,-113.796692,10.267089,1056.824146,3,-1,0,8,110.03623883325253,-69.96548757277397,-10.20715116674748,43.83120442722603,125.95991800000002,-0.0002844879999999996,18.037966515676956,-0.8968595568586881,992.8610371766753,-362.0831899233737,56.05721408541255,312.34412459640885,0,0,0,1,2,0,2,1,0,1,0
161000.0,101,-12.049473,-88.353087,120.689951,10.029349,102,-12.052416,-88.344912,-114.517142,10.049321,1046.709762,3,-1,0,8,110.2101367634604,-69.79157002390097,-10.479814236539596,44.72557197609903,124.79290699999999,-0.0002177679999999995,17.76790213022982,-0.94877930502272,982.2658494906991,-361.60078372483076,56.371299683392444,308.72285193259177,0,0,0,1,2,0,2,1,0,1,0
162000.0,101,-12.049515,-88.353006,120.279653,10.023806,102,-12.052383,-88.344905,-113.929553,9.642615,1036.495651,3,-1,0,8,109.90151613007713,-70.10017520808879,-10.37813686992287,43.82937779191121,125.790794,-0.0004067060000000016,17.470087613611767,-1.143042310059898,974.5952183374244,-352.8277128227626,57.07486164810619,288.46814556842315,0,0,0,1,2,0,2,0,0,1,0
163000.0,101,-12.049548,-88.352924,119.272196,9.961403,102,-12.052436,-88.34492,-114.870794,9.452342,1026.164597,3,-1,0,8,110.2523977836656,-69.74927330856978,-9.019798216334394,45.12152069143022,125.85701,-0.00019027299999999946,17.265115882192816,-0.8953160556529345,962.7238695768824,-355.2133599445356,56.79160384549194,304.8863729775013,0,0,0,1,0,0,2,0,0,0,0
164000.0,101,-12.049587,-88.352857,119.479992,9.771288,102,-12.052512,-88.344942,-116.220817,9.33198,1015.779483,3,-1,0,8,110.70136203981279,-69.30029047858272,-8.778629960187203,46.92052652141727,124.29919100000001,-0.00012036200000000008,16.87787555356113,-0.6854766042210576,950.1963183189602,-359.07508231126354,57.135707014418024,320.22192552483074,0,0,0,1,2,0,2,1,0,0,0
165000.0,101,-12.049632,-88.352773,119.312414,9.847269,102,-12.052556,-88.34495,-117.058777,9.121099,1006.157186,3,-1,0,8,110.91729714017706,-69.08433617611577,-8.395116859822949,47.97444082388424,123.62880899999999,-0.00021088100000000054,16.709162881628686,-0.6717139743412437,939.8481427283393,-359.2182505796854,57.0663545770039,321.1775753073464,0,0,0,1,2,0,2,1,0,0,0
166000.0,101,-12.049669,-88.352697,118.946322,9.76629,102,-12.052572,-88.344947,-117.425786,8.832922,996.47782,3,-1,0,8,110.95873767291232,-69.04288040566206,-7.987584327087674,48.38290559433794,123.62789199999997,-0.0002881769999999992,16.386395615328574,-0.6583491365416991,930.5491214147747,-356.43565812940625,57.601110335435344,318.79263925338483,0,0,0,1,2,0,2,2,0,1,0
167000.0,101,-12.049716,-88.352617,119.174088,9.824809,102,-12.052571,-88.344938,-117.507636,8.503018,986.791866,3,-1,0,8,110.81618178213755,-69.18542147575278,-8.35790621786245,48.32221452424723,123.31827600000003,-0.0003299039999999991,16.120205243062426,-0.861986935534035,922.3793702485857,-350.677179388087,58.264080711830644,300.92639660397475,0,0,0,1,2,0,2,1,0,1,0
168000.0,101,-12.049753,-88.352534,118.589291,9.837071,102,-12.052514,-88.344913,-116.456193,8.041782,977.097357,3,-1,0,8,110.32807399027777,-69.6735171567964,-8.26121700972223,46.782675843203606,124.95451600000001,-0.0004612360000000013,15.837269256860953,-1.1245894949094022,916.2425896844265,-339.43889274030033,59.163334072124464,273.6916181829407,0,0,0,1,2,0,2,0,0,1,0
169000.0,101,-12.049799,-88.352463,119.167048,9.74969,102,-12.052483,-88.344893,-115.921369,7.652241,967.392062,3,-1,0,8,109.9287720719869,-70.07280842806357,-9.238275928013095,45.84856057193643,124.91158299999998,-0.0003895409999999995,15.395839608917804,-1.406505324091487,909.4618014620933,-329.7372185573473,60.69828930450347,245.64425410788073,0,0,0,1,1,0,2,1,0,1,0
170000.0,101,-12.049851,-88.352387,119.926274,9.793226,102,-12.052445,-88.34487,-115.216989,7.257374,957.673526,3,-1,0,8,109.4367326268653,-70.5648368084766,-10.489541373134713,44.6521521915234,124.85673699999995,-0.00039486699999999965,15.053228047156,-1.7937091570926822,903.095246195956,-318.6809669552583,61.98595108870437,209.65275401786516,0,0,0,1,1,0,2,1,0,1,0
171000.0,101,-12.049893,-88.352306,119.635591,9.806286,102,-12.052502,-88.344873,-116.734668,7.11495,947.93916,3,-1,0,8,109.74445754768892,-70.25709435602695,-9.891133452311081,46.477573643973045,123.62974100000002,-0.0001424240000000001,14.877862733390547,-1.6483031480114048,892.2085834224374,-320.2381843703732,61.79640276989858,220.06513704252967,0,0,0,1,0,0,2,1,0,0,0
172000.0,101,-12.049942,-88.352228,120.001272,9.844157,102,-12.052504,-88.344857,-116.995027,6.82247,938.186455,3,-1,0,8,109.56654892238349,-70.43499003982036,-10.43472307761651,46.56003696017963,123.00370100000004,-0.0002924800000000003,14.604314857906001,-1.8254588286194764,884.0091325622367,-314.2000602992126,62.48630902709199,202.16150981932188,0,0,0,1,1,0,2,1,0,1,0
173000.0,101,-12.049985,-88.352148,119.830608,9.85648,102,-12.052476,-88.344833,-116.53234,6.463449,928.413378,3,-1,0,8,109.19924790029431,-70.8022793708379,-10.631360099705688,45.73006062916211,123.63705200000001,-0.0003590210000000003,14.333228684809558,-2.0157410978627386,876.7756637935277,-305.31268533880126,63.22622938521321,180.28827327208654,0,0,0,1,2,0,2,0,0,1,1
174000.0,101,-12.050024,-88.35206,119.082552,9.936639,102,-12.052473,-88.344814,-116.736792,6.174827,918.619115,3,-1,0,8,109.06570553079855,-70.93580733629615,-10.016846469201454,45.800984663703844,124.180656,-0.00028862200000000015,14.198461407030102,-2.0518860578997073,868.2278956387534,-300.06899153042326,63.116372261710985,172.83266753610891,0,0,0,1,0,0,2,0,0,1,1
175000.0,101,-12.050063,-88.351982,118.779069,9.880208,102,-12.05249,-88.344799,-117.518948,5.945788,908.805415,3,-1,0,8,109.06054727321818,-70.94095244376648,-9.71852172678183,46.57799555623352,123.70198300000001,-0.00022903899999999932,13.932900670531058,-2.0094599131590876,858.9792527836704,-296.78599296551965,63.527848119857744,171.13867149693692,0,0,0,1,2,0,2,1,0,1,1
176000.0,101,-12.050108,-88.351897,118.721395,9.95905,102,-12.052497,-88.344781,-118.061073,5.695377,899.015414,3,-1,0,8,108.94747526731864,-71.05401046409352,-9.773919732681364,47.00706253590647,123.21753199999998,-0.0002504110000000006,13.759622485515434,-2.10665519727552,850.3037347553231,-291.9114133958117,63.6251934228392,159.86652799024077,0,0,0,1,2,0,2,1,0,1,1
177000.0,101,-12.050155,-88.351817,119.007674,9.979067,102,-12.052493,-88.34476,-118.316895,5.421957,889.432806,3,-1,0,8,108.71549179981422,-71.28598161572062,-10.292182200185778,47.03091338427939,122.675431,-0.00027341999999999975,13.500392775490173,-2.2672231517725394,842.4027610177474,-285.39149359907304,64.22159745401777,141.93731071622477,0,0,0,1,1,0,2,1,0,1,1
178000.0,101,-12.050198,-88.351746,119.362195,9.866732,102,-12.052473,-88.344734,-118.064429,5.113143,879.843567,3,-1,0,8,108.35427392271868,-71.64719009873453,-11.007921077281324,46.41723890126548,122.573376,-0.0003088139999999999,13.111162360444442,-2.4323924536800265,835.0838304175943,-277.05540703325414,65.53892079891698,120.1039112011459,0,0,0,1,1,0,2,1,0,1,1
179000.0,101,-12.050242,-88.351673,119.556433,9.789173,102,-12.05245,-88.344707,-117.680413,4.804928,870.260989,3,-1,0,8,107.95882019418902,-72.04263422427374,-11.597612805810982,45.63777877572626,122.76315400000004,-0.0003082149999999997,12.770326440246262,-2.596730762226609,827.860453626525,-268.3305019869014,66.64253970767435,98.0584958081246,0,0,0,1,1,0,2,0,0,1,1
180000.0,101,-12.050292,-88.351592,119.915304,9.875661,102,-12.052526,-88.344711,-120.712589,4.793919,860.685856,3,-1,0,8,108.36578577198647,-71.63565090687658,-11.54951822801354,49.07693809312342,119.37210700000003,-1.100900000000049e-05,12.681387456784304,-2.4767754571646283,816.8462474768539,-271.1869294443133,65.95329128412196,109.5902328914367,0,0,0,1,2,0,2,1,0,0,1
181000.0,101,-12.050338,-88.351509,119.908027,9.936703,102,-12.052512,-88.344685,-120.749792,4.5161,851.119296,3,-1,0,8,108.0443046365186,-71.9571201432295,-11.8637223634814,48.7926718567705,119.34218099999998,-0.00027781900000000006,12.494575169985565,-2.645494768108014,809.2589347894324,-263.63617446588916,66.13051677009813,90.30543871895239,0,0,0,1,2,0,2,1,0,1,1
182000.0,101,-12.050377,-88.351425,119.295551,9.955952,102,-12.052482,-88.344655,-120.177231,4.204726,841.562938,3,-1,0,8,107.63813098388566,-72.36328252175588,-11.657420016114344,47.81394847824413,120.527218,-0.00031137399999999984,12.3175370775473,-2.7579772722616815,802.0004130559892,-254.99709032303633,66.26345730711697,73.6267254321259,0,0,0,1,2,0,2,0,0,1,1
183000.0,101,-12.050427,-88.351354,120.055081,9.88848,102,-12.052501,-88.344638,-121.550626,4.03836,832.019154,3,-1,0,8,107.52547849589281,-72.47592373905104,-12.529602504107189,49.07470226094895,118.39429300000003,-0.000166366,12.000319990452619,-2.8393914402329505,793.3994353371752,-250.54582141701593,67.01042359524989,61.22757934783933,0,0,0,1,1,0,2,1,0,1,1
184000.0,101,-12.050474,-88.351272,120.072902,9.949394,102,-12.052498,-88.344614,-122.076394,3.812674,822.491435,3,-1,0,8,107.26834965066544,-72.7330404769646,-12.804552349334557,49.34335352303539,117.85070400000001,-0.00022568600000000006,11.840725466216865,-2.9609376496254707,785.4175714997259,-244.1544573171502,66.88484330773872,46.57512414085633,0,0,0,1,2,0,2,1,0,1,1
185000.0,101,-12.050517,-88.351194,119.974339,9.920023,102,-12.05254,-88.344603,-124.523929,3.734302,812.984964,3,-1,0,8,107.42520031000171,-72.57617583342687,-12.549138689998287,51.94775316657312,115.501732,-7.837199999999989e-05,11.669864940215707,-2.83974630370845,775.6760349215855,-243.45685559952636,66.67106341411049,54.17964724453865,0,0,0,1,2,0,2,1,0,0,1
186000.0,101,-12.050564,-88.351121,120.355617,9.862275,102,-12.052533,-88.344579,-125.050046,3.511624,803.507531,3,-1,0,8,107.10702332499345,-72.89434258988672,-13.248593675006546,52.155703410113276,114.594337,-0.00022267800000000016,11.385003900932132,-2.9673567898237074,767.9579184694699,-236.357753910793,67.24949249617919,36.87770217476631,0,0,0,1,1,0,2,1,0,1,1
187000.0,101,-12.050604,-88.351045,120.114863,9.801249,102,-12.052516,-88.344552,-125.105082,3.264023,794.071003,3,-1,0,8,106.75811168803885,-73.24324399732957,-13.356751311961148,51.861838002670424,114.780055,-0.00024760099999999996,11.148582120926733,-3.040563891118373,760.3472439480388,-228.95594865835605,67.58649675513443,24.435712309900595,0,0,0,1,2,0,2,0,0,1,1
188000.0,101,-12.050654,-88.350961,120.260373,9.916356,102,-12.052512,-88.344528,-125.853032,3.065226,784.673655,3,-1,0,8,106.45424823310144,-73.54709492729131,-13.806124766898563,52.30593707270869,113.886595,-0.00019879699999999988,11.049629081034915,-3.2018250584109564,752.5383033871661,-222.25851341675224,66.89444941087719,15.626970461519802,0,0,0,1,2,0,2,1,0,1,1
189000.0,101,-12.050694,-88.350893,120.264306,9.746738,102,-12.052509,-88.344505,-126.710969,2.87726,775.145813,3,-1,0,8,106.20082112931165,-73.80051263743444,-14.063484870688356,52.91045636256557,113.02472499999996,-0.00018796599999999986,10.724939835020319,-3.1922905230204126,744.3645303330095,-216.26945552608476,67.69250145297633,18.36736176289527,0,0,0,1,2,0,2,1,0,0,1
190000.0,101,-12.050729,-88.35081,119.381861,9.758963,102,-12.052538,-88.34449,-129.282041,2.801578,765.644344,3,-1,0,8,106.31462170366011,-73.68669786866381,-13.067239296339892,55.59534313133618,111.33609799999999,-7.568200000000003e-05,10.672189386152223,-3.0142333811260675,734.8146297335576,-215.07840763015938,66.76227192718538,26.259146541129848,0,0,0,1,0,0,2,1,0,0,1
191000.0,101,-12.050776,-88.350726,119.425788,9.856454,102,-12.052533,-88.344467,-130.19671,2.619412,756.155245,3,-1,0,8,106.01636888482999,-73.98493795334744,-13.40941911517001,56.211772046652555,110.37750199999999,-0.00018216600000000004,10.585693776450835,-3.1518299681854485,726.8034985110156,-208.63228200151144,65.87296740324857,29.509791352222464,0,0,0,1,2,0,2,1,0,0,1
192000.0,101,-12.05081,-88.350649,118.762199,9.762744,102,-12.052521,-88.344442,-130.777773,2.421591,746.686809,3,-1,0,8,105.7421461534352,-74.25914982865449,-13.020052846564795,56.51862317134551,110.460028,-0.00019782100000000026,10.392005001863222,-3.1159862866455548,718.6804051573229,-202.58249178423296,65.8871797174989,34.08927690370793,0,0,0,1,2,0,2,0,0,0,1
193000.0,101,-12.050854,-88.350565,118.638453,9.840078,102,-12.052533,-88.344424,-132.853925,2.313231,737.234363,3,-1,0,8,105.620042672692,-74.3812395319567,-13.018410327308004,58.47268546804331,108.50762199999997,-0.0001083599999999998,10.332064418445063,-3.142860921418701,710.0071455724061,-198.50531283605454,64.79707804699463,40.84463444088988,0,0,0,1,2,0,2,1,0,0,1
194000.0,101,-12.050905,-88.35049,119.457781,9.846762,102,-12.052533,-88.344402,-134.331992,2.169793,727.810138,3,-1,0,8,105.29365009916097,-74.70762104203277,-14.164130900839027,59.624370957967244,106.21022699999997,-0.00014343800000000018,10.125814624262397,-3.326177802035801,702.0359477311379,-191.97167777779674,64.35831403517673,54.989975239514706,0,0,0,1,1,0,2,1,0,0,1
195000.0,101,-12.050962,-88.350413,120.465722,9.919353,102,-12.052552,-88.344386,-137.03429,2.102973,718.408015,3,-1,0,8,105.09730592172991,-74.90395248692647,-15.368416078270087,62.13033751307353,102.49998799999997,-6.681999999999988e-05,9.983117617248773,-3.4904628804312923,693.6120753440853,-187.11591314773597,63.34292044858815,70.04635691766455,0,0,0,1,1,0,2,1,0,0,1
196000.0,101,-12.051002,-88.35034,120.322595,9.812192,102,-12.052541,-88.344364,-138.062561,1.933207,709.046706,3,-1,0,8,104.75363256164644,-75.2476151999318,-15.568962438353566,62.81494580006819,101.61484400000003,-0.0001697660000000001,9.761848508818899,-3.5157980822563806,685.669290866225,-180.56814462262878,63.22915712885873,80.15666450943185,0,0,0,1,2,0,2,1,0,0,1
197000.0,101,-12.05105,-88.350269,120.778388,9.752565,102,-12.052492,-88.344335,-136.312743,1.641899,699.71844,3,-1,0,8,103.95503628019685,-76.04620271190136,-16.823351719803156,60.26654028809865,102.90886899999998,-0.0002913079999999999,9.513040375117654,-3.803279840408454,679.0664456752369,-168.7443558583046,62.9566302386478,106.8799965512959,0,0,0,1,1,0,2,0,0,0,1
198000.0,101,-12.051097,-88.350183,120.592701,9.876967,102,-12.052475,-88.344312,-137.069736,1.47159,690.45334,3,-1,0,8,103.49649953313526,-76.50472630635252,-17.09620146686474,60.56500969364748,102.33756299999996,-0.00017030900000000005,9.504472316574336,-3.949228674570853,671.3859054316836,-161.14211338081063,61.214043792536586,120.50600656416323,0,0,0,1,2,0,2,1,0,0,1
199000.0,101,-12.05115,-88.350113,121.411126,9.833486,102,-12.052498,-88.344298,-141.193315,1.452202,681.242391,3,-1,0,8,103.33580967078917,-76.66540447991565,-18.07531632921082,64.52791052008436,97.39555900000002,-1.938799999999996e-05,9.302472129213818,-3.993320720841087,662.8726234355657,-157.1339568490769,60.32677885989196,131.7466351224673,0,0,0,1,1,0,2,1,0,0,1
200000.0,101,-12.051191,-88.350025,120.611949,9.929399,102,-12.052517,-88.344284,-144.960677,1.424031,672.124951,3,-1,0,8,103.28897405767223,-76.7122246450633,-17.32297494232776,68.2484523549367,94.42737400000001,-2.8170999999999948e-05,9.36318774835452,-3.8903205596900334,654.1275454027766,-154.49629154802028,58.60673647749937,128.4832401395691,0,0,0,1,0,0,2,1,0,1,1
201000.0,101,-12.051232,-88.349944,120.146389,9.924261,102,-12.052552,-88.344273,-149.426328,1.469161,662.676264,3,-1,0,8,103.38842268135929,-76.6127614092538,-16.75796631864071,72.8135665907462,90.42728299999999,4.5129999999999895e-05,9.32923864059737,-3.7191612495790585,644.6665030076632,-153.44357519579683,57.70744162177879,122.64847423096847,0,0,0,1,0,0,2,1,0,1,1
202000.0,101,-12.051278,-88.349855,119.835121,10.050403,102,-12.05261,-88.344271,-153.986425,1.617624,653.271821,3,-1,0,8,103.7082168152376,-76.2929491149681,-16.126904184762395,77.6934758850319,86.17845399999999,0.00014846300000000002,9.42779332745621,-3.546390894981811,634.6634678606728,-154.8107059467173,56.43163594081024,112.1971739419274,0,0,0,1,0,0,2,1,0,1,1
203000.0,101,-12.051316,-88.349774,119.308005,10.007304,102,-12.05259,-88.34425,-155.586416,1.447628,643.887142,3,-1,0,8,103.27007434932588,-76.73107905382646,-16.037930650674113,78.85533694617355,85.105579,-0.00016999600000000003,9.324712079806256,-3.5804288612409856,626.6946439869171,-147.7987646465267,55.48565386854298,120.56164758439847,0,0,0,1,2,0,2,1,0,0,1
204000.0,101,-12.051359,-88.349699,119.369336,9.936595,102,-12.052625,-88.344241,-159.046989,1.515769,634.5282,3,-1,0,8,103.3434807764211,-76.65765884964809,-16.0258552235789,82.38933015035191,81.58367500000003,6.814100000000001e-05,9.201550469032357,-3.457740737708873,617.3984841987071,-146.4416208063088,55.31352562223435,117.32589348769373,0,0,0,1,2,0,2,1,0,1,1
205000.0,101,-12.051409,-88.349614,119.607903,10.051794,102,-12.052606,-88.344221,-161.013713,1.358571,625.193934,3,-1,0,8,102.78761896364541,-77.21350709189366,-16.82028403635458,83.80020590810634,79.37838400000004,-0.00015719799999999994,9.18129899201932,-3.6815474385697557,609.6873775945689,-138.37903277684038,53.30998697248868,133.44071221589618,0,0,0,1,1,0,2,1,0,0,1
206000.0,101,-12.051455,-88.349533,119.647901,10.062277,102,-12.052593,-88.344203,-163.435974,1.234022,615.886957,3,-1,0,8,102.31616091343089,-77.68495198925486,-17.331740086569113,85.75102201074513,76.91612500000002,-0.00012454900000000003,9.096743707174111,-3.794680398299681,601.7125945861694,-131.3723613211698,51.994534926260236,144.63276299813498,0,0,0,1,1,0,2,1,0,0,1
207000.0,101,-12.051507,-88.349449,120.00992,10.160795,102,-12.052625,-88.344195,-166.519488,1.304826,606.621645,3,-1,0,8,102.27598643290904,-77.72511060477586,-17.733933567090958,88.79437739522413,73.47059200000004,7.080400000000009e-05,9.10280087277532,-3.8130438552594716,592.7511033977752,-128.98042333325634,50.886448872321075,144.95807476859554,0,0,0,1,2,0,2,1,0,0,1
208000.0,101,-12.05155,-88.349375,120.065657,10.062069,102,-12.052623,-88.34418,-169.232352,1.234233,597.393558,3,-1,0,8,101.92615563794969,-78.07492908231696,-18.13950136205031,91.15742291768304,70.70199100000002,-7.059300000000013e-05,8.938824031983138,-3.8285151095634298,584.4986690153535,-123.45188965414674,50.372380063982334,151.1081490368391,0,0,0,1,2,0,2,1,0,0,1
209000.0,101,-12.051593,-88.349292,119.805196,10.074602,102,-12.052645,-88.34417,-171.79138,1.273643,588.208185,3,-1,0,8,101.8612860284392,-78.13978345222093,-17.9439099715608,93.65159654777908,68.40342399999997,3.9410000000000166e-05,8.923785479700385,-3.747013441309681,575.6488173949656,-120.9020592577802,49.78907089386398,146.83896996893304,0,0,0,1,2,0,2,1,0,1,1
210000.0,101,-12.051638,-88.349214,119.882815,10.041788,102,-12.052658,-88.344158,-174.243161,1.271345,579.093077,3,-1,0,8,101.65642949637574,-78.3446262058948,-18.226385503624257,95.89853479410519,65.87402400000002,-2.2980000000001333e-06,8.83421894374923,-3.738163949254517,567.1502880659029,-117.00146399123065,49.22765020439108,148.2733186945798,0,0,0,1,2,0,2,1,0,0,1
211000.0,101,-12.051677,-88.349137,119.544322,9.965871,102,-12.052671,-88.344147,-176.521121,1.2746,570.043014,3,-1,0,8,101.51349466061875,-78.48754726293164,-18.030827339381247,98.03357373706835,63.93455700000004,3.255000000000008e-06,8.74739726252535,-3.6418867839721005,558.5724494633331,-113.77985986428502,49.02753610904551,144.98268791168923,0,0,0,1,2,0,2,1,0,1,1
212000.0,101,-12.051724,-88.349059,119.777559,9.964193,102,-12.052667,-88.344133,-179.157789,1.207851,561.073041,3,-1,0,8,101.07600080776946,-78.92502775422992,-18.701558192230536,100.23276124577009,61.064651999999995,-6.674899999999995e-05,8.66627530884562,-3.7408369711504985,550.6220561189997,-107.7882584156217,47.98083072131955,152.688696991797,0,0,0,1,1,0,2,1,0,0,1
213000.0,101,-12.051768,-88.348987,120.016209,9.864863,102,-12.052656,-88.344119,177.824031,1.116043,552.174782,3,-1,0,8,100.5663130108401,-79.43470344198083,-19.4498959891599,102.74126555801917,57.80782199999999,-9.180800000000011e-05,8.499451538019146,-3.8196099297484505,542.8117382287327,-101.2541688912083,47.33674367672146,161.43768995882536,0,0,0,1,1,0,2,1,0,0,1
214000.0,101,-12.051817,-88.34892,120.769145,9.761032,102,-12.052663,-88.344108,175.51924,1.10424,543.437058,3,-1,1,8,100.1918831381946,-79.80912162394378,-20.577261861805397,104.67163837605622,54.75009499999999,-1.1802999999999785e-05,8.30075738562762,-3.8926858939304188,534.8619934647292,-96.15863952152917,46.9676161195274,168.92473305767956,0,0,0,1,1,0,2,1,0,0,1
215000.0,101,-12.051858,-88.348848,120.747734,9.666219,102,-12.052671,-88.344098,173.473939,1.100135,535.139267,3,-1,1,8,99.92761259692269,-80.07337922138734,-20.82012140307731,106.45268177861266,52.72620499999999,-4.105000000000025e-06,8.182370055005572,-3.8489359822715663,527.1262809704593,-92.26006175778173,46.8192362190874,168.76007212616463,0,0,0,1,2,0,2,1,0,1,1
216000.0,101,-12.051918,-88.348773,121.879031,9.769155,102,-12.052688,-88.34409,172.228451,1.134742,527.321153,3,-1,1,8,99.54439909118491,-80.4565787403442,-22.334631908815084,107.31497025965581,50.34941999999995,3.460699999999983e-05,8.142180892560134,-4.035040809262126,520.0216616003929,-87.43609018943994,45.498232370683624,177.80684815052842,0,0,0,1,1,0,2,1,0,0,1
217000.0,101,-12.05197,-88.348705,122.645446,9.711875,102,-12.052714,-88.344085,171.778661,1.202972,519.880897,3,-1,1,8,99.35138806880968,-80.64957661114614,-23.294057931190324,107.57176238885387,49.133215000000064,6.823000000000002e-05,8.00561744251667,-4.048353416685578,512.9718766506867,-84.4748532463797,45.30970836197457,179.90004772532052,0,0,1,1,1,0,2,1,0,0,1
218000.0,101,-12.052029,-88.348634,123.645565,9.760032,102,-12.052697,-88.344073,168.800304,1.095391,512.850173,3,-1,1,8,98.51780681150387,-81.48314555055617,-25.12775818849613,109.71655044944382,45.15473899999995,-0.00010758099999999993,7.912283243484794,-4.333051874498559,507.1933731691283,-75.96171509024359,43.66938998579254,197.39460299892798,0,0,1,1,1,0,2,1,0,0,1
219000.0,101,-12.052095,-88.348575,125.531973,9.709305,102,-12.052706,-88.344065,167.427376,1.093783,506.267004,3,-1,1,8,97.88747782515904,-82.11346389072078,-27.644495174840955,110.4591601092792,41.89540299999999,-1.6080000000000539e-06,7.6632570050815,-4.575077165878377,501.4774541364021,-69.47404070592657,42.80789881235813,214.58923861402343,0,0,1,1,1,0,2,1,0,0,0
220000.0,101,-12.052169,-88.348511,127.54618,9.806785,102,-12.052682,-88.344055,163.648275,0.962872,499.966805,3,-1,1,8,96.714457719684,-83.28647272254523,-30.831722280316,113.06525227745476,36.10209500000002,-0.000130911,7.504351019075301,-5.052336040650254,496.53762159431125,-58.45679125108256,40.54361336125207,241.6634287951199,0,0,1,1,1,0,2,1,0,0,0
221000.0,101,-12.052246,-88.348454,129.772068,9.863354,102,-12.052665,-88.344047,159.808613,0.863232,494.344804,3,-1,1,8,95.55324993370162,-84.44767027927993,-34.21881806629837,115.74371672072004,30.036545000000046,-9.963999999999995e-05,7.282978725269417,-5.49975156337796,492.02469094574803,-47.83815152720223,38.65899146367927,267.3010583677739,0,0,1,1,1,0,2,1,0,0,0
222000.0,101,-12.052325,-88.348398,131.887739,9.925243,102,-12.052668,-88.34404,158.235914,0.852588,489.033167,3,-1,1,8,94.60169493066661,-85.39921505381542,-37.2860440693334,116.36487094618457,26.34817499999997,-1.0643999999999987e-05,7.07276373894895,-5.835005179687701,487.456771308058,-39.23435397675735,37.066452540144454,286.53763956890344,0,0,1,1,1,0,2,1,0,0,0
223000.0,101,-12.052407,-88.348351,134.321636,9.923031,102,-12.052709,-88.344037,161.612048,0.994673,484.052855,3,-1,1,8,94.09484568107538,-85.90605512036771,-40.22679031892463,112.4818968796323,27.290411999999947,0.00014208500000000002,6.785454520883153,-5.989190478778353,482.81717009626755,-34.56510804095536,35.98824664091771,299.4859776312288,0,0,1,1,1,0,2,0,0,0,0
224000.0,101,-12.052498,-88.348313,137.572557,9.956414,102,-12.052699,-88.344031,159.101715,0.920285,479.596544,3,-1,1,8,92.74846383797615,-87.25243028453573,-44.82409316202384,113.64585471546425,21.529158000000052,-7.4388e-05,6.388879634554714,-6.489406423558531,479.044850892929,-22.997300922398615,33.57553528649749,328.57265400524534,0,0,1,1,1,0,2,1,0,0,0
225000.0,101,-12.052586,-88.348281,140.564438,9.916566,102,-12.052705,-88.344026,158.377737,0.918372,475.447743,3,-1,1,8,91.63851364383093,-88.36237484426029,-48.92592435616906,113.2598881557397,17.81329900000003,-1.9130000000000535e-06,5.960694911401552,-6.805206005758748,475.2533421963837,-13.594743651907885,31.640656710696078,350.51893493140307,0,0,1,1,1,0,2,1,0,0,0
226000.0,101,-12.052675,-88.34825,143.274189,9.896106,102,-12.05271,-88.344021,157.678925,0.910562,471.811789,3,-1,1,8,90.48530930202764,-89.51557376039894,-52.78887969797236,112.80550123960109,14.404735999999957,-7.809999999999983e-06,5.571907354657874,-7.08945804279942,471.79486402006654,-3.99631375988361,29.53167626670987,369.56257160074847,0,0,1,1,1,0,2,1,0,0,0
227000.0,101,-12.052755,-88.348217,145.126844,9.818618,102,-12.052719,-88.344017,157.467974,0.914747,468.447809,3,-1,1,8,89.49827460586621,-90.5026024042049,-55.62856939413379,112.0294235957951,12.341130000000021,4.184999999999995e-06,5.263377455445143,-7.210468831798707,468.42984862740786,4.102032643002738,27.998257842873418,381.45931825364073,0,0,1,1,1,0,2,1,0,0,0
228000.0,101,-12.052843,-88.348184,147.110906,9.858022,102,-12.052761,-88.344014,160.774436,1.060474,465.618592,3,-1,1,8,88.848514150605,-91.15235659972666,-58.262391849395,108.07320740027333,13.663530000000037,0.00014572699999999993,5.003848758699602,-7.276679294466836,465.52456390320805,9.357009072904026,26.45284772117448,389.5335192043069,0,0,1,1,1,0,2,0,0,0,0
229000.0,101,-12.052936,-88.348156,149.376883,9.926202,102,-12.052742,-88.344013,158.822192,0.936691,463.033657,3,-1,1,8,87.25911848556287,-92.74174662946132,-62.11776451443713,108.43606137053868,9.445308999999952,-0.00012378299999999987,4.7179024901980595,-7.668429426884399,462.5039508671206,22.141882194109165,23.25274262261937,405.7701922947136,0,0,1,1,1,0,2,1,0,0,0
230000.0,101,-12.05302,-88.348133,151.303405,9.834978,102,-12.052794,-88.344011,162.663517,1.126171,460.461958,3,-1,1,8,86.79157806455157,-93.20928267013699,-64.51182693544843,104.127200329863,11.360111999999958,0.00018947999999999998,4.386895313239099,-7.551983424951589,459.7402060588268,25.771257209947272,22.215053258547325,410.7405775061167,0,0,1,1,1,0,2,0,0,0,0
231000.0,101,-12.053108,-88.348116,153.569855,9.795707,102,-12.052834,-88.344008,164.602962,1.258671,458.138695,3,-1,1,8,86.09874691261776,-93.90211090318918,-67.47110808738223,101.49492709681084,11.033106999999973,0.00013250000000000005,4.0259466120717935,-7.5583409756238185,457.07709192409953,31.17043301770575,20.461722827411172,418.24785931107493,0,0,1,1,1,0,2,1,0,0,0
232000.0,101,-12.053197,-88.348103,155.95862,9.765528,102,-12.052872,-88.344005,166.06167,1.375905,455.83355,3,-1,1,8,85.36418729249667,-94.63666843957245,-70.59443270750333,99.30166156042753,10.103050000000053,0.00011723399999999983,3.6470157275655155,-7.582990532399604,454.3423158102263,36.841354071248546,18.357099932879724,425.5173654409442,0,0,1,1,1,0,2,1,0,0,0
233000.0,101,-12.053282,-88.3481,158.689462,9.639975,102,-12.052928,-88.344003,167.981128,1.569738,453.782948,3,-1,1,8,84.9513153637329,-95.04954016445123,-73.73814663626709,96.96933183554876,9.291665999999964,0.00019383300000000013,3.176512016694833,-7.445508064303931,452.02239795215525,39.93389093431916,16.53391160208324,431.48949024033834,0,0,1,1,1,0,2,1,0,0,0
234000.0,101,-12.053369,-88.348089,160.513088,9.6187,102,-12.052986,-88.344002,169.520542,1.767916,451.754101,3,-1,1,8,84.52681189550837,-95.47404154956622,-75.98627610449164,95.00541645043376,9.007453999999939,0.00019817799999999997,2.887162942146815,-7.329291429764836,449.6945273816981,43.08827930272164,15.135334140829608,434.2292718206401,0,0,1,1,1,0,2,1,0,0,0
235000.0,101,-12.053468,-88.348083,162.801781,9.742171,102,-12.053004,-88.344002,170.044323,1.773531,450.048966,3,-1,1,8,83.36894957158957,-96.63190262461517,-79.43283142841044,93.32377437538486,7.242541999999958,5.614999999999926e-06,2.5739298971584335,-7.559749903939778,447.0382876480259,51.96961780107698,11.488482527743425,439.9434220129422,0,0,1,1,1,0,2,1,0,0,0
236000.0,101,-12.05356,-88.348071,164.158454,9.790076,102,-12.053102,-88.344002,172.169564,2.146678,448.367618,3,-1,1,8,83.43481063067496,-96.56603906630676,-80.72364336932505,91.2643969336932,8.01111000000003,0.0003731470000000001,2.3800069494434717,-7.291590379926979,445.42740855379145,51.26348193448908,11.273958378764707,439.3585001876508,0,0,1,1,1,0,2,0,0,1,0
237000.0,101,-12.053652,-88.348059,165.26809,9.839682,102,-12.053145,-88.344001,172.737431,2.254669,446.710741,3,-1,1,8,82.72004155132194,-97.2808058532644,-82.54804844867806,89.9817631467356,7.469340999999986,0.00010799099999999973,2.217170226541616,-7.279634676575452,443.1097288700227,56.60613310856025,9.555829414946908,440.3833670168656,0,0,1,1,1,0,2,1,0,0,0
238000.0,101,-12.053748,-88.348053,166.83059,9.91718,102,-12.053192,-88.344,173.299679,2.377828,445.079018,3,-1,1,8,82.01536242136852,-97.98548394406757,-84.81522757863148,88.71483705593243,6.46908899999994,0.00012315900000000023,1.9820053313352202,-7.294777482514752,440.7641322130393,61.82484952129471,7.217659723231849,441.5560972125528,0,0,1,1,1,0,2,1,0,0,0
239000.0,101,-12.053839,-88.348039,167.469335,9.947479,102,-12.053231,-88.344,173.811143,2.45818,443.711163,3,-1,1,8,81.2497944242679,-98.75104902211295,-86.2195405757321,87.43780797788708,6.3418080000000145,8.035199999999998e-05,1.8932193741535484,-7.266676723791923,438.54679308720586,67.50041810048327,5.8894954760079905,441.3994346817307,0,0,1,1,1,0,2,1,0,1,0
240000.0,101,-12.053927,-88.348031,168.399703,9.914884,102,-12.053299,-88.343999,174.392711,2.670422,442.369905,3,-1,1,8,80.95119038437535,-99.04965160556728,-87.44851261562464,86.55763739443273,5.993007999999918,0.00021224199999999983,1.7327889863593269,-7.054720663271835,436.8644865627694,69.57408447084974,4.941334215579087,440.85053493216236,0,0,1,1,1,0,2,1,0,1,0
241000.0,101,-12.054006,-88.348019,168.748487,9.772258,102,-12.053339,-88.344,174.86255,2.745324,441.05529,3,-1,1,8,80.3689012247085,-99.6319380546081,-88.37958577529152,85.5055119453919,6.114062999999987,7.490200000000025e-05,1.6608951502773543,-6.850141110922623,434.83878053535193,73.79026886732517,4.275047698371063,439.982456628762,0,0,1,1,1,0,2,0,0,1,0
242000.0,101,-12.054096,-88.348012,169.642919,9.794396,102,-12.053408,-88.343998,175.30192,2.947733,440.006585,3,-1,1,8,80.05948063025973,-99.94135761032089,-89.58343836974028,84.75672238967911,5.659000999999989,0.00020240899999999983,1.5194248674403128,-6.6969811967986645,433.40098270279276,75.9564548647164,3.121266207339332,439.4653972055051,0,0,1,1,1,0,2,1,0,1,0
243000.0,101,-12.054186,-88.348001,170.087259,9.830564,102,-12.053481,-88.343997,175.690735,3.165635,438.985112,3,-1,1,8,79.79402697528795,-100.20680918258215,-90.29323202471204,84.10245581741788,5.603476000000001,0.00021790200000000004,1.454447740264055,-6.5271184559672495,432.0391127873007,77.78260460806533,2.652631325903311,438.61411244535884,0,1,1,1,1,0,2,1,0,1,0
244000.0,101,-12.054271,-88.347989,170.337527,9.787087,102,-12.053537,-88.343997,176.044931,3.293509,437.990624,3,-1,1,8,79.35236245982767,-100.6484711968964,-90.98516454017232,83.30659780310361,5.707403999999997,0.00012787399999999983,1.4155342163491793,-6.362578266267736,430.4493305188126,80.92688408567001,2.1843918261125213,437.75112343092286,0,1,1,1,1,2,2,0,0,1,0
245000.0,101,-12.054352,-88.347987,171.348883,9.670421,102,-12.053597,-88.343997,176.364972,3.434739,437.023109,3,-1,1,8,79.04962039171967,-100.95121285215112,-92.29926260828033,82.68381514784892,5.016088999999965,0.0001412300000000002,1.2368350027238468,-6.132567704064516,429.06581992855354,83.01638373877728,0.54366567679487,437.0094979642059,0,1,1,1,1,2,2,1,0,1,0
246000.0,101,-12.054436,-88.347979,171.75845,9.622477,102,-12.053653,-88.343996,176.586642,3.552651,437.774206,3,-1,1,8,78.63442622155554,-101.3664055652443,-93.12402377844447,82.04695243475567,4.8281919999999445,0.00011791200000000002,1.1678283470926871,-5.976752733330069,429.189348867824,86.27142201994644,-0.38330225939302864,437.76781777972894,0,1,1,1,1,2,2,1,1,0,0
247000.0,101,-12.054542,-88.347968,172.133993,9.895393,102,-12.053717,-88.343995,176.769571,3.702759,435.193591,3,-1,1,8,78.0126465371489,-101.98818316702372,-94.12134646285111,81.24224583297627,4.6355780000000095,0.0001501079999999999,1.1455954727345448,-6.105410366146007,425.7035280083719,90.38787467741805,-1.6428464776292162,435.0709865714435,0,1,1,1,1,0,2,1,1,1,0
248000.0,101,-12.054624,-88.347958,172.26504,9.79934,102,-12.053797,-88.343993,176.90028,3.9226,434.179843,3,-1,1,8,77.96088718516725,-102.03994085383434,-94.30415281483275,81.05977914616562,4.635240000000067,0.0002198410000000002,1.1067908523793881,-5.793317386109431,424.63024945952844,90.56095909078742,-1.5522418788501424,434.08090054109016,0,1,1,1,2,0,2,2,1,1,0
249000.0,101,-12.054709,-88.347947,172.292691,9.764604,102,-12.053863,-88.343992,177.07937,4.064804,433.436441,3,-1,1,8,77.6624524806887,-102.33837347502336,-94.63023851931129,80.58225652497663,4.786679000000049,0.00014220399999999956,1.102444355777791,-5.6168674115358845,423.42655576539164,92.6126355277948,-1.6086344423493069,433.33609095299244,0,1,1,1,2,2,2,0,1,1,0
250000.0,101,-12.054806,-88.347939,172.759145,9.882154,102,-12.053918,-88.343993,177.33489,4.151086,432.720201,3,-1,1,8,77.04155257521101,-102.95927150610285,-95.71759242478898,79.70583849389715,4.5757449999999835,8.628200000000064e-05,1.0525350346671205,-5.656748527859396,421.70009383930244,97.03506175297605,-3.136537027097731,432.3349302410378,0,1,1,1,1,2,2,1,1,1,0
251000.0,101,-12.054903,-88.347935,173.407757,9.998568,102,-12.053993,-88.343991,177.457277,4.324252,432.030181,3,-1,1,8,76.7252316084016,-103.27559206101324,-96.6825253915984,79.26713093898672,4.0495200000000295,0.00017316600000000015,0.9560197071420178,-5.612466218235286,420.4863719257836,99.20326768602119,-4.729116356559413,431.1740186306657,0,1,1,1,1,2,2,1,1,1,0
252000.0,101,-12.054999,-88.347924,173.461874,10.075968,102,-12.054042,-88.343994,177.779187,4.374085,431.429345,3,-1,1,8,76.01799080692346,-103.98282994358367,-97.44388319307653,78.23798305641634,4.317313000000013,4.9832999999999575e-05,0.9777941327399357,-5.639637352401524,418.64680175510506,104.24075550067164,-5.395523333207575,430.30047919323437,0,1,1,1,1,2,2,0,1,1,0
253000.0,101,-12.055087,-88.347907,172.889844,10.062863,102,-12.05412,-88.343993,177.85541,4.554044,430.854282,3,-1,1,8,75.82228781131181,-104.17852960327046,-97.0675561886882,77.96606039672952,4.965565999999967,0.0001799590000000002,1.0751359488366108,-5.434625489975357,417.73076219481027,105.5292501341613,-4.003260997127612,430.2688722286066,0,1,1,1,2,2,2,0,1,1,0
254000.0,101,-12.055168,-88.347892,172.510061,9.931748,102,-12.05421,-88.343989,177.868184,4.783798,430.304849,3,-1,1,8,75.91096280143893,-104.08985232152843,-96.59909819856108,78.04196367847157,5.3581230000000915,0.0002297539999999998,1.1166734544544201,-5.066520910144573,417.360681057823,104.74886624619342,-2.367415362029956,430.1243804380393,0,1,1,1,2,2,2,0,1,1,0
255000.0,101,-12.05526,-88.347882,172.733453,9.967576,102,-12.05429,-88.343987,177.925706,4.959841,429.7809,3,-1,1,8,75.71353872638132,-104.28727473153441,-97.01991427361868,77.7870192684656,5.192252999999937,0.00017604299999999994,1.0812301900159063,-4.9309300528966675,416.48952557251926,106.05704640988175,-2.8104835489340627,429.53999597112806,0,1,1,1,2,2,2,1,1,1,0
256000.0,101,-12.055347,-88.347874,173.018715,9.924128,102,-12.054353,-88.343989,178.121593,5.042035,429.282281,3,-1,1,8,75.33900396043268,-104.66180741402356,-97.67971103956731,77.21659958597644,5.102878000000032,8.219400000000032e-05,1.0409590438610468,-4.811223968413363,415.3049674391521,108.65109663932422,-3.6820021868676402,428.8891051179446,0,1,1,1,1,2,2,1,1,1,0
257000.0,101,-12.055433,-88.347862,172.907916,9.888526,102,-12.054457,-88.343984,178.053839,5.320019,428.808836,3,-1,1,8,75.56843066796984,-104.4323792507911,-97.33948533203016,77.51378174920887,5.145923000000039,0.000277984,1.0402107805185372,-4.495918634062054,415.2781971737531,106.8692508806548,-2.2442845034684042,428.68005444799644,0,1,1,1,2,2,2,0,1,1,0
258000.0,101,-12.055513,-88.347859,173.486956,9.751577,102,-12.054539,-88.343982,178.08513,5.482033,428.416902,3,-1,1,8,75.5932080693735,-104.40760164595574,-97.89374793062649,77.5072683540443,4.598173999999972,0.0001620140000000001,0.9229358593320257,-4.209669178190357,414.94476453784495,106.59213996308551,-3.494538847038905,428.1452086412679,0,1,1,1,1,2,2,1,1,1,0
259000.0,101,-12.055607,-88.347846,173.287945,9.853039,102,-12.054623,-88.343979,178.102261,5.643117,428.0497,3,-1,1,8,75.41551088425314,-104.58529674842235,-97.87243411574687,77.31244225157764,4.8143159999999625,0.0001610839999999998,0.9647442284917251,-4.145485176795908,414.25681470560863,107.78607117829756,-2.5675091509816705,427.9062151879573,0,1,1,1,2,2,2,0,1,1,0
260000.0,101,-12.055695,-88.347845,174.110668,9.831199,102,-12.054711,-88.343976,178.09067,5.8172,427.707056,3,-1,1,8,75.42272461999283,-104.57808343618849,-98.68794338000717,77.33124656381153,3.980002000000013,0.00017408299999999955,0.8149360272228321,-3.9653390196817213,413.9387680884167,107.64767543068982,-5.402190381239751,427.135009733116,0,1,1,1,1,2,2,1,1,1,0
261000.0,101,-12.055785,-88.347836,174.115468,9.845202,102,-12.054766,-88.34398,178.334955,5.831056,427.388784,3,-1,1,8,74.87892865336133,-105.12187669250099,-99.23653934663866,76.543168307499,4.219487000000072,1.3856000000000534e-05,0.8399397917203321,-3.964729048327828,412.5912001193143,111.48844905685331,-5.746417959789523,426.7391661665448,0,1,1,1,1,2,2,0,1,1,0
262000.0,101,-12.055872,-88.347828,174.151108,9.820958,102,-12.054852,-88.343976,178.307074,5.988109,427.094697,3,-1,1,8,74.84976950878959,-105.15103500733228,-99.3013384912104,76.54189099266773,4.155966000000035,0.00015705299999999945,0.8239011604795943,-3.7843359170198463,412.2505419691865,111.62155191374933,-5.452874418749779,426.5598798657314,0,1,1,1,2,2,2,1,1,1,0
263000.0,101,-12.055961,-88.347818,174.168501,9.833279,102,-12.054924,-88.343976,178.383192,6.071017,426.824599,3,-1,1,8,74.57098216229144,-105.42982027053885,-99.59751883770855,76.18698772946112,4.214691000000016,8.290800000000065e-05,0.827799891168053,-3.7137917841345347,411.4421767434103,113.55427560490668,-5.536816543204693,426.2918195228317,0,1,1,1,2,2,2,0,1,1,0
264000.0,101,-12.056046,-88.347806,173.859713,9.796067,102,-12.054977,-88.343981,178.649099,6.060956,426.578293,3,-1,1,8,74.05153341482549,-105.9492654719185,-99.80817958517451,75.4016355280815,4.789385999999922,-1.006100000000032e-05,0.9049287360187461,-3.6805953495641024,410.15896304227323,117.21205183291079,-4.1370280512970785,426.282106124164,0,1,1,1,2,2,2,0,1,2,0
265000.0,101,-12.056127,-88.347793,173.499393,9.6957,102,-12.05503,-88.343985,178.900489,6.054873,426.355575,3,-1,1,8,73.5867720806838,-106.414023259793,-99.9126209193162,74.68548774020701,5.401095999999939,-6.083000000000283e-06,0.9815000481786146,-3.579604860437601,408.98105859554977,120.47227915020156,-2.13155223093784,426.27985068007087,0,1,1,1,2,2,2,0,1,2,0
266000.0,101,-12.056208,-88.347777,172.948915,9.626541,102,-12.055121,-88.34398,178.77656,6.225693,426.156239,3,-1,1,8,73.68380308515242,-106.31698996342602,-99.26511191484758,74.90645003657397,5.827645000000075,0.00017081999999999997,1.0487713541953296,-3.3294626741105544,408.9931851696922,119.72349194445937,2.4415955960786517,426.0677130415351,0,1,1,1,0,2,2,0,0,1,0
267000.0,101,-12.056294,-88.347766,172.959074,9.616767,102,-12.055173,-88.343985,179.040079,6.205516,425.980074,3,-1,1,8,73.13472677534214,-106.86606293593559,-99.82434722465784,74.09385806406442,6.081005000000005,-2.0176999999999444e-05,1.0748457734511707,-3.3396003883319656,407.6585014365411,123.58628423720455,2.027849303081482,425.91836669923845,0,1,1,1,1,2,2,0,0,1,0
268000.0,101,-12.056384,-88.347767,173.944627,9.644744,102,-12.055225,-88.343989,179.236373,6.187068,427.550493,3,-1,1,8,72.58402863998934,-107.41676044925966,-101.36059836001066,73.34686655074034,5.291745999999989,-1.844800000000024e-05,0.9349622153503193,-3.4044117835276673,407.95026709497745,127.96876041315574,-4.289646427420114,427.27442585929435,0,1,1,1,1,1,2,1,1,0,0
269000.0,101,-12.056475,-88.347755,173.825435,9.708288,102,-12.055268,-88.343996,179.57572,6.124997,425.513831,3,-1,1,8,71.82343323707003,-108.17735188804902,-102.00200176292996,72.24692811195098,5.750285000000076,-6.207100000000043e-05,0.9988485105135654,-3.5271393046969637,404.28056872569067,132.7374932832794,-4.7204478733502215,425.1514628422273,0,1,1,1,1,0,2,0,1,1,0
270000.0,101,-12.056559,-88.347744,173.641082,9.665061,102,-12.055315,-88.344003,179.864934,6.082338,425.277058,3,-1,1,8,71.22076115081393,-108.78002021890111,-102.42032084918608,71.35504578109885,6.223851999999965,-4.265899999999956e-05,1.0561287720697208,-3.523276469755346,402.6378467964896,136.90631975267587,-4.1578226235834626,424.993476670201,0,1,1,1,2,2,2,0,1,1,0
271000.0,101,-12.056652,-88.347739,174.070557,9.749374,102,-12.05535,-88.344013,-179.644813,5.991815,425.299129,3,-1,1,8,70.33769555048687,-109.66308269030054,-103.73286144951314,69.98173030969946,6.284629999999993,-9.052300000000014e-05,1.0442903135676567,-3.705513645715242,400.50083836952786,143.1028566921847,-7.461751307775884,424.3025842601932,0,1,1,1,1,2,2,0,1,1,0
272000.0,101,-12.056742,-88.347726,173.819431,9.795805,102,-12.055418,-88.344013,-179.698713,6.056233,425.343203,3,-1,1,8,69.96715025437724,-110.03362527617531,-103.85228074562276,69.66508772382468,6.481855999999993,6.441799999999987e-05,1.0864841518362764,-3.6827179393791516,399.60839684553196,145.70507715533816,-6.850066495182139,424.506093659513,0,1,1,1,2,2,2,0,1,0,0
273000.0,101,-12.056837,-88.347715,173.785099,9.890635,102,-12.055505,-88.344006,-179.988289,6.206366,425.409117,3,-1,1,8,69.83582705157258,-110.1649476492203,-103.94927194842742,69.82334135077971,6.2266120000000456,0.0001501330000000003,1.0720079517806895,-3.6261403129021703,399.3352622604579,146.64332627873299,-7.144501924761504,424.5251086560129,0,1,1,1,2,2,2,1,1,0,0
274000.0,101,-12.056923,-88.347701,173.386949,9.862382,102,-12.055605,-88.343997,179.604964,6.415961,425.327224,3,-1,1,8,70.00610864625745,-109.99466501610551,-103.38084035374254,70.4003709838945,6.218015000000037,0.0002095950000000002,1.0915500087106367,-3.380954720201194,399.69236101961286,145.42786534262828,-4.313564713434259,425.04136170837364,0,1,1,1,0,2,2,1,1,0,0
275000.0,101,-12.057017,-88.347689,173.350233,9.934651,102,-12.055672,-88.343996,179.605758,6.458591,425.267385,3,-1,1,8,69.57419592684776,-110.42657544295788,-103.77603707315224,69.9676665570421,6.255525000000034,4.262999999999994e-05,1.1059920179022207,-3.4093780913515745,398.5286596522585,148.4158218671868,-4.989707315595246,424.87784866868344,0,1,1,1,2,2,2,0,1,1,0
276000.0,101,-12.057106,-88.347685,173.870944,9.919617,102,-12.055723,-88.344002,179.850454,6.425649,425.228937,3,-1,1,8,68.99465678121327,-111.006112504276,-104.87628721878674,69.14343349572397,5.979510000000005,-3.294200000000025e-05,1.042329359426411,-3.437288635675836,396.97119938658307,152.42544315083236,-8.411266214887,424.12182309249937,0,1,1,1,1,2,2,1,1,1,0
277000.0,101,-12.0572,-88.34768,174.263306,9.980662,102,-12.055783,-88.344004,179.951139,6.434223,425.211582,3,-1,1,8,68.48761972607333,-111.51314810214008,-105.77568627392667,68.53571289785992,5.687832999999955,8.574000000000303e-06,0.9921499601685665,-3.4964557734504167,395.59064327607973,155.9260479181081,-11.40911470604369,423.1311050099603,0,1,1,1,1,2,2,1,1,1,0
278000.0,101,-12.057278,-88.347659,173.228669,9.842233,102,-12.055829,-88.344013,-179.686649,6.37368,425.215062,3,-1,1,8,67.88424776696182,-112.11651379883598,-105.34442123303818,67.570135201164,7.0846820000000434,-6.054300000000001e-05,1.1953267234068397,-3.3999950956435843,393.9299323360203,160.08453192423778,-5.552363776116237,424.7270419215024,0,1,1,1,2,2,2,0,1,0,0
279000.0,101,-12.057371,-88.347651,173.518264,9.897558,102,-12.055899,-88.344011,-179.766164,6.43225,425.23912,3,-1,1,8,67.53444773418542,-112.46631258342035,-105.98381626581457,67.29985141657966,6.715571999999952,5.856999999999957e-05,1.1435518618342957,-3.402095295384191,392.96748713035373,162.49573298037606,-7.898594588880089,424.26148827282066,0,1,1,1,1,2,2,1,1,1,0
280000.0,101,-12.057461,-88.347639,173.357608,9.919497,102,-12.055959,-88.344013,-179.687035,6.444187,425.339562,3,-1,1,8,67.04412436584397,-112.95663303208151,-106.31348363415603,66.7304019679185,6.955356999999964,1.1937000000000531e-05,1.1826087174461855,-3.4088210556365635,391.6550031834996,165.89183669995555,-7.725195850088212,424.3934235524553,0,1,1,1,2,2,2,0,1,0,0
281000.0,101,-12.05755,-88.347617,172.469572,9.938143,102,-12.056043,-88.344007,-179.969981,6.562383,425.229069,3,-1,1,8,66.88430201124294,-113.11645204992692,-105.58526998875706,66.85352895007307,7.560447000000039,0.0001181959999999993,1.3058586969663937,-3.290048424184331,391.08911506164276,166.94030430937852,-3.0077683096901304,425.0897634397791,0,1,1,1,0,2,2,0,1,0,0
282000.0,101,-12.057632,-88.347613,172.992337,9.817539,102,-12.056104,-88.344008,-179.902242,6.573964,425.1391,3,-1,1,8,66.56766738511037,-113.43308563603422,-106.42466961488962,66.46915636396578,7.1054209999999784,1.1581000000000508e-05,1.208976761659469,-3.1702460150235385,390.0780335176971,169.06324886200537,-5.481424573444252,424.71566174040504,0,1,1,1,1,2,2,1,1,1,0
283000.0,101,-12.057725,-88.347594,172.380307,9.909211,102,-12.056193,-88.344,179.743894,6.713324,425.068662,3,-1,1,8,66.44888595306656,-113.55186477596277,-105.93142104693342,66.70424122403722,7.363586999999939,0.00013935999999999994,1.2839246133650064,-3.1084559721342346,389.6621351250312,169.84342161023545,-2.3875384826542834,424.9891690351816,0,1,1,1,2,2,2,0,1,0,0
284000.0,101,-12.057821,-88.347592,173.255228,9.995224,102,-12.056277,-88.343992,179.469813,6.825631,425.246593,3,-1,1,8,66.31987084504699,-113.680881142847,-106.935357154953,66.84930585715301,6.214584999999943,0.00011230699999999949,1.1107467753075022,-3.100710058529101,389.4416541885509,170.79186994992708,-8.769744504233643,424.22583787834293,0,1,1,1,1,2,2,1,1,1,0
285000.0,101,-12.057906,-88.347573,172.570056,9.937566,102,-12.056322,-88.344002,179.890561,6.742529,425.213615,3,-1,1,8,65.60231500986384,-114.39843092430897,-106.96774099013615,65.71100807569104,7.320504999999912,-8.310199999999934e-05,1.2721861940466013,-3.1116106694696226,387.2421885831589,175.64198177740258,-4.661297191652993,424.91152383530505,0,1,1,1,2,2,2,0,1,0,0
286000.0,101,-12.057991,-88.34757,173.255343,9.860669,102,-12.056389,-88.344001,179.855866,6.773857,425.200118,3,-1,1,8,65.34568738629828,-114.65505813472865,-107.90965561370173,65.48907586527139,6.600522999999953,3.132799999999936e-05,1.1410438199917656,-3.0185918192258487,386.4393403724328,177.36904058976282,-8.894773785716366,424.1917553451557,0,1,1,1,1,2,2,1,1,1,0
287000.0,101,-12.058082,-88.347557,173.065733,9.909114,102,-12.056453,-88.344002,179.890423,6.785317,425.20492,3,-1,1,8,64.89424080369743,-115.10650179757766,-108.17149219630257,65.00307520242234,6.824690000000032,1.146000000000047e-05,1.1833560878019709,-3.0513273505436915,385.0341763837482,180.4103849801754,-8.677117265569205,424.216308933717,0,1,1,1,2,2,2,0,1,0,0
288000.0,101,-12.05818,-88.347558,174.100543,10.011265,102,-12.05653,-88.343997,179.691846,6.859677,425.227616,3,-1,1,8,64.64851460656112,-115.35222925337352,-109.45202839343887,64.95592474662647,5.591302999999925,7.435999999999954e-05,0.9920957142009991,-3.098665462443737,384.27741643980033,182.06974659013443,-17.017317039342228,421.4950101444889,0,1,1,1,1,2,2,1,1,1,0
289000.0,101,-12.058265,-88.34755,174.189704,9.934202,102,-12.056576,-88.344007,-179.908424,6.782929,425.267886,3,-1,1,8,64.01257981994654,-115.98816028391941,-110.17712418005347,63.92026371608058,5.901871999999997,-7.674799999999937e-05,1.0165308509608741,-3.1002450291882537,382.2691661816064,186.3412446285801,-17.505729871928203,421.300012225119,0,1,1,1,1,2,2,0,1,1,0
290000.0,101,-12.058355,-88.347537,173.88625,9.960665,102,-12.056633,-88.344009,-179.809653,6.762191,427.044268,3,-1,1,8,63.47629694612653,-116.52444002880677,-110.40995305387347,63.28521297119323,6.3040969999999845,-2.073800000000059e-05,1.0833028261290296,-3.1418591774920577,382.09772838506416,190.70430722621225,-16.50578254370238,423.39208120737084,0,1,1,1,2,1,2,0,1,0,0
291000.0,101,-12.058444,-88.347514,172.808194,9.964753,102,-12.056698,-88.344008,-179.889692,6.784386,425.255378,3,-1,1,8,63.01343673756558,-116.98729564633064,-109.79475726243442,62.90239635366936,7.302114000000046,2.2194999999999966e-05,1.2605624058039455,-3.1019830286049643,378.95058179630365,192.97303716883843,-10.555574046134696,423.72018060820807,0,1,1,1,0,0,2,0,1,0,0
292000.0,101,-12.058531,-88.347508,173.257939,9.920761,102,-12.056785,-88.343997,179.67519,6.903811,425.218124,3,-1,1,8,63.04643422321158,-116.95429921036262,-110.21150477678842,63.370510789637365,6.417250999999965,0.00011942500000000056,1.12555778635498,-2.948456230495845,379.02844771468887,192.7378758860664,-13.940132013157292,422.843311816737,0,1,1,1,2,2,2,1,1,1,0
293000.0,101,-12.058611,-88.347486,172.254702,9.809136,102,-12.056849,-88.343996,179.670103,6.910138,425.192262,3,-1,1,8,62.6948215946932,-117.30590745632261,-109.55988040530681,63.023989543677374,7.415401000000088,6.32699999999975e-06,1.2821865770678846,-2.809623408805048,377.8155442310194,195.04838938605803,-6.495327484834646,424.6938686719665,0,1,1,1,0,2,2,0,1,0,0
294000.0,101,-12.058701,-88.347468,171.774116,9.85695,102,-12.056892,-88.344007,-179.884535,6.821025,425.183433,3,-1,1,8,61.87705264743669,-118.12367034950942,-109.8970633525633,61.760864650490575,8.341348999999951,-8.911300000000022e-05,1.4240396072702237,-2.9345275498924597,374.9854910698426,200.4166489710235,-4.949675311230084,424.85964345161875,0,1,1,1,2,2,2,0,1,0,0
295000.0,101,-12.058786,-88.347458,172.022029,9.811658,102,-12.056965,-88.344002,179.928424,6.87174,425.191893,3,-1,1,8,61.684700000811375,-118.31602195630849,-110.33732899918863,61.75555404369152,7.906394999999975,5.071500000000029e-05,1.353198680002904,-2.844961275409484,374.3179907572681,201.67842638310418,-6.59539860249165,424.6562323464699,0,1,1,1,2,2,2,1,1,1,0
296000.0,101,-12.058876,-88.347443,171.846412,9.837865,102,-12.057033,-88.344,179.840665,6.899289,425.278146,3,-1,1,8,61.305578281927275,-118.69514096415276,-110.54083371807272,61.46419403584724,7.994252999999958,2.75489999999996e-05,1.3760897750143661,-2.839156045205975,373.05097607086367,204.1922396120215,-6.484727909330122,424.75777067405784,0,1,1,1,2,2,2,0,1,0,0
297000.0,101,-12.058966,-88.347429,171.710694,9.881108,102,-12.057093,-88.344002,179.924749,6.888866,425.380531,3,-1,1,8,60.80071891041766,-119.19999699761452,-110.90997508958233,60.875254002385475,8.21405500000003,-1.0422999999999405e-05,1.4155265600084739,-2.8890171927856647,371.3266606235833,207.52134170725714,-6.9409812152272705,424.76019287279274,0,1,1,1,2,2,2,0,1,2,0
298000.0,101,-12.059056,-88.347409,171.200681,9.915593,102,-12.057153,-88.344004,-179.981359,6.877375,425.275623,3,-1,1,8,60.25267962371193,-119.74803169285309,-110.94800137628808,60.23332730714691,8.817959999999971,-1.1491000000000361e-05,1.5190663529792645,-2.92151381471239,369.2336607641694,211.01151455958134,-4.969941635341235,424.940809390003,0,1,1,1,2,2,2,0,1,0,0
299000.0,101,-12.059151,-88.347394,171.201548,10.004989,102,-12.05723,-88.343997,179.734,6.950578,425.187342,3,-1,1,8,59.961376913941706,-120.03933273636598,-111.2401710860583,60.226667263634,8.532452000000035,7.320300000000035e-05,1.4980860094927348,-2.936752340664741,368.07964649050933,212.84184183671834,-6.567451854965902,424.60062597076154,0,1,1,1,2,2,2,1,1,1,0
300000.0,101,-12.059234,-88.347372,170.480317,9.92612,102,-12.057296,-88.343996,179.709773,6.964937,425.113358,3,-1,1,8,59.587248820671824,-120.41345644691538,-110.8930681793282,59.87677055308461,9.229456000000027,1.435899999999979e-05,1.606365273136612,-2.8245782076956854,366.6181978071029,215.2033089585477,-1.7301856477695008,425.0734641209671,0,1,1,1,2,2,2,0,1,0,0
301000.0,101,-12.059309,-88.347357,170.342715,9.74301,102,-12.057338,-88.344011,-179.706196,6.863897,425.0531,3,-1,1,8,58.93759962171094,-121.06309938205217,-111.40511537828905,58.64309661794783,9.951088999999996,-0.00010104000000000024,1.669630375579326,-2.7411331663152856,364.1029799202603,219.3152020102494,0.6315990128694698,425.0479110725377,0,1,1,1,1,2,2,0,0,1,0
302000.0,101,-12.059393,-88.347348,170.763781,9.686092,102,-12.057397,-88.344014,-179.5873,6.84955,425.280562,3,-1,1,8,58.52587698392916,-121.47481951700067,-112.23790401607084,58.11248048299933,9.648919000000006,-1.4346999999999888e-05,1.6040044956075206,-2.7111395076107945,362.7116092162423,222.0446913456832,-1.9685565584655305,425.23225273505864,0,1,1,1,1,2,2,1,1,0,0
303000.0,101,-12.059484,-88.347335,170.950635,9.749572,102,-12.057453,-88.344019,-179.402542,6.82397,425.299598,3,-1,1,8,57.94125251989054,-122.05944022484167,-113.00938248010947,57.343101775158345,9.646822999999955,-2.5579999999999714e-05,1.6046215512232924,-2.8046219572868774,360.4432400766937,225.74414442455986,-5.079236354475548,424.9622426633441,0,1,1,1,1,2,2,1,1,1,0
304000.0,101,-12.059567,-88.347313,170.244073,9.711389,102,-12.057526,-88.344015,-179.623031,6.876356,425.333282,3,-1,1,8,57.673758929362826,-122.3269300593713,-112.57031407063715,57.29610094062869,10.132896000000045,5.238600000000027e-05,1.690850618737941,-2.694740921708333,359.4138602937022,227.4424714200728,-0.49372691289625525,425.33016526399797,0,1,1,1,2,2,2,0,1,0,0
305000.0,101,-12.059654,-88.347306,170.863414,9.694179,102,-12.057587,-88.344017,-179.554276,6.872771,425.379055,3,-1,1,8,57.2739730877701,-122.72671402495534,-113.5894409122299,56.827561975044645,9.582309999999978,-3.5850000000001715e-06,1.5927897323498443,-2.6986221744561796,357.856633254637,229.96949899573474,-4.985922463008107,425.0726635590853,0,1,1,1,1,2,2,1,1,1,0
306000.0,101,-12.05974,-88.347287,170.500704,9.696351,102,-12.057654,-88.344016,-179.621568,6.894931,425.436331,3,-1,1,8,56.8913689612284,-123.10931439533162,-113.6093350387716,56.51225360466837,9.877727999999962,2.2159999999999513e-05,1.6457819027970375,-2.668610435239989,356.3609747206633,232.3852995154391,-3.3044275037033497,425.30106789879454,0,1,1,1,2,2,2,0,1,0,0
307000.0,101,-12.059838,-88.347278,171.098555,9.847556,102,-12.057727,-88.344011,-179.830885,6.944704,425.504747,3,-1,1,8,56.54606373882123,-123.45461878681913,-114.55249126117877,56.37626621318087,9.070559999999972,4.977300000000007e-05,1.5442626103509818,-2.784277928843985,355.011073430952,234.5664670427919,-10.01885195353472,424.2292991728145,0,1,1,1,1,2,2,1,1,1,0
308000.0,101,-12.059927,-88.347272,171.800878,9.850811,102,-12.057809,-88.344,179.764958,7.035821,425.365312,3,-1,1,8,56.4991003925821,-123.50158318244135,-115.3017776074179,56.73345881755864,7.964079999999967,9.111700000000056e-05,1.375998595027587,-2.7143583133022604,354.7024166062098,234.78041721270571,-15.649782943310788,422.5324725934087,0,1,1,1,1,2,2,1,1,1,0
309000.0,101,-12.06002,-88.34726,171.857182,9.914314,102,-12.057897,-88.343987,179.271351,7.149334,425.237721,3,-1,1,8,56.44494715500132,-123.55573663401198,-115.41223484499866,57.172912365988,7.414169000000015,0.0001135129999999993,1.3133559189944048,-2.6656028399469998,354.3740263472498,235.04503570956902,-17.715641058062435,421.7699248690997,0,1,1,1,2,2,2,1,1,1,0
310000.0,101,-12.060107,-88.347243,171.550756,9.895986,102,-12.057929,-88.344012,-179.750385,6.997562,425.336134,3,-1,1,8,55.42162156671433,-124.57905345098838,-116.12913443328569,55.17133154901161,8.698859000000027,-0.00015177199999999935,1.4845346383787006,-2.7910834679246896,350.2007593059643,241.39232603293755,-14.94737736902659,422.5447774671436,0,1,1,1,1,2,2,0,1,0,0
311000.0,101,-12.060193,-88.347236,172.008603,9.857296,102,-12.057972,-88.344029,-179.091731,6.900474,425.22479,3,-1,1,8,54.6951600834769,-125.30550992371141,-117.31344291652309,53.7862210762886,8.899665999999996,-9.708800000000029e-05,1.479788456261624,-2.8619643590647454,347.0211775890712,245.74870159420658,-17.820445157246482,421.12684246670307,0,1,1,1,1,2,2,0,1,1,0
312000.0,101,-12.060286,-88.347221,171.892521,9.930816,102,-12.058034,-88.34403,-179.099481,6.898904,427.035154,3,-1,1,8,54.18384943102681,-125.81681723765736,-117.70867156897319,53.28266376234264,9.007998000000015,-1.5700000000000714e-06,1.5089733237952134,-2.933508128801405,346.2823360190947,249.89511102252973,-18.848502154338302,422.2422561870427,0,1,1,1,2,1,2,0,1,0,0
313000.0,101,-12.060381,-88.347196,171.010228,10.035436,102,-12.058107,-88.344023,-179.407047,6.94967,425.136244,3,-1,1,8,53.76472043660491,-126.23594247601733,-117.24550756339511,53.17110452398268,9.58272500000001,5.076600000000031e-05,1.640039371312191,-2.9628653728309144,342.9134051478078,251.29906989951823,-15.396772796862003,421.72233782574693,0,1,1,1,2,0,2,0,1,1,0
314000.0,101,-12.060463,-88.347181,170.869373,9.925172,102,-12.05817,-88.344023,-179.419366,6.952517,425.139659,3,-1,1,8,53.40727144784132,-126.59338833487084,-117.46210155215869,52.82597766512916,9.711261000000007,2.847000000000044e-06,1.6454398701680504,-2.8472513717469283,341.3417140718829,253.435522153279,-14.317278705165458,422.351464946509,0,1,1,1,2,2,2,0,1,0,0
315000.0,101,-12.060551,-88.347152,169.684851,9.954867,102,-12.058238,-88.344021,-179.535961,6.974626,425.131573,3,-1,1,8,52.932475641425036,-127.06817850447747,-116.75237535857497,52.46778249552251,10.779188000000033,2.210899999999949e-05,1.839028796094939,-2.8195764796587337,339.2234093037923,256.2505276907076,-8.37320993446306,424.12129799629804,0,1,1,1,0,2,2,0,1,0,0
316000.0,101,-12.060642,-88.347132,169.381673,9.99696,102,-12.058296,-88.344027,-179.340966,6.949807,425.133142,3,-1,1,8,52.31043536749367,-127.69021335031199,-117.07123763250634,51.650752649688016,11.277361000000013,-2.4818999999999923e-05,1.922034418901009,-2.876429381308683,336.4226916434239,259.9191431468369,-8.108729456577896,424.1306036465938,0,1,1,1,2,2,2,0,1,2,0
317000.0,101,-12.06073,-88.347115,169.37833,9.984329,102,-12.058347,-88.344038,-178.911545,6.894867,425.146109,3,-1,1,8,51.62346422758152,-128.37717864390487,-117.75486577241848,50.53436635609512,11.710125000000005,-5.494000000000021e-05,1.9713171967399468,-2.9196316816469894,333.2923436607403,263.9420914802542,-8.802222428687918,423.92344726057047,0,1,1,1,1,2,2,0,1,1,0
318000.0,101,-12.06081,-88.34711,170.222306,9.842396,102,-12.058421,-88.344032,-179.211618,6.94969,425.227978,3,-1,1,8,51.56237889024637,-128.43826419422462,-118.65992710975362,50.77335380577537,10.56607600000001,5.482300000000073e-05,1.7671170618785372,-2.7503941229475064,333.07488179979663,264.3481726587494,-12.500357906498131,423.1155250929146,0,1,1,1,1,2,2,1,1,1,0
319000.0,101,-12.060898,-88.34709,169.84937,9.860812,102,-12.0585,-88.344023,-179.596355,7.026883,425.284431,3,-1,1,8,51.3574073682257,-128.64323342239993,-118.4919626317743,50.95312157760006,10.55427499999999,7.71929999999994e-05,1.7873397339817987,-2.679760279546959,332.1711589191789,265.57328260441284,-10.934646621284422,423.70687053430913,0,1,1,1,2,2,2,1,1,0,0
320000.0,101,-12.060993,-88.347092,171.383605,9.909283,102,-12.058572,-88.344022,-179.659108,7.065687,425.997293,3,-1,1,8,51.117740816873926,-128.88290060492702,-120.26586418312607,50.77620739507299,8.957287000000008,3.880399999999984e-05,1.526629987216032,-2.7318804459274757,331.61228948533994,267.4078964907711,-22.20823883629243,419.9314681705418,0,1,1,1,1,2,2,1,1,1,0
321000.0,101,-12.061081,-88.347094,172.63046,9.873327,102,-12.058642,-88.344022,-179.66903,7.094795,427.200749,3,-1,1,8,50.92844422323368,-129.0721976205688,-121.70201577676632,50.59683237943119,7.700510000000037,2.91080000000008e-05,1.3074186196346291,-2.697091687836984,331.66132037435295,269.2605587784847,-31.793404094525844,415.9036189526872,0,1,1,1,1,1,2,1,1,1,0
322000.0,101,-12.061171,-88.347086,172.950861,9.887435,102,-12.058714,-88.34402,-179.764421,7.134319,426.870344,3,-1,1,8,50.66722298810261,-129.33341760630776,-122.2836380118974,50.43100339369224,7.28471799999997,3.9523999999999224e-05,1.2427249849580382,-2.6784398225487154,330.1747119247874,270.5604372262544,-35.24902956839669,413.3870365355841,0,1,1,1,1,2,2,1,1,1,0
323000.0,101,-12.061251,-88.347078,173.099882,9.766969,102,-12.058792,-88.344013,179.988154,7.195975,426.577598,3,-1,1,8,50.63519266360708,-129.36544772601437,-122.46468933639292,50.6463982739856,6.888272000000029,6.165600000000016e-05,1.171904969851456,-2.500252920379495,329.79707893494583,270.55929819806,-37.169259020120464,413.45604841798985,0,1,1,1,2,2,2,1,1,0,0
324000.0,101,-12.061336,-88.347066,173.004965,9.723776,102,-12.058853,-88.34402,-179.779193,7.179666,426.512371,3,-1,1,8,50.18691274531636,-129.81372367831153,-122.81805225468364,49.96546932168846,7.215842000000038,-1.6308999999999684e-05,1.2118628473490092,-2.471786417062466,327.62005785964055,273.08954631052325,-35.836825384104515,414.39238707997254,0,1,1,1,2,2,2,0,1,0,0
325000.0,101,-12.061425,-88.347048,172.445846,9.757464,102,-12.058914,-88.344027,-179.518467,7.158265,426.403496,3,-1,1,8,49.63774120476394,-130.36288999927945,-122.80810479523605,49.15557700072054,8.035687000000053,-2.1401000000000004e-05,1.3429073298931897,-2.5147672575768416,324.9045672222679,276.14663423466317,-30.952245084242122,416.68586569781957,0,1,1,1,2,2,2,0,1,0,0
326000.0,101,-12.061504,-88.34703,171.835455,9.652232,102,-12.058966,-88.344042,-178.978263,7.099786,426.257679,3,-1,1,8,49.02376964683603,-130.9768546656046,-122.81168535316397,48.00140833439539,9.186281999999977,-5.847900000000017e-05,1.4973769604857359,-2.455742734095889,321.8167415877657,279.5167145991457,-24.03727243219113,420.28845370294425,0,1,1,1,2,2,2,0,1,0,0
327000.0,101,-12.061586,-88.347016,171.655183,9.603569,102,-12.058998,-88.344078,-177.605829,6.954261,426.078614,3,-1,1,8,47.98928279362199,-132.01133107465608,-123.66590020637801,45.594497925343916,10.738988000000035,-0.00014552500000000014,1.6842749336012122,-2.5537013663186086,316.584783174136,285.161463684605,-20.32022880315068,421.2862898055895,0,1,1,1,1,2,2,0,1,0,0
328000.0,101,-12.061669,-88.346996,171.051097,9.572401,102,-12.059058,-88.344086,-177.407951,6.940707,425.869342,3,-1,1,8,47.463861818219364,-132.53674620328547,-123.58723518178064,44.87120479671452,11.540951999999976,-1.3554000000000065e-05,1.8029101936001073,-2.522274892532998,313.80228246246287,287.91113902880113,-16.235683014603044,422.7162014557406,0,1,1,1,2,2,2,0,1,0,0
329000.0,101,-12.061761,-88.346978,170.780114,9.671191,102,-12.059129,-88.344083,-177.634174,6.979585,425.841989,3,-1,1,8,47.08750276928472,-132.9131021221065,-123.69261123071527,44.72107187789351,11.585711999999972,3.887800000000041e-05,1.8376701906219965,-2.5726103193731014,311.8842897355752,289.9475632103362,-16.782112555827027,422.3235761891951,0,1,1,1,2,2,2,0,1,1,0
330000.0,101,-12.06184,-88.346951,169.624078,9.593798,102,-12.059198,-88.344083,-177.767557,7.006801,425.787806,3,-1,1,8,46.71124855578729,-133.28935069776878,-122.9128294442127,44.47820630223123,12.608364999999935,2.721600000000013e-05,2.0008388780355193,-2.4354300001038345,309.9340890531756,291.9522498304677,-8.82618481932083,424.811208129941,0,1,1,1,0,2,2,0,1,0,0
331000.0,101,-12.061925,-88.34695,170.861012,9.560988,102,-12.05926,-88.34409,-177.56899,6.999263,425.804364,3,-1,1,8,46.38338255473523,-133.61721503082697,-124.47762944526477,43.951774969173044,11.569998000000027,-7.5380000000002665e-06,1.8154546380405072,-2.446656602279842,308.2703608903178,293.73243096055586,-16.636666949895996,422.5962297548851,0,1,1,1,1,2,2,1,1,1,0
332000.0,101,-12.062018,-88.346952,172.264921,9.631689,102,-12.059315,-88.344107,-177.010174,6.964027,426.294394,3,-1,1,8,45.82754629821154,-134.17304815676763,-126.43737470178846,42.83712584323237,10.724905000000035,-3.523600000000027e-05,1.6595908991644261,-2.5895024338764694,305.7578224628304,297.050609086424,-27.119754158955658,417.71467461856895,0,1,1,1,1,2,2,1,1,1,0
333000.0,101,-12.062101,-88.346939,172.1347,9.586681,102,-12.059392,-88.344101,-177.415446,7.031183,429.067174,3,-1,1,8,45.693489756968404,-134.30710323924416,-126.4412102430316,43.108342760755846,10.449853999999931,6.715600000000066e-05,1.628947823493671,-2.4724638918411532,307.0462069964722,299.70196291220026,-26.863217139484114,421.29014894460533,0,1,1,1,2,1,2,1,1,0,0
334000.0,101,-12.062185,-88.346918,171.339518,9.58799,102,-12.059469,-88.344095,-177.770003,7.090141,428.369854,3,-1,1,8,45.46777894608997,-134.53281091978118,-125.87173905391003,43.23719208021882,10.890479,5.895799999999962e-05,1.7196341802034982,-2.393896032145907,305.36609373097724,300.42017344956264,-21.725510011051206,423.28410178393864,0,1,1,1,0,2,2,0,1,0,0
335000.0,101,-12.062275,-88.346895,170.566256,9.667628,102,-12.059541,-88.344092,-177.982783,7.129884,427.797638,3,-1,1,8,45.0748714391519,-134.92571425159085,-125.4913845608481,43.057068748409165,11.450960999999921,3.974299999999964e-05,1.8355621375161826,-2.4114154979761926,302.893643425205,302.10306163788505,-18.188188620927832,423.9971072821688,0,1,1,1,2,2,2,0,1,0,0
336000.0,101,-12.062369,-88.346878,170.517977,9.784093,102,-12.059619,-88.344084,-178.360797,7.189752,427.369055,3,-1,1,8,44.81556533544131,-135.18501847884255,-125.7024116645587,43.17577852115744,11.121226000000036,5.98680000000007e-05,1.817480385660839,-2.4636064597600438,301.2212277537285,303.1667546452438,-20.575606377580836,422.3811990976396,0,1,1,1,2,2,2,1,1,1,0
337000.0,101,-12.062458,-88.346851,169.516761,9.835322,102,-12.059693,-88.344079,-178.631205,7.235568,427.079825,3,-1,1,8,44.433286769486756,-135.5672924517019,-125.08347423051325,43.063912548298106,11.852034000000032,4.5815999999999414e-05,1.9623571319593116,-2.4376492169093487,298.9893200388819,304.96321651097156,-15.380376565173398,424.1397084461377,0,1,1,1,0,2,2,0,1,0,0
338000.0,101,-12.062538,-88.346828,168.918107,9.755855,102,-12.059761,-88.344081,-178.636466,7.248436,426.934519,3,-1,1,8,44.049811319000625,-135.95076268176794,-124.86829568099937,42.68570331823207,12.445427000000024,1.2868000000000101e-05,2.047674002827234,-2.327558518432446,296.84051870144816,306.85304295511975,-10.609424659663773,425.55546734722026,0,1,1,1,2,2,2,0,1,0,0
339000.0,101,-12.062623,-88.34681,168.836991,9.723919,102,-12.059833,-88.344078,-178.787032,7.278704,426.796518,3,-1,1,8,43.759357912982736,-136.24121295714298,-125.07763308701728,42.54581904285703,12.375976999999978,3.0268000000000405e-05,2.0366410918499143,-2.2628728975313415,295.18571434546345,308.2542162295315,-9.95392275890624,425.62356655311163,0,1,1,1,2,2,2,1,1,0,0
340000.0,101,-12.062711,-88.346802,169.593096,9.736931,102,-12.059907,-88.344076,-178.937038,7.314568,426.813249,3,-1,1,8,43.553197292014666,-136.4473723281376,-126.03989870798534,42.48966567186241,11.46986599999994,3.5864000000000116e-05,1.8945498967844323,-2.2634464177314175,294.0861793365294,309.3264758231643,-15.762186276001831,424.0597762562701,0,1,1,1,1,2,2,1,1,1,0
341000.0,101,-12.062799,-88.346786,169.644096,9.756353,102,-12.060001,-88.344056,-179.700342,7.447642,427.113991,3,-1,1,8,43.65643748376788,-136.34413297642428,-125.9876585162321,43.35620902357573,10.655562000000003,0.00013307399999999968,1.7927737815688534,-2.149882947671509,294.8506831876436,309.0136500734683,-16.599668824223226,424.3571707029488,0,1,1,1,2,2,2,1,1,0,0
342000.0,101,-12.062888,-88.346799,172.058815,9.712652,102,-12.060099,-88.344038,179.631607,7.59328,426.698322,3,-1,1,8,44.07186961491395,-135.9287073274486,-127.98694538508606,44.43968567255138,7.5727920000000495,0.00014563799999999994,1.2930440750215624,-2.026388607589655,296.79434280227423,306.56903966020747,-39.79854734754562,415.11757129949683,0,1,1,1,1,2,2,1,1,1,0
343000.0,101,-12.06297,-88.346815,174.336892,9.601218,102,-12.060179,-88.344035,179.561277,7.647704,429.150697,3,-1,1,8,44.24771791789921,-135.7528629985885,-130.08917408210078,44.68586000141147,5.224384999999984,5.4424000000000026e-05,0.8888797130641316,-1.9068776726936463,299.4450182097973,307.41340537608306,-70.87958989836591,401.29858987449614,0,1,1,1,1,1,2,1,1,1,0
344000.0,101,-12.063056,-88.346824,175.800574,9.573807,102,-12.060259,-88.344032,179.468654,7.696425,430.786034,3,-1,1,8,44.309564308333655,-135.69101911967113,-131.49100969166636,44.84032688032892,3.6680800000000318,4.872099999999957e-05,0.6296991101306897,-1.8520092995847497,300.9190125547834,308.2602065990731,-98.47218065259347,384.1404647396751,0,1,1,1,1,1,2,1,1,1,0
345000.0,101,-12.063152,-88.346812,175.457786,9.720624,102,-12.060318,-88.344049,-179.927665,7.647491,430.334177,3,-1,1,8,43.63440450849553,-136.36617286319634,-131.82338149150448,43.56149213680365,4.614549000000068,-4.893400000000003e-05,0.7794658115046045,-2.04260910878118,296.9539339012631,311.4576456515904,-83.58262774950936,388.4898087713084,0,1,1,1,2,2,2,0,1,0,0
346000.0,101,-12.063237,-88.346807,175.582855,9.681293,102,-12.060389,-88.344051,-179.848262,7.656284,429.587935,3,-1,1,8,43.4208349740357,-136.57974093856927,-132.1620200259643,43.26852106143073,4.568883,8.793000000000717e-06,0.7659041419720028,-1.99627999291038,295.27798718992756,312.0203585964051,-85.70285494590362,387.45858951284333,0,1,1,1,2,2,2,1,1,1,0
347000.0,101,-12.063324,-88.346774,173.394388,9.708858,102,-12.060458,-88.344055,-179.714309,7.65314,428.907146,3,-1,1,8,42.854330133557504,-137.1462380508953,-130.54005786644248,42.56807094910468,6.891303000000079,-3.1440000000007016e-06,1.1550134279235185,-1.9913609137207304,291.7155125428687,314.42550728545666,-53.28229481346189,410.10783809279405,0,1,1,1,0,2,2,0,1,0,0
348000.0,101,-12.063415,-88.346749,172.228442,9.783236,102,-12.060531,-88.344053,-179.795627,7.672697,428.498649,3,-1,1,8,42.43302797736988,-137.56753540456256,-129.79541402263013,42.228091595437434,7.975931000000031,1.9557000000000714e-05,1.3502940931348595,-2.0207296543180764,289.1200175272174,316.26050600713126,-40.84691524236418,416.1136079127165,0,1,1,1,0,2,2,0,1,0,0
349000.0,101,-12.0635,-88.34673,171.66922,9.759284,102,-12.060601,-88.344055,-179.753848,7.673994,428.154113,3,-1,1,8,42.06210331010148,-137.93845568701556,-129.60711668989853,41.81539231298444,8.576932,1.2970000000001036e-06,1.4469694793425585,-1.9823817949667975,286.83573104807937,317.8697970442153,-34.53969332444181,419.098127115839,0,1,1,1,2,2,2,0,1,0,0
350000.0,101,-12.063578,-88.346697,169.928648,9.683809,102,-12.060676,-88.344049,-179.940044,7.701411,427.890368,3,-1,1,8,41.74370796049305,-138.25684539787642,-128.18494003950696,41.68319860212358,10.131307999999933,2.7416999999999802e-05,1.7015097626386138,-1.8331818917903178,284.88929248858193,319.2620523214913,-15.395920620234184,426.0019685605504,0,1,1,1,0,2,2,0,1,0,0
351000.0,101,-12.063666,-88.346678,169.653466,9.705225,102,-12.060756,-88.344039,179.705321,7.749459,427.516618,3,-1,1,8,41.56849931079177,-138.4320521706189,-128.08496668920824,41.8626268293811,10.051855000000046,4.8047999999999646e-05,1.7032142267667099,-1.7980566369642101,283.66368018314444,319.8521145953434,-14.331535403144102,425.9038882316407,0,1,1,1,2,2,2,1,1,1,0
352000.0,101,-12.063754,-88.346658,169.296184,9.742391,102,-12.060829,-88.344036,179.618669,7.767831,427.43135,3,-1,1,8,41.238675227894475,-138.7618727045649,-128.05750877210554,41.619458295435095,10.322484999999915,1.8372000000000277e-05,1.7577760635118815,-1.8052186116669713,281.7615481099149,321.415601627436,-12.766612208680412,426.1023368848531,0,1,1,1,2,2,2,0,1,0,0
353000.0,101,-12.063837,-88.346641,169.213802,9.695563,102,-12.060887,-88.344057,-179.656172,7.706257,427.525555,3,-1,1,8,40.58337371357059,-139.41716628095799,-128.6304282864294,40.23900571904201,11.130026000000015,-6.157400000000023e-05,1.8607175260759592,-1.818147044160348,278.1284008700241,324.6886089895074,-10.28572888147604,426.61018133784563,0,1,1,1,1,2,2,0,1,0,0
354000.0,101,-12.063932,-88.346638,170.516821,9.791527,102,-12.060971,-88.344047,179.991519,7.773788,429.725949,3,-1,1,8,40.554590312548605,-139.44595114875355,-129.96223068745138,40.56252985124644,9.474698000000103,6.753099999999978e-05,1.612082141849331,-1.8839282143717018,279.3958886755707,326.5001204213234,-25.733046708576442,424.56965285230035,0,1,1,1,1,1,2,1,1,1,0
355000.0,101,-12.064013,-88.346638,171.647803,9.670243,102,-12.061032,-88.344064,-179.419326,7.729812,432.517957,3,-1,1,8,40.17812902992181,-139.82240888187417,-131.4696739700782,39.596917118125845,8.93287099999992,-4.397599999999979e-05,1.483014147921891,-1.8382640992837835,279.04591664272425,330.4620394727292,-33.58336291064619,424.6843969379329,0,1,1,1,1,1,2,1,1,0,0
356000.0,101,-12.064104,-88.346642,173.096337,9.694238,102,-12.061113,-88.344056,-179.745306,7.783293,434.280926,3,-1,1,8,40.214903443741555,-139.78563697961158,-132.88143355625846,39.95966902038842,7.158357000000052,5.3480999999999666e-05,1.1998489439880677,-1.8407353722115687,280.39623323507703,331.6291227787418,-55.27541224554068,416.00389094029373,0,1,1,1,1,1,2,1,1,1,0
357000.0,101,-12.06418,-88.346637,173.456909,9.533437,102,-12.061195,-88.344044,179.850792,7.841484,434.043448,3,-1,1,8,40.34803653362968,-139.6525053560774,-133.10887246637031,40.49670264392262,6.39388299999996,5.819100000000077e-05,1.0659186761059491,-1.629882945244348,281.01230245068814,330.7957082900134,-61.538449589339976,416.2507240266594,0,1,1,1,2,2,2,1,1,0,0
358000.0,101,-12.064267,-88.346618,172.669534,9.565045,102,-12.061272,-88.344038,179.667993,7.866778,433.140488,3,-1,1,8,40.111544503541886,-139.88899467300533,-132.5579894964581,40.443012326994676,6.998459000000025,2.5293999999999704e-05,1.174838645558435,-1.6202214549111869,279.06277488019504,331.26220735399886,-50.55085113010648,420.39195453436884,0,1,1,1,0,2,2,0,1,0,0
359000.0,101,-12.064341,-88.346602,172.153953,9.404852,102,-12.061336,-88.344047,179.963339,7.832961,432.271405,3,-1,1,8,39.74295031736868,-140.25758363761489,-132.4110026826313,39.779077362385124,7.809386000000018,-3.3816999999999985e-05,1.278860981997622,-1.4838486089095282,276.3703015086007,332.38234613877916,-35.22385066794173,426.3489015743935,0,1,1,1,2,2,2,0,1,0,0
360000.0,101,-12.064424,-88.346583,171.492199,9.404261,102,-12.061412,-88.344039,179.71286,7.85962,431.669599,3,-1,1,8,39.55599043886465,-140.4445412207627,-131.93620856113535,39.84259877923728,8.22066099999995,2.6658999999999543e-05,1.3519160002714603,-1.4412526669220513,274.9009974499621,332.81839537777466,-26.649208347037185,428.19839220429213,0,1,1,1,2,2,2,0,1,0,0
361000.0,101,-12.064498,-88.346563,170.774685,9.282743,102,-12.061495,-88.344024,179.203427,7.918404,431.088137,3,-1,1,8,39.584824910033845,-140.41570570803205,-131.18986008996615,40.380867291967945,8.428742000000057,5.878400000000017e-05,1.3780998552893085,-1.2450368800056415,274.69793648532084,332.2318852139834,-9.750750750295632,430.6748438297001,0,1,1,1,0,2,2,0,1,0,0
362000.0,101,-12.064587,-88.346535,169.60522,9.399953,102,-12.061547,-88.344049,-179.918213,7.823052,430.549872,3,-1,1,8,38.64977560387537,-141.3507439408977,-130.95544439612462,38.56746905910231,10.47656699999996,-9.53520000000001e-05,1.7071961801674362,-1.4226361251104107,268.9034985669376,336.25005685899504,-3.740001540945804,430.46251431388094,0,1,1,1,2,2,2,0,1,1,0
363000.0,101,-12.064672,-88.346515,169.330879,9.429266,102,-12.061637,-88.344027,179.347215,7.912534,430.238492,3,-1,1,8,38.71826259715079,-141.2822573692994,-130.61261640284923,39.37052763070062,10.016336000000024,8.948200000000028e-05,1.6555586892093799,-1.3542391525674864,269.1104684647063,335.68544168781045,-1.891689118748995,430.21763681614937,0,1,1,1,2,2,2,1,1,1,0
364000.0,101,-12.064761,-88.346502,169.595156,9.494696,102,-12.061739,-88.343995,178.328773,8.061612,429.953357,3,-1,1,8,39.051430226894134,-140.94909371446073,-130.54372577310588,40.72213328553926,8.733616999999981,0.00014907800000000027,1.4796528379687934,-1.2803843223764027,270.8782356019064,333.893501992428,-6.637584099904448,429.7371809525961,0,1,1,1,2,2,2,1,1,1,0
365000.0,101,-12.06485,-88.34649,170.049917,9.556594,102,-12.061805,-88.34401,178.877135,8.029043,428.882538,3,-1,1,8,38.53633942609745,-141.4641788757475,-131.51357757390255,39.65868612425248,8.827217999999903,-3.2569000000000514e-05,1.4939445007948686,-1.3853488676361003,267.19848520956947,335.4775713859765,-15.082560206480448,427.6756824922715,0,1,1,1,1,0,2,0,1,1,0
366000.0,101,-12.064934,-88.346496,171.731804,9.491187,102,-12.06188,-88.344012,179.005673,8.040534,431.433379,3,-1,1,8,38.498930380218816,-141.50158876097296,-133.2328736197812,39.49273823902706,7.273868999999991,1.1490999999999474e-05,1.2253675847061405,-1.3532101438157778,268.5672898593028,337.64829532071815,-36.89536417237073,425.72275926372566,0,1,1,1,1,1,2,1,1,1,0
367000.0,101,-12.065014,-88.346496,172.78459,9.402926,102,-12.06195,-88.34402,179.298115,8.026154,433.290399,3,-1,1,8,38.31776223170816,-141.68275524070273,-134.46682776829186,39.01912975929724,6.513525000000072,-1.4379999999999171e-05,1.0826885359692975,-1.3029120439724302,268.64970545811957,339.9527991101776,-51.27111998261705,423.9002581356027,0,1,1,1,1,1,2,1,1,1,0
368000.0,101,-12.0651,-88.346492,173.410998,9.410542,102,-12.062027,-88.344016,179.221013,8.046493,433.2368,3,-1,1,8,38.23603205539496,-141.76448542045517,-135.17496594460505,39.0145015795448,5.810014999999908,2.0338999999999884e-05,0.9704306203741293,-1.3026342569628007,268.1313304464057,340.2935710636926,-67.34597642948577,418.33317845380185,0,1,1,1,1,2,2,1,1,1,0
369000.0,101,-12.065183,-88.346472,172.491182,9.410563,102,-12.062112,-88.344002,178.786882,8.104754,432.234808,3,-1,1,8,38.186589356430844,-141.81392686899738,-134.30459264356915,39.399191131002624,6.295700000000011,5.8260999999999895e-05,1.0581725131916535,-1.2269277550850841,267.21812248983355,339.737257685708,-49.26328764962009,424.25014495048595,0,1,1,1,0,0,2,0,1,0,0
370000.0,101,-12.065262,-88.346442,170.848377,9.371846,102,-12.06217,-88.344021,179.461748,8.033876,431.442357,3,-1,1,8,37.44141352842768,-142.55909245890396,-133.4069634715723,37.97915954109601,8.613370999999916,-7.087800000000044e-05,1.4150988348733557,-1.2190294015421248,262.29533167972045,342.5546181162077,-12.773049562449083,430.7273640014372,0,1,1,1,0,2,2,0,1,0,0
371000.0,101,-12.065341,-88.346424,170.368454,9.310495,102,-12.062247,-88.344014,179.248373,8.055061,430.815994,3,-1,1,8,37.297673642496676,-142.702830049079,-133.07078035750334,38.04879695092097,8.879918999999973,2.11850000000009e-05,1.4520875400935636,-1.124886987932065,261.05558017785137,342.71329817241326,-1.828684952979298,430.80176023115695,0,1,1,1,2,2,2,0,1,0,0
372000.0,101,-12.065424,-88.346399,169.467412,9.335806,102,-12.062312,-88.344021,179.506694,8.017491,431.518041,3,-1,1,8,36.76964996924944,-143.23084703728736,-132.69776203075054,37.26245896271263,10.039282000000071,-3.757000000000055e-05,1.6375079759236468,-1.1613140892469875,258.3064234776429,345.6669080179158,5.116137253985292,431.3847366769386,0,1,1,1,2,2,2,0,0,0,0
373000.0,101,-12.065503,-88.346368,168.173197,9.322318,102,-12.06239,-88.344008,179.104911,8.044631,430.885244,3,-1,1,8,36.55230937929928,-143.44818386835584,-131.6208876207007,37.446905131644144,10.931714000000056,2.714000000000105e-05,1.7849757172352092,-1.080770920046744,256.6164805314234,346.13592043676306,18.38475642105057,429.0065533344151,0,1,1,1,0,2,2,0,0,1,0
374000.0,101,-12.065583,-88.346329,166.257651,9.361847,102,-12.062452,-88.344014,179.342457,7.991427,431.061128,3,-1,1,8,35.86908793163284,-144.13139591368838,-130.38856306836718,36.52614708631165,13.084805999999958,-5.3204000000000916e-05,2.1322547057114507,-1.1029521513917473,252.57390543758393,349.313782099474,25.30168018196455,426.3176954935149,0,1,1,1,0,2,2,0,0,1,0
375000.0,101,-12.065662,-88.346283,164.071848,9.407321,102,-12.062518,-88.344009,179.205678,7.961401,431.193089,3,-1,1,8,35.272325287924325,-144.72814999103505,-128.79952271207566,36.06617200896494,15.133829999999989,-3.002599999999944e-05,2.4712977803100054,-1.0855058890503146,248.99820585145494,352.0331994061333,30.379472835270658,422.4708392399084,0,1,1,1,0,2,2,0,0,1,0
376000.0,101,-12.065747,-88.346229,161.676724,9.572076,102,-12.062598,-88.343979,178.248669,8.005418,431.321797,3,-1,1,8,34.943463597802385,-145.05700666819027,-126.73326040219763,36.69432433180975,16.571945000000028,4.401700000000019e-05,2.764591882637617,-1.0850725730428419,247.04726347712642,353.5620768348502,32.04247093009072,419.41752174354474,0,1,1,1,0,2,2,0,0,1,0
377000.0,101,-12.065813,-88.346178,159.374453,9.465258,102,-12.062648,-88.343987,178.546385,7.895129,430.585796,3,-1,0,8,34.09704221262024,-145.90341572410878,-125.27741078737975,35.55019927589126,19.17193199999997,-0.00011028900000000075,3.133941316787225,-0.9659709648003183,241.3847811420156,356.56347983209787,36.34354129538058,411.89605225705066,0,1,1,1,0,2,2,0,0,1,0
378000.0,101,-12.065867,-88.346108,155.372145,9.343567,102,-12.062699,-88.343983,178.479406,7.79916,430.040362,3,-1,0,8,33.263309518968754,-146.73713462515494,-122.10883548103124,34.78345937484505,23.107260999999994,-9.596900000000019e-05,3.686716691718611,-0.6972030138986609,235.87175434725552,359.58201908638176,42.19248999533029,397.20439281099374,0,1,1,1,0,2,2,0,0,1,0
379000.0,101,-12.065923,-88.346037,151.848452,9.283645,102,-12.062759,-88.343959,177.695756,7.752899,429.734981,3,-1,0,8,32.7111461497884,-147.2892881729597,-119.13730585021162,35.01495582704035,25.84730399999995,-4.626099999999944e-05,4.068361599481969,-0.43878514906439836,232.2305092248017,361.58144930327893,45.645659416417075,384.43603236484694,0,1,1,1,0,2,2,0,0,1,0
380000.0,101,-12.065975,-88.345952,147.504515,9.331561,102,-12.062797,-88.343961,177.829823,7.605167,429.669637,3,-1,0,8,31.494238296949863,-148.50617784345386,-116.01027670305014,33.66399915654614,30.325308000000064,-0.0001477320000000004,4.725233858476774,-0.27084151080890617,224.46492673012688,366.37616410971737,42.17662092688724,378.636896990435,0,1,1,1,0,2,2,0,0,1,0
