time (ms),BID,b_lat (deg),b_lon (deg),b_head (deg),b_sp (mps),RID,r_lat (deg),r_lon (deg),r_head (deg),r_speed (mps),dist (m),beh_phase,colregs,avoidance,abs_b_r,abs_r_b,rel_b_r,rel_r_b,abs_dheading,r_accel,dvx,dvy,xr,yr,cpa_time (s),cpa_dist (m),S_side,S_beam,S_reg_b_r,S_reg_r_b,S_drel_bear,S_ddist,S_accel,S_dabs_heading,S_cpa_t,S_cpa_ddist,S_cpa_tdist,beh_label
0.0,101,-31.538472,49.009948,120.0,9.903025,102,-31.539753,48.93052,155.0,20.0,7543.990835,3,-1,0,-91.104855946726,88.93669129533747,-211.104855946726,-66.06330870466253,35.0,0.0,0.12390598949840204,13.174643240733,-7542.588267571864,-145.46458143226278,-23.644953857691423,7541.486782715403,0,1,0,0,1,2,2,0,1,0,0,0
1000.0,101,-31.538516,49.010038,120.0,9.903025,102,-31.539916,48.930609,155.0,20.0,7544.365313,3,-1,0,-91.20552228710645,88.83602560032234,-211.20552228710645,-66.16397439967766,35.0,0.0,0.12390598949840204,13.174643240733,-7542.6954458739665,-158.72424764265133,-25.0938702026026,7541.545052093251,0,1,0,0,2,2,2,2,1,0,0,0
2000.0,101,-31.538561,49.010129,120.0,9.903025,102,-31.540079,48.930698,155.0,20.0,7544.762638,3,-1,0,-91.30531716941393,88.73623188706219,-211.3053171694139,-66.26376811293781,35.0,0.0,0.12390598949840204,13.174643240733,-7542.8047689658415,-171.87053565656157,-26.530400578850312,7541.610332568287,0,1,0,0,2,2,2,2,1,0,0,0
3000.0,101,-31.538605,49.010219,120.0,9.903025,102,-31.540242,48.930788,155.0,20.0,7545.182806,3,-1,0,-91.40597962237563,88.63556955638855,-211.40597962237564,-66.36443044361145,35.0,0.0,0.12390598949840204,13.174643240733,-7542.9112117254335,-185.13246064584783,-27.979562971470372,7541.676833386121,0,1,0,0,2,2,2,2,1,0,0,0
4000.0,101,-31.53865,49.01031,120.0,9.903025,102,-31.540405,48.930877,155.0,20.0,7545.625814,3,-1,0,-91.50575112177218,88.53579922604715,-211.50575112177216,-66.46420077395285,35.0,0.0,0.12390598949840204,13.174643240733,-7543.020252074574,-198.27859616205805,-29.416076394634807,7541.750728618465,0,1,0,0,2,2,2,2,1,0,0,0
5000.0,101,-31.538695,49.0104,120.0,9.903025,102,-31.540568,48.930966,155.0,20.0,7546.091657,3,-1,0,-91.60552849201807,88.43602250177658,-211.60552849201807,-66.56397749822342,35.0,0.0,0.12390598949840204,13.174643240733,-7543.129183792024,-211.427085469383,-30.852846891161622,7541.828938891079,0,1,0,0,2,2,2,2,1,0,0,0
6000.0,101,-31.538739,49.010491,120.0,9.903025,102,-31.540731,48.931055,155.0,20.0,7546.580332,3,-1,0,-91.70611858574719,88.33543357652202,-211.7061185857472,-66.66456642347798,35.0,0.0,0.12390598949840204,13.174643240733,-7543.23483013565,-224.68423344249132,-32.301486508741505,7541.9080956961325,0,1,0,0,2,2,2,2,1,0,0,0
7000.0,101,-31.538784,49.010581,120.0,9.903025,102,-31.540894,48.931144,155.0,20.0,7547.091834,3,-1,0,-91.80587019497922,88.23568261327055,-211.8058701949792,-66.76431738672945,35.0,0.0,0.12390598949840204,13.174643240733,-7543.3434723869705,-237.83273203318498,-33.73825772214752,7541.994913456475,0,1,0,0,2,2,2,2,1,0,0,0
8000.0,101,-31.538828,49.010672,120.0,9.903025,102,-31.541057,48.931234,155.0,20.0,7547.626159,3,-1,0,-91.90645404561704,88.13509940802467,-211.90645404561704,-66.86490059197533,35.0,0.0,0.12390598949840204,13.174643240733,-7543.448358154725,-251.09262011035761,-35.18719595329857,7542.082276889336,0,1,0,0,2,2,2,2,1,0,0,0
9000.0,101,-31.538873,49.010762,120.0,9.903025,102,-31.54122,48.931323,155.0,20.0,7548.183301,3,-1,0,-92.0061787185702,88.03537538105742,-212.0061787185702,-66.96462461894258,35.0,0.0,0.12390598949840204,13.174643240733,-7543.556700029319,-264.24128923775686,-36.623985491581266,7542.177691452338,0,1,0,0,2,2,2,2,1,0,0,0
10000.0,101,-31.538917,49.010853,120.0,9.903025,102,-31.541383,48.931412,155.0,20.0,7548.763255,3,-1,0,-92.10670822632098,87.93484704180248,-212.10670822632096,-67.06515295819752,35.0,0.0,0.12390598949840204,13.174643240733,-7543.661020707612,-277.49790034302,-38.07256508647459,7542.273463928505,0,1,0,0,2,2,2,2,1,0,0,0
11000.0,101,-31.538962,49.010943,120.0,9.903025,102,-31.541546,48.931501,155.0,20.0,7549.366017,3,-1,0,-92.20640228648266,87.83515362763198,-212.20640228648267,-67.16484637236802,35.0,0.0,0.12390598949840204,13.174643240733,-7543.769073162288,-290.64657134507854,-39.509354532177625,7542.377484812749,0,1,0,0,2,2,2,2,1,0,0,0
12000.0,101,-31.539006,49.011034,120.0,9.903025,102,-31.541709,48.93159,155.0,20.0,7549.99158,3,-1,0,-92.30689720798755,87.73465987463369,-212.30689720798756,-67.26534012536631,35.0,0.0,0.12390598949840204,13.174643240733,-7543.872741042559,-303.9028216814062,-40.957894037132405,7542.48157303052,0,1,0,0,2,2,2,2,1,0,0,0
13000.0,101,-31.539051,49.011124,120.0,9.903025,102,-31.541872,48.93168,155.0,20.0,7550.63994,3,-1,0,-92.40658797129923,87.6349692342225,-212.40658797129925,-67.3650307657775,35.0,0.0,0.12390598949840204,13.174643240733,-7543.980340180951,-317.055406019994,-42.395110604404024,7542.5940376666795,0,1,0,0,2,2,2,2,1,0,0,0
14000.0,101,-31.539095,49.011215,120.0,9.903025,102,-31.542035,48.931769,155.0,20.0,7551.31109,3,-1,0,-92.50704713127142,87.5345112427621,-212.5070471312714,-67.4654887572379,35.0,0.0,0.12390598949840204,13.174643240733,-7544.08334526912,-330.3114554327109,-43.84362747451432,7542.7064317915665,0,1,0,0,2,2,2,2,1,0,0,0
15000.0,101,-31.53914,49.011305,120.0,9.903025,102,-31.542198,48.931858,155.0,20.0,7552.005024,3,-1,0,-92.60667396314345,87.4348850568972,-212.60667396314346,-67.5651149431028,35.0,0.0,0.12390598949840204,13.174643240733,-7544.190805910765,-343.4602837777718,-45.2804335040104,7542.82765139433,0,1,0,0,2,2,2,2,1,0,0,0
16000.0,101,-31.539184,49.011396,120.0,9.903025,102,-31.542361,48.931947,155.0,20.0,7552.721736,3,-1,0,-92.70709367194276,87.33446651662307,-212.70709367194274,-67.66553348337693,35.0,0.0,0.12390598949840204,13.174643240733,-7544.293164051537,-356.7159602430379,-46.72890895951917,7542.948364622075,0,1,0,0,2,2,2,2,1,0,0,0
17000.0,101,-31.539229,49.011486,120.0,9.903025,102,-31.542524,48.932036,155.0,20.0,7553.46122,3,-1,0,-92.80668264845855,87.23487818611967,-212.80668264845855,-67.76512181388033,35.0,0.0,0.12390598949840204,13.174643240733,-7544.400337132438,-369.8647795071107,-48.16571370128655,7543.078189959739,0,1,0,0,2,2,2,2,1,0,0,0
18000.0,101,-31.539273,49.011577,120.0,9.903025,102,-31.542687,48.932126,155.0,20.0,7554.223468,3,-1,0,-92.90709648736826,87.13446499263642,-212.90709648736828,-67.86553500736358,35.0,0.0,0.12390598949840204,13.174643240733,-7544.501811137896,-383.1248180671143,-49.61466486883293,7543.206994293317,0,1,0,0,2,2,2,2,1,0,0,0
19000.0,101,-31.539318,49.011667,120.0,9.903025,102,-31.54285,48.932215,155.0,20.0,7555.008474,3,-1,0,-93.00664645137209,87.0349156746557,-213.0066464513721,-67.9650843253443,35.0,0.0,0.12390598949840204,13.174643240733,-7544.608679485533,-396.27378874129744,-51.051485841148896,7543.345409195352,0,1,0,0,2,2,2,2,1,0,0,0
20000.0,101,-31.539362,49.011758,120.0,9.903025,102,-31.543013,48.932304,155.0,20.0,7555.81623,3,-1,0,-93.10698124798024,86.93458204659402,-213.10698124798023,-68.06541795340598,35.0,0.0,0.12390598949840204,13.174643240733,-7544.7097365496165,-409.528866802859,-52.49989457557522,7543.48275113922,0,1,0,0,2,2,2,2,1,0,0,0
21000.0,101,-31.539407,49.011848,120.0,9.903025,102,-31.543176,48.932393,155.0,20.0,7556.64673,3,-1,0,-93.20648855490313,86.83507538569948,-213.20648855490313,-68.16492461430052,35.0,0.0,0.12390598949840204,13.174643240733,-7544.816317289073,-422.67782102714614,-53.93671345495626,7543.629769830711,0,1,0,0,2,2,2,2,1,0,0,0
22000.0,101,-31.539452,49.011939,120.0,9.903025,102,-31.543339,48.932482,155.0,20.0,7557.499967,3,-1,0,-93.30593335254942,86.73563175719633,-213.3059333525494,-68.26436824280367,35.0,0.0,0.12390598949840204,13.174643240733,-7544.923154409563,-435.8214603016344,-55.37295186430703,7543.781453133765,0,1,0,0,2,2,2,2,1,0,0,0
23000.0,101,-31.539496,49.012029,120.0,9.903025,102,-31.543502,48.932571,155.0,20.0,7558.375931,3,-1,0,-93.40623890540208,86.63532684979137,-213.40623890540206,-68.36467315020863,35.0,0.0,0.12390598949840204,13.174643240733,-7545.023033247755,-449.08144259250014,-56.821895244433215,7543.931060523348,0,1,0,0,2,2,2,2,1,0,0,0
24000.0,101,-31.539541,49.012119,120.0,9.903025,102,-31.543665,48.932661,155.0,20.0,7559.274616,3,-1,0,-93.5057219484139,86.53584392969853,-213.5057219484139,-68.46415607030147,35.0,0.0,0.12390598949840204,13.174643240733,-7545.128920615063,-462.2361857320529,-58.25934593222076,7544.090727810304,0,1,0,0,2,2,2,2,1,0,0,0
25000.0,101,-31.539585,49.01221,120.0,9.903025,102,-31.543828,48.93275,155.0,20.0,7560.196013,3,-1,0,-93.60593745319989,86.4356295934802,-213.60593745319989,-68.5643704065198,35.0,0.0,0.12390598949840204,13.174643240733,-7545.228459459873,-475.4905356974776,-59.70767355169144,7544.248937715961,0,1,0,0,2,2,2,2,1,0,0,0
26000.0,101,-31.53963,49.0123,120.0,9.903025,102,-31.543991,48.932839,155.0,20.0,7561.140114,3,-1,0,-93.70532963004821,86.33623806267889,-213.7053296300482,-68.66376193732111,35.0,0.0,0.12390598949840204,13.174643240733,-7545.334391283716,-488.6396906219556,-61.14451369357248,7544.4175162145575,0,1,0,0,2,2,2,2,1,0,0,0
27000.0,101,-31.539674,49.012391,120.0,9.903025,102,-31.544154,48.932928,155.0,20.0,7562.10691,3,-1,0,-93.8054924338852,86.23607642741757,-213.8054924338852,-68.76392357258243,35.0,0.0,0.12390598949840204,13.174643240733,-7545.433300794778,-501.8936356709151,-62.592796423474425,7544.584054473363,0,1,0,0,2,2,2,2,1,0,0,0
28000.0,101,-31.539719,49.012481,120.0,9.903025,102,-31.544317,48.933017,155.0,20.0,7563.096393,3,-1,0,-93.90483361747017,86.13673588988486,-213.90483361747016,-68.86326411011514,35.0,0.0,0.12390598949840204,13.174643240733,-7545.538947149931,-515.0427621597265,-64.02963316500401,7544.761234875317,0,1,0,0,2,2,2,2,1,0,0,0
29000.0,101,-31.539763,49.012572,120.0,9.903025,102,-31.54448,48.933107,155.0,20.0,7564.108554,3,-1,0,-94.00499104811564,86.0365791047057,-214.00499104811564,-68.9634208952943,35.0,0.0,0.12390598949840204,13.174643240733,-7545.636773783744,-528.3028438485195,-65.47858529688116,7544.935685291191,0,1,0,0,2,0,2,2,1,0,0,0
30000.0,101,-31.539808,49.012662,120.0,9.903025,102,-31.544643,48.933196,155.0,20.0,7565.143384,3,-1,0,-94.10428010851547,85.93729069036617,-214.10428010851547,-69.06270930963383,35.0,0.0,0.12390598949840204,13.174643240733,-7545.742113428663,-541.4521013978039,-66.91543604344187,7545.121448206601,0,1,0,0,2,0,2,2,1,0,0,0
31000.0,101,-31.539852,49.012753,120.0,9.903025,102,-31.544806,48.933285,155.0,20.0,7566.200873,3,-1,0,-94.20433160349218,85.83724036398645,-214.20433160349216,-69.16275963601355,35.0,0.0,0.12390598949840204,13.174643240733,-7545.839753656232,-554.7053837193388,-68.36364505665577,7545.304630311557,0,1,0,0,2,0,2,2,1,0,0,0
32000.0,101,-31.539897,49.012843,120.0,9.903025,102,-31.544969,48.933374,155.0,20.0,7567.281012,3,-1,0,-94.30356494365499,85.73800766989181,-214.30356494365498,-69.26199233010819,35.0,0.0,0.12390598949840204,13.174643240733,-7545.944809063657,-567.854605635109,-69.80049161766352,7545.498993713938,0,1,0,0,2,0,2,2,1,0,0,0
33000.0,101,-31.539941,49.012934,120.0,9.903025,102,-31.545132,48.933463,155.0,20.0,7568.383792,3,-1,0,-94.40355660002139,85.63801718213314,-214.40355660002137,-69.36198281786686,35.0,0.0,0.12390598949840204,13.174643240733,-7546.041832375566,-581.1074660046228,-71.2486538926941,7545.690511038835,0,1,0,0,2,0,2,2,1,0,0,0
34000.0,101,-31.539986,49.013024,120.0,9.903025,102,-31.545295,48.933553,155.0,20.0,7569.509202,3,-1,0,-94.50278777533367,85.53878612976096,-214.50278777533367,-69.46121387023904,35.0,0.0,0.12390598949840204,13.174643240733,-7546.146025832966,-594.2640120081406,-72.68629982819694,7545.8929523076595,0,1,0,0,2,0,2,2,1,0,0,0
35000.0,101,-31.54003,49.013115,120.0,9.903025,102,-31.545458,48.933642,155.0,20.0,7570.657232,3,-1,0,-94.60271847138449,85.43885660233101,-214.6027184713845,-69.56114339766899,35.0,0.0,0.12390598949840204,13.174643240733,-7546.242408982665,-607.516608254784,-74.13443258622426,7546.092783375751,0,1,0,0,2,0,2,2,1,0,0,0
36000.0,101,-31.540075,49.013205,120.0,9.903025,102,-31.545621,48.933731,155.0,20.0,7571.827872,3,-1,0,-94.70183455809466,85.33974116169703,-214.70183455809467,-69.66025883830297,35.0,0.0,0.12390598949840204,13.174643240733,-7546.346874503521,-620.6659108304468,-75.57128735428962,7546.304325579759,0,1,0,0,2,0,2,2,1,0,0,0
37000.0,101,-31.540119,49.013296,120.0,9.903025,102,-31.545785,48.93382,155.0,20.0,7573.021111,3,-1,0,-94.80254074957085,85.2390361394438,-214.80254074957085,-69.7609638605562,35.0,0.0,0.12390598949840204,13.174643240733,-7546.433351825144,-634.0287171041904,-77.03145193826218,7546.5041635404705,0,1,0,0,2,0,2,2,1,0,0,0
38000.0,101,-31.540164,49.013386,120.0,9.903025,102,-31.545948,48.933909,155.0,20.0,7574.23694,3,-1,0,-94.90159383331648,85.13998370178226,-214.9015938333165,-69.86001629821774,35.0,0.0,0.12390598949840204,13.174643240733,-7546.537347361827,-647.1779416309503,-78.46829769541668,7546.724153249004,0,1,0,0,2,0,2,2,1,0,0,0
39000.0,101,-31.540209,49.013477,120.0,9.903025,102,-31.546111,48.933999,155.0,20.0,7575.475346,3,-1,0,-95.00061540934479,85.04096277184871,-215.0006154093448,-69.95903722815129,35.0,0.0,0.12390598949840204,13.174643240733,-7546.641283123662,-660.3272383504052,-79.90515127921924,7546.9485060416255,0,1,0,0,2,0,2,2,1,0,0,0
40000.0,101,-31.540253,49.013567,120.0,9.903025,102,-31.546274,48.934088,155.0,20.0,7576.736319,3,-1,0,-95.1004441176856,84.94113470900874,-215.10044411768558,-70.05886529099126,35.0,0.0,0.12390598949840204,13.174643240733,-7546.735294553215,-673.5871447693011,-81.3540803398119,7547.1684338767445,0,1,0,0,2,0,2,2,1,0,0,0
41000.0,101,-31.540298,49.013658,120.0,9.903025,102,-31.546437,48.934177,155.0,20.0,7578.019848,3,-1,0,-95.1993361410225,84.842243854908,-215.1993361410225,-70.157756145092,35.0,0.0,0.12390598949840204,13.174643240733,-7546.839696323608,-686.7280500140711,-82.79001751511298,7547.402049017929,0,1,0,0,2,0,2,2,1,0,0,0
42000.0,101,-31.540342,49.013748,120.0,9.903025,102,-31.5466,48.934266,155.0,20.0,7579.325921,3,-1,0,-95.29909690116503,84.74248374027422,-215.29909690116503,-70.25751625972578,35.0,0.0,0.12390598949840204,13.174643240733,-7546.93304930971,-699.9878327366381,-84.23893238350348,7547.63027009555,0,1,0,0,2,0,2,2,1,0,0,0
43000.0,101,-31.540387,49.013839,120.0,9.903025,102,-31.546763,48.934355,155.0,20.0,7580.654526,3,-1,0,-95.3979179207344,84.64366388995442,-215.39791792073441,-70.35633611004558,35.0,0.0,0.12390598949840204,13.174643240733,-7547.037232335024,-713.1283589320956,-85.67482791751611,7547.872533163358,0,1,0,0,2,0,2,2,1,0,0,0
44000.0,101,-31.540431,49.013929,120.0,9.903025,102,-31.546926,48.934445,155.0,20.0,7582.005652,3,-1,0,-95.49767663198809,84.54390530107067,-215.4976766319881,-70.45609469892933,35.0,0.0,0.12390598949840204,13.174643240733,-7547.129063908769,-726.396998660851,-87.12470897576331,7548.108282433799,0,1,0,0,2,0,2,2,1,0,0,0
45000.0,101,-31.540476,49.01402,120.0,9.903025,102,-31.547089,48.934534,155.0,20.0,7583.379287,3,-1,0,-95.59642557021904,84.4451575320998,-215.59642557021903,-70.5548424679002,35.0,0.0,0.12390598949840204,13.174643240733,-7547.233002018984,-739.537303816483,-88.56058010636767,7548.359169811774,0,1,0,0,2,0,2,2,1,0,0,0
46000.0,101,-31.54052,49.01411,120.0,9.903025,102,-31.547252,48.934623,155.0,20.0,7584.775418,3,-1,0,-95.69604469791068,84.34553904993287,-215.69604469791068,-70.65446095006713,35.0,0.0,0.12390598949840204,13.174643240733,-7547.32501243702,-752.7969833491735,-90.00948232015828,7548.603950860341,0,1,0,0,2,0,2,2,1,0,0,0
47000.0,101,-31.540565,49.014201,120.0,9.903025,102,-31.547415,48.934712,155.0,20.0,7586.194034,3,-1,0,-95.79471804972849,84.24686686738322,-215.7947180497285,-70.75313313261678,35.0,0.0,0.12390598949840204,13.174643240733,-7547.428739679024,-765.9369040360212,-91.4453112254146,7548.8634894966335,0,1,0,0,2,0,2,2,1,0,0,0
48000.0,101,-31.540609,49.014291,120.0,9.903025,102,-31.547578,48.934801,155.0,20.0,7587.63512,3,-1,0,-95.89426228266377,84.14732327997525,-215.89426228266376,-70.85267672002475,35.0,0.0,0.12390598949840204,13.174643240733,-7547.520097302083,-779.1964419057437,-92.89419728969794,7549.116563624634,0,1,0,0,2,0,2,2,1,0,0,0
49000.0,101,-31.540654,49.014382,120.0,9.903025,102,-31.547741,48.934891,155.0,20.0,7589.098665,3,-1,0,-95.99293209815157,84.04865411061405,-215.99293209815158,-70.95134588938595,35.0,0.0,0.12390598949840204,13.174643240733,-7547.622588193949,-792.3457662468153,-94.3310524067806,7549.383851120005,0,1,0,0,2,0,2,2,1,0,0,0
50000.0,101,-31.540698,49.014472,120.0,9.903025,102,-31.547904,48.93498,155.0,20.0,7590.584656,3,-1,0,-96.09240036547008,83.94918648883353,-216.0924003654701,-71.05081351116647,35.0,0.0,0.12390598949840204,13.174643240733,-7547.713262406651,-805.6053180021828,-95.7799392859833,7549.645191060343,0,1,0,0,2,0,2,2,1,0,0,0
51000.0,101,-31.540743,49.014563,120.0,9.903025,102,-31.548067,48.935069,155.0,20.0,7592.093079,3,-1,0,-96.19091694198076,83.85067108161492,-216.19091694198076,-71.14932891838508,35.0,0.0,0.12390598949840204,13.174643240733,-7547.8165428849325,-818.7446214493588,-97.21570028996742,7549.922005232087,0,1,0,0,2,0,2,2,1,0,0,0
52000.0,101,-31.540787,49.014653,120.0,9.903025,102,-31.54823,48.935158,155.0,20.0,7593.623921,3,-1,0,-96.2903057353446,83.75128293379433,-216.2903057353446,-71.24871706620567,35.0,0.0,0.12390598949840204,13.174643240733,-7547.906568371234,-832.0040196548326,-98.66456972502885,7550.191638167901,0,1,0,0,2,0,2,2,1,0,0,0
53000.0,101,-31.540832,49.014744,120.0,9.903025,102,-31.548393,48.935247,155.0,20.0,7595.177169,3,-1,0,-96.38873993296936,83.65284990546971,-216.38873993296937,-71.34715009453029,35.0,0.0,0.12390598949840204,13.174643240733,-7548.009648572818,-845.1429308409824,-100.10028766313626,7550.477106765643,0,1,0,0,2,0,2,2,1,0,0,0
54000.0,101,-31.540876,49.014834,120.0,9.903025,102,-31.548556,48.935337,155.0,20.0,7596.752808,3,-1,0,-96.48812738233019,83.55346257849723,-216.4881273823302,-71.44653742150277,35.0,0.0,0.12390598949840204,13.174643240733,-7548.097823701837,-858.4127618363289,-101.55029512669576,7550.753982829342,0,1,0,0,2,0,2,2,1,0,0,0
55000.0,101,-31.540921,49.014925,120.0,9.903025,102,-31.548719,48.935426,155.0,20.0,7598.350825,3,-1,0,-96.58647816368716,83.4551129664509,-216.58647816368716,-71.5448870335491,35.0,0.0,0.12390598949840204,13.174643240733,-7548.200669864866,-871.5514369386262,-102.98598702879889,7551.048075401594,0,1,0,0,2,0,2,2,1,0,0,0
56000.0,101,-31.540966,49.015015,120.0,9.903025,102,-31.548882,48.935515,155.0,20.0,7599.971206,3,-1,0,-96.68486818097408,83.3567235953118,-216.6848681809741,-71.6432764046882,35.0,0.0,0.12390598949840204,13.174643240733,-7548.302251905613,-884.7007663078809,-104.42284176133117,7551.345473552705,0,1,0,0,2,0,2,2,1,0,0,0
57000.0,101,-31.54101,49.015106,120.0,9.903025,102,-31.549045,48.935604,155.0,20.0,7601.613936,3,-1,0,-96.78396635046005,83.25762659455326,-216.78396635046005,-71.74237340544674,35.0,0.0,0.12390598949840204,13.174643240733,-7548.392021957471,-897.9489489042289,-105.87048546986466,7551.637013506846,0,1,0,0,2,0,2,2,1,0,0,0
58000.0,101,-31.541055,49.015196,120.0,9.903025,102,-31.549208,48.935693,155.0,20.0,7603.279001,3,-1,0,-96.88227082367172,83.15932276749734,-216.88227082367172,-71.84067723250266,35.0,0.0,0.12390598949840204,13.174643240733,-7548.493335748413,-911.0981984447906,-107.30733120432438,7551.9430039989,0,1,0,0,2,0,2,2,1,0,0,0
59000.0,101,-31.541099,49.015287,120.0,9.903025,102,-31.549371,48.935783,155.0,20.0,7604.966387,3,-1,0,-96.98136564136117,83.0602285953777,-216.98136564136115,-71.9397714046223,35.0,0.0,0.12390598949840204,13.174643240733,-7548.581149559797,-924.357277198772,-108.75616346203483,7552.241693873206,0,1,0,0,2,0,2,2,1,0,0,0
60000.0,101,-31.541144,49.015377,120.0,9.903025,102,-31.549534,48.935872,155.0,20.0,7606.676078,3,-1,0,-97.07958355094573,82.96201133195426,-217.07958355094573,-72.03798866804574,35.0,0.0,0.12390598949840204,13.174643240733,-7548.682158304359,-937.5066018513756,-110.1930170900775,7552.556244036778,0,1,0,0,2,0,2,2,1,0,0,0
61000.0,101,-31.541188,49.015468,120.0,9.903025,102,-31.549697,48.935961,155.0,20.0,7608.408059,3,-1,0,-97.17850114061471,82.86309491103395,-217.1785011406147,-72.13690508896605,35.0,0.0,0.12390598949840204,13.174643240733,-7548.770767829479,-950.7539571410094,-111.64056921106639,7552.864469099864,0,1,0,0,2,0,2,2,1,0,0,0
62000.0,101,-31.541233,49.015558,120.0,9.903025,102,-31.54986,48.93605,155.0,20.0,7610.162315,3,-1,0,-97.27662908123864,82.76496761658169,-217.27662908123864,-72.23503238341831,35.0,0.0,0.12390598949840204,13.174643240733,-7548.87151105752,-963.9031954456325,-113.07741313152086,7553.187609669605,0,1,0,0,2,0,2,2,1,0,0,0
63000.0,101,-31.541277,49.015649,120.0,9.903025,102,-31.550023,48.936139,155.0,20.0,7611.938831,3,-1,0,-97.37545245369178,82.66614541288534,-217.37545245369176,-72.33385458711466,35.0,0.0,0.12390598949840204,13.174643240733,-7548.959567122658,-977.1500503161982,-114.52491000589907,7553.504196446184,0,1,0,0,2,0,2,2,1,0,0,0
64000.0,101,-31.541322,49.015739,120.0,9.903025,102,-31.550186,48.936229,155.0,20.0,7613.737591,3,-1,0,-97.47358065071813,82.56801733885703,-217.47358065071813,-72.43198266114297,35.0,0.0,0.12390598949840204,13.174643240733,-7549.058450122026,-990.3113759054279,-115.9630727216745,7553.83454922969,0,1,0,0,2,0,2,2,1,0,0,0
65000.0,101,-31.541366,49.01583,120.0,9.903025,102,-31.550349,48.936318,155.0,20.0,7615.55858,3,-1,0,-97.57230880546156,82.46929035288615,-217.57230880546155,-72.53070964711385,35.0,0.0,0.12390598949840204,13.174643240733,-7549.145915895473,-1003.5578836969598,-117.41053106616224,7554.159464909061,0,1,0,0,2,0,2,2,1,0,0,0
66000.0,101,-31.541411,49.01592,120.0,9.903025,102,-31.550512,48.936407,155.0,20.0,7617.401781,3,-1,0,-97.6702514322736,82.37134837225378,-217.6702514322736,-72.62865162774622,35.0,0.0,0.12390598949840204,13.174643240733,-7549.246092940198,-1016.7070971568562,-118.84737169015924,7554.499750631769,0,1,0,0,2,0,2,2,1,0,0,0
67000.0,101,-31.541455,49.016011,120.0,9.903025,102,-31.550675,48.936496,155.0,20.0,7619.267179,3,-1,0,-97.76888098459825,82.27271998870977,-217.76888098459824,-72.72728001129023,35.0,0.0,0.12390598949840204,13.174643240733,-7549.333014709975,-1029.9530950468652,-120.29477376166136,7554.833031427143,0,1,0,0,2,0,2,2,1,0,0,0
68000.0,101,-31.5415,49.016101,120.0,9.903025,102,-31.550838,48.936585,155.0,20.0,7621.154756,3,-1,0,-97.86672710165391,82.17487451784173,-217.8667271016539,-72.82512548215827,35.0,0.0,0.12390598949840204,13.174643240733,-7549.432931578958,-1043.1022128691704,-121.73160366853698,7555.1819052908795,0,1,0,0,2,0,2,2,1,0,0,0
69000.0,101,-31.541544,49.016192,120.0,9.903025,102,-31.551001,48.936675,155.0,20.0,7623.064497,3,-1,0,-97.96535425251335,82.07624801258922,-217.96535425251335,-72.92375198741078,35.0,0.0,0.12390598949840204,13.174643240733,-7549.517500164879,-1056.360658168463,-123.18036337750917,7555.521994432568,0,1,0,0,2,0,2,2,1,0,0,0
70000.0,101,-31.541589,49.016282,120.0,9.903025,102,-31.551164,48.936764,155.0,20.0,7624.996385,3,-1,0,-98.06310288761765,81.9785000236805,-218.06310288761765,-73.0214999763195,35.0,0.0,0.12390598949840204,13.174643240733,-7549.617115304964,-1069.5098333149756,-124.61719923780412,7555.879419750622,0,1,0,0,2,0,2,2,1,0,0,0
71000.0,101,-31.541633,49.016373,120.0,9.903025,102,-31.551327,48.936853,155.0,20.0,7626.950403,3,-1,0,-98.16152992295926,81.88007415713547,-218.16152992295926,-73.11992584286453,35.0,0.0,0.12390598949840204,13.174643240733,-7549.70291854296,-1082.754954533,-126.06450437106189,7556.229398242513,0,1,0,0,2,0,2,2,1,0,0,0
72000.0,101,-31.541678,49.016463,120.0,9.903025,102,-31.55149,48.936942,155.0,20.0,7628.926534,3,-1,0,-98.25917775301365,81.78242697328197,-218.25917775301366,-73.21757302671803,35.0,0.0,0.12390598949840204,13.174643240733,-7549.802277068898,-1095.9040278849886,-127.50132884516337,7556.595409934384,0,1,0,0,2,0,2,2,1,0,0,0
73000.0,101,-31.541723,49.016554,120.0,9.903025,102,-31.551653,48.937031,155.0,20.0,7630.924761,3,-1,0,-98.35667209050129,81.68493380519818,-218.3566720905013,-73.31506619480182,35.0,0.0,0.12390598949840204,13.174643240733,-7549.903571647644,-1109.0395695668676,-128.93667678230244,7556.9674769999565,0,1,0,0,2,0,2,2,1,0,0,0
74000.0,101,-31.541767,49.016644,120.0,9.903025,102,-31.551816,48.937121,155.0,20.0,7632.945067,3,-1,0,-98.45514888486368,81.58645713326104,-218.45514888486366,-73.41354286673896,35.0,0.0,0.12390598949840204,13.174643240733,-7549.984613465403,-1122.3113348243855,-130.38688826107153,7557.326609138005,0,1,0,0,2,0,2,2,1,0,0,0
75000.0,101,-31.541812,49.016735,120.0,9.903025,102,-31.551979,48.93721,155.0,20.0,7634.987434,3,-1,0,-98.55253805438045,81.48906913315595,-218.55253805438045,-73.51093086684405,35.0,0.0,0.12390598949840204,13.174643240733,-7550.08570163502,-1135.4466149072516,-131.8222074027064,7557.707300495616,0,1,0,0,2,0,2,2,1,0,0,0
76000.0,101,-31.541856,49.016825,120.0,9.903025,102,-31.552142,48.937299,155.0,20.0,7637.051844,3,-1,0,-98.65080584511844,81.39080198804349,-218.65080584511844,-73.60919801195651,35.0,0.0,0.12390598949840204,13.174643240733,-7550.168121603561,-1148.7045762358305,-133.2709120230731,7558.076434841491,0,1,0,0,2,0,2,2,1,0,0,0
77000.0,101,-31.541901,49.016916,120.0,9.903025,102,-31.552305,48.937388,155.0,20.0,7639.138279,3,-1,0,-98.74808657795522,81.29352242462652,-218.74808657795523,-73.70647757537348,35.0,0.0,0.12390598949840204,13.174643240733,-7550.26905254077,-1161.8394381015728,-134.7061853069932,7558.465788370771,0,1,0,0,2,0,2,2,1,0,0,0
78000.0,101,-31.541945,49.017006,120.0,9.903025,102,-31.552468,48.937477,155.0,20.0,7641.246722,3,-1,0,-98.84624634071768,81.19536330749752,-218.8462463407177,-73.80463669250248,35.0,0.0,0.12390598949840204,13.174643240733,-7550.350859160649,-1175.0971747254766,-136.15486474490643,7558.8432170598035,0,1,0,0,2,0,2,2,1,0,0,0
79000.0,101,-31.54199,49.017097,120.0,9.903025,102,-31.552631,48.937567,155.0,20.0,7643.377154,3,-1,0,-98.94352668037541,81.09808361406719,-218.9435266803754,-73.90191638593281,35.0,0.0,0.12390598949840204,13.174643240733,-7550.449354497802,-1188.2461291554266,-137.59167533806482,7559.239287604544,0,1,0,0,2,0,2,2,1,0,0,0
80000.0,101,-31.542034,49.017187,120.0,9.903025,102,-31.552794,48.937656,155.0,20.0,7645.529557,3,-1,0,-99.04157748698276,81.00003345310128,-219.04157748698276,-73.99996654689872,35.0,0.0,0.12390598949840204,13.174643240733,-7550.530501113565,-1201.5037905534668,-139.0403458782565,7559.624969527359,0,1,0,0,2,0,2,2,1,0,0,0
81000.0,101,-31.542079,49.017278,120.0,9.903025,102,-31.552957,48.937745,155.0,20.0,7647.703913,3,-1,0,-99.13863627357085,80.9029758359542,-219.13863627357085,-74.0970241640458,35.0,0.0,0.12390598949840204,13.174643240733,-7550.6310833747775,-1214.6379640411974,-140.47554358883048,7560.03161152255,0,1,0,0,2,0,2,2,1,0,0,0
82000.0,101,-31.542123,49.017368,120.0,9.903025,102,-31.55312,48.937834,155.0,20.0,7649.900201,3,-1,0,-99.236574863839,80.80503789133542,-219.236574863839,-74.19496210866458,35.0,0.0,0.12390598949840204,13.174643240733,-7550.711621851225,-1227.8953900478266,-141.92418778424474,7560.425586777067,0,1,0,0,2,0,2,2,1,0,0,0
83000.0,101,-31.542168,49.017459,120.0,9.903025,102,-31.553283,48.937923,155.0,20.0,7652.118405,3,-1,0,-99.3335190099803,80.70809491464323,-219.3335190099803,-74.29190508535677,35.0,0.0,0.12390598949840204,13.174643240733,-7550.81205949986,-1241.0291399686118,-143.35933906552864,7560.84089323204,0,1,0,0,2,0,2,2,1,0,0,0
84000.0,101,-31.542212,49.017549,120.0,9.903025,102,-31.553446,48.938013,155.0,20.0,7654.358504,3,-1,0,-99.43145925432175,80.61015479274808,-219.43145925432174,-74.38984520725192,35.0,0.0,0.12390598949840204,13.174643240733,-7550.8894569113,-1254.3016053816082,-144.8096233011408,7561.2410067618075,0,1,0,0,2,0,2,2,1,0,0,0
85000.0,101,-31.542257,49.01764,120.0,9.903025,102,-31.553609,48.938102,155.0,20.0,7656.62048,3,-1,0,-99.52828787247338,80.51332734405344,-219.52828787247338,-74.48667265594656,35.0,0.0,0.12390598949840204,13.174643240733,-7550.989702554879,-1267.4350818348062,-146.2447445049126,7561.664935803373,0,1,0,0,2,0,2,2,1,0,0,0
86000.0,101,-31.542301,49.01773,120.0,9.903025,102,-31.553772,48.938191,155.0,20.0,7658.904312,3,-1,0,-99.62599699623527,80.41561886595419,-219.62599699623527,-74.58438113404581,35.0,0.0,0.12390598949840204,13.174643240733,-7551.06898470441,-1280.6921755860426,-147.6933511057001,7562.075457016107,0,1,0,0,2,0,2,2,1,0,0,0
87000.0,101,-31.542346,49.017821,120.0,9.903025,102,-31.553935,48.93828,155.0,20.0,7661.209982,3,-1,0,-99.72270691291503,80.31891011874474,-219.72270691291504,-74.68108988125526,35.0,0.0,0.12390598949840204,13.174643240733,-7551.169093305773,-1293.8252249048644,-149.1284254981689,7562.508050952535,0,1,0,0,2,0,2,2,1,0,0,0
88000.0,101,-31.54239,49.017911,120.0,9.903025,102,-31.554098,48.938369,155.0,20.0,7663.53747,3,-1,0,-99.82029765418842,80.22132002313928,-219.82029765418844,-74.77867997686072,35.0,0.0,0.12390598949840204,13.174643240733,-7551.247779050902,-1307.082068377049,-150.57700413955246,7562.926867294415,0,1,0,0,2,0,2,2,1,0,0,0
89000.0,101,-31.542435,49.018002,120.0,9.903025,102,-31.554261,48.938459,155.0,20.0,7665.886756,3,-1,0,-99.91700855496295,80.12460976862926,-219.91700855496293,-74.87539023137074,35.0,0.0,0.12390598949840204,13.174643240733,-7551.34495184248,-1320.230727600025,-152.01378111810075,7563.365751802997,0,1,0,0,2,0,2,2,1,0,0,0
90000.0,101,-31.54248,49.018092,120.0,9.903025,102,-31.554424,48.938548,155.0,20.0,7668.25782,3,-1,0,-100.01366031810994,80.02795865174683,-220.01366031810994,-74.97204134825317,35.0,0.0,0.12390598949840204,13.174643240733,-7551.442066830982,-1333.3794303522843,-153.45056279343999,7563.808972670878,0,1,0,0,2,0,2,2,1,0,0,0
91000.0,101,-31.542524,49.018183,120.0,9.903025,102,-31.554587,48.938637,155.0,20.0,7670.650641,3,-1,0,-100.11094769290241,79.93067244585201,-220.1109476929024,-75.06932755414799,35.0,0.0,0.12390598949840204,13.174643240733,-7551.522783315572,-1346.619808758041,-154.8973444800966,7564.242699288222,0,1,0,0,2,0,2,2,1,0,0,0
92000.0,101,-31.542569,49.018273,120.0,9.903025,102,-31.55475,48.938726,155.0,20.0,7673.0652,3,-1,0,-100.2074780566651,79.83414272836441,-220.20747805666508,-75.16585727163559,35.0,0.0,0.12390598949840204,13.174643240733,-7551.61966132532,-1359.7683825328118,-156.3341118192964,7564.694495471138,0,1,0,0,2,0,2,2,1,0,0,0
93000.0,101,-31.542613,49.018364,120.0,9.903025,102,-31.554913,48.938815,155.0,20.0,7675.501475,3,-1,0,-100.30463974272558,79.7369822112123,-220.30463974272558,-75.2630177887877,35.0,0.0,0.12390598949840204,13.174643240733,-7551.699900111415,-1373.0081978576864,-157.780831490506,7565.136607400536,0,1,0,0,2,0,2,2,1,0,0,0
94000.0,101,-31.542658,49.018454,120.0,9.903025,102,-31.555076,48.938905,155.0,20.0,7677.959447,3,-1,0,-100.40117412407714,79.64044795291673,-220.40117412407716,-75.35955204708327,35.0,0.0,0.12390598949840204,13.174643240733,-7551.793461792227,-1386.1734307830018,-159.2194156697763,7565.594373853656,0,1,0,0,2,0,2,2,1,0,0,0
95000.0,101,-31.542702,49.018545,120.0,9.903025,102,-31.555239,48.938994,155.0,20.0,7680.439094,3,-1,0,-100.49820928493807,79.54341396097465,-220.49820928493807,-75.45658603902535,35.0,0.0,0.12390598949840204,13.174643240733,-7551.873172181866,-1399.4128296979927,-160.66608929932337,7566.044826573497,0,1,0,0,2,0,2,2,1,0,0,0
96000.0,101,-31.542747,49.018635,120.0,9.903025,102,-31.555402,48.939083,155.0,20.0,7682.940395,3,-1,0,-100.59449207405385,79.44713181814463,-220.59449207405385,-75.55286818185537,35.0,0.0,0.12390598949840204,13.174643240733,-7551.969526103623,-1412.5612871394183,-162.10284338889704,7566.51372296098,0,1,0,0,2,0,2,2,1,0,0,0
97000.0,101,-31.542791,49.018726,120.0,9.903025,102,-31.555565,48.939172,155.0,20.0,7685.46333,3,-1,0,-100.6913976121705,79.35022744896014,-220.6913976121705,-75.64977255103986,35.0,0.0,0.12390598949840204,13.174643240733,-7552.0487701598695,-1425.800115689954,-163.54945421884273,7566.972564322905,0,1,0,0,2,0,2,2,1,0,0,0
98000.0,101,-31.542836,49.018816,120.0,9.903025,102,-31.555728,48.939261,155.0,20.0,7688.007876,3,-1,0,-100.78755312650794,79.25407258091637,-220.78755312650793,-75.74592741908363,35.0,0.0,0.12390598949840204,13.174643240733,-7552.144893907385,-1438.9484364863931,-164.98619314148672,7567.450032313467,0,1,0,0,2,0,2,2,1,0,0,0
99000.0,101,-31.54288,49.018907,120.0,9.903025,102,-31.555891,48.939351,155.0,20.0,7690.574013,3,-1,0,-100.88446014334087,79.15716620978856,-220.88446014334087,-75.84283379021144,35.0,0.0,0.12390598949840204,13.174643240733,-7552.220304719572,-1452.2042275149674,-166.43465342313416,7567.914421220892,0,1,0,0,2,0,2,2,1,0,0,0
100000.0,101,-31.542925,49.018997,120.0,9.903025,102,-31.556054,48.93944,155.0,20.0,7693.161719,3,-1,0,-100.98048757797419,79.0611394214543,-220.9804875779742,-75.9388605785457,35.0,0.0,0.12390598949840204,13.174643240733,-7552.316142591708,-1465.3525572488497,-167.87139302855005,7568.400412117495,0,1,0,0,2,0,2,2,1,0,0,0
101000.0,101,-31.542969,49.019088,120.0,9.903025,102,-31.556217,48.939529,155.0,20.0,7695.770972,3,-1,0,-101.07712919202699,78.96449897634965,-221.07712919202697,-76.03550102365035,35.0,0.0,0.12390598949840204,13.174643240733,-7552.394410518425,-1478.5903832528763,-169.31789331301286,7568.875985458091,0,1,0,0,2,0,2,2,1,0,0,0
102000.0,101,-31.543014,49.019178,120.0,9.903025,102,-31.55638,48.939618,155.0,20.0,7698.401749,3,-1,0,-101.1730255166713,78.86860329801749,-221.17302551667132,-76.13139670198251,35.0,0.0,0.12390598949840204,13.174643240733,-7552.490021491263,-1491.7385710241406,-170.75461717383791,7569.37054397043,0,1,0,0,2,0,2,2,1,0,0,0
103000.0,101,-31.543058,49.019269,120.0,9.903025,102,-31.556543,48.939707,155.0,20.0,7701.054031,3,-1,0,-101.26953173627065,78.77209824737442,-221.26953173627066,-76.22790175262558,35.0,0.0,0.12390598949840204,13.174643240733,-7552.5678401581445,-1504.9758164802154,-172.20105356355316,7569.854510391393,0,1,0,0,2,0,2,2,1,0,0,0
104000.0,101,-31.543103,49.019359,120.0,9.903025,102,-31.556706,48.939797,155.0,20.0,7703.727793,3,-1,0,-101.36543368868553,78.67619641803141,-221.36543368868553,-76.32380358196859,35.0,0.0,0.12390598949840204,13.174643240733,-7552.659556000186,-1518.1421342548024,-173.6397543811463,7570.354549165555,0,1,0,0,2,0,2,2,1,0,0,0
105000.0,101,-31.543148,49.01945,120.0,9.903025,102,-31.556869,48.939886,155.0,20.0,7706.423013,3,-1,0,-101.46099201463333,78.58063926164674,-221.46099201463335,-76.41936073835326,35.0,0.0,0.12390598949840204,13.174643240733,-7552.758562179027,-1531.2719408150206,-175.0744733234729,7570.865090582292,0,1,0,0,2,0,2,2,1,0,0,0
106000.0,101,-31.543192,49.01954,120.0,9.903025,102,-31.557032,48.939975,155.0,20.0,7709.13967,3,-1,0,-101.55743329675452,78.48419862525458,-221.55743329675454,-76.51580137474542,35.0,0.0,0.12390598949840204,13.174643240733,-7552.831974779891,-1544.5269865917487,-176.52285012241288,7571.358501242407,0,1,0,0,2,0,2,2,1,0,0,0
107000.0,101,-31.543237,49.019631,120.0,9.903025,102,-31.557195,48.940064,155.0,20.0,7711.87774,3,-1,0,-101.65285360433693,78.38877948724347,-221.65285360433694,-76.61122051275653,35.0,0.0,0.12390598949840204,13.174643240733,-7552.930885477553,-1557.6563535988225,-177.95752093921908,7571.877709589421,0,1,0,0,2,0,2,2,1,0,0,0
108000.0,101,-31.543281,49.019721,120.0,9.903025,102,-31.557358,48.940153,155.0,20.0,7714.6372,3,-1,0,-101.74915701569509,78.29247672162478,-221.7491570156951,-76.70752327837522,35.0,0.0,0.12390598949840204,13.174643240733,-7553.003735920669,-1570.911102765606,-179.4058647516418,7572.379412401478,0,1,0,0,2,0,2,2,1,0,0,0
109000.0,101,-31.543326,49.019812,120.0,9.903025,102,-31.557521,48.940243,155.0,20.0,7717.418029,3,-1,0,-101.84458161958871,78.197052764062,-221.84458161958872,-76.802947235938,35.0,0.0,0.12390598949840204,13.174643240733,-7553.098570530696,-1584.0590324168495,-180.84255961139786,7572.903944523081,0,1,0,0,2,0,2,2,1,0,0,0
110000.0,101,-31.54337,49.019902,120.0,9.903025,102,-31.557684,48.940332,155.0,20.0,7720.220202,3,-1,0,-101.94074641145052,78.10088861793987,-221.9407464114505,-76.89911138206013,35.0,0.0,0.12390598949840204,13.174643240733,-7553.170800691701,-1597.313626983513,-182.29088589415701,7573.4138889905835,0,1,0,0,2,0,2,2,1,0,0,0
111000.0,101,-31.543415,49.019993,120.0,9.903025,102,-31.557847,48.940421,155.0,20.0,7723.043696,3,-1,0,-102.03588627936708,78.0057499196184,-222.03588627936708,-76.9942500803816,35.0,0.0,0.12390598949840204,13.174643240733,-7553.269468914343,-1610.4422561184147,-183.72547583881345,7573.950378265842,0,1,0,0,2,0,2,2,1,0,0,0
112000.0,101,-31.543459,49.020083,120.0,9.903025,102,-31.55801,48.94051,155.0,20.0,7725.888488,3,-1,0,-102.13190950710302,77.90972733763263,-222.13190950710302,-77.09027266236737,35.0,0.0,0.12390598949840204,13.174643240733,-7553.341145316262,-1623.6965453813539,-185.1737681937675,7574.46861508631,0,1,0,0,2,0,2,2,1,0,0,0
113000.0,101,-31.543504,49.020174,120.0,9.903025,102,-31.558173,48.940599,155.0,20.0,7728.754555,3,-1,0,-102.22690589531852,77.81473211901773,-222.2269058953185,-77.18526788098227,35.0,0.0,0.12390598949840204,13.174643240733,-7553.439730864421,-1636.8247321054487,-186.60830971382387,7575.013770993205,0,1,0,0,2,0,2,2,1,0,0,0
114000.0,101,-31.543548,49.020264,120.0,9.903025,102,-31.558336,48.940689,155.0,20.0,7731.641872,3,-1,0,-102.322935368246,77.7187027685919,-222.322935368246,-77.2812972314081,35.0,0.0,0.12390598949840204,13.174643240733,-7553.506548759221,-1650.098437886425,-188.05871860550593,7575.536692658825,0,1,0,0,2,0,2,2,1,0,0,0
115000.0,101,-31.543593,49.020355,120.0,9.903025,102,-31.558499,48.940778,155.0,20.0,7734.550416,3,-1,0,-102.41778757308761,77.62385173335876,-222.4177875730876,-77.37614826664124,35.0,0.0,0.12390598949840204,13.174643240733,-7553.604989235881,-1663.2263238166308,-189.49322711049467,7576.090460396287,0,1,0,0,2,0,2,2,1,0,0,0
116000.0,101,-31.543637,49.020445,120.0,9.903025,102,-31.558662,48.940867,155.0,20.0,7737.480164,3,-1,0,-102.51352332850432,77.52811662371067,-222.51352332850433,-77.47188337628933,35.0,0.0,0.12390598949840204,13.174643240733,-7553.675505768809,-1676.4801346397728,-190.94146599722853,7576.625229008702,0,1,0,0,2,0,2,2,1,0,0,0
117000.0,101,-31.543682,49.020536,120.0,9.903025,102,-31.558826,48.940956,155.0,20.0,7740.43109,3,-1,0,-102.60903331118676,77.43260781124134,-222.60903331118675,-77.56739218875866,35.0,0.0,0.12390598949840204,13.174643240733,-7553.750137258939,-1689.7136807456939,-192.38749490538405,7577.167815780493,0,1,0,0,2,0,2,2,1,0,0,0
118000.0,101,-31.543726,49.020626,120.0,9.903025,102,-31.558989,48.941046,155.0,20.0,7743.403171,3,-1,0,-102.7047754561468,77.33686578879087,-222.70477545614682,-77.66313421120913,35.0,0.0,0.12390598949840204,13.174643240733,-7553.815367620237,-1702.9873929530959,-193.83790286786817,7577.70691793813,0,1,0,0,2,0,2,2,1,0,0,0
119000.0,101,-31.543771,49.020717,120.0,9.903025,102,-31.559152,48.941135,155.0,20.0,7746.396383,3,-1,0,-102.7993323009682,77.2423101135966,-222.79933230096822,-77.7576898864034,35.0,0.0,0.12390598949840204,13.174643240733,-7553.9134304099125,-1716.1144508535072,-195.27232051076473,7578.2778314604475,0,1,0,0,2,0,2,2,1,0,0,0
120000.0,101,-31.543815,49.020807,120.0,9.903025,102,-31.559315,48.941224,155.0,20.0,7749.410701,3,-1,0,-102.89477282305882,77.14687023728528,-222.89477282305882,-77.85312976271472,35.0,0.0,0.12390598949840204,13.174643240733,-7553.982633339678,-1729.3676844372524,-196.72049497604385,7578.828996508956,0,1,0,0,2,0,2,2,1,0,0,0
121000.0,101,-31.54386,49.020898,120.0,9.903025,102,-31.559478,48.941313,155.0,20.0,7752.446099,3,-1,0,-102.98917914916353,77.05246508082092,-222.98917914916353,-77.94753491917908,35.0,0.0,0.12390598949840204,13.174643240733,-7554.080629001517,-1742.4942950966463,-198.1548636825475,7579.408573938041,0,1,0,0,2,0,2,2,1,0,0,0
122000.0,101,-31.543905,49.020988,120.0,9.903025,102,-31.559641,48.941402,155.0,20.0,7755.502555,3,-1,0,-103.08366760095493,76.95797727540545,-223.08366760095493,-78.04202272459455,35.0,0.0,0.12390598949840204,13.174643240733,-7554.173862524302,-1755.6415167585285,-199.59147953914123,7579.988531147879,0,1,0,0,2,0,2,2,1,0,0,0
123000.0,101,-31.543949,49.021079,120.0,9.903025,102,-31.559804,48.941492,155.0,20.0,7758.580042,3,-1,0,-103.17888259886249,76.8627629232878,-223.1788825988625,-78.1372370767122,35.0,0.0,0.12390598949840204,13.174643240733,-7554.2423164002375,-1768.8943702857705,-201.039611708128,7580.552170841916,0,1,0,0,2,0,2,2,1,0,0,0
124000.0,101,-31.543994,49.021169,120.0,9.903025,102,-31.559967,48.941581,155.0,20.0,7761.678536,3,-1,0,-103.27322116820473,76.76842500033192,-223.2732211682047,-78.23157499966808,35.0,0.0,0.12390598949840204,13.174643240733,-7554.335282009195,-1782.0415660680214,-202.476224461693,7581.140623027184,0,1,0,0,2,0,2,2,1,0,0,0
125000.0,101,-31.544038,49.02126,120.0,9.903025,102,-31.56013,48.94167,155.0,20.0,7764.798011,3,-1,0,-103.36812272897673,76.67352460862256,-223.36812272897674,-78.32647539137744,35.0,0.0,0.12390598949840204,13.174643240733,-7554.408197457022,-1795.2729424306788,-203.92201453125338,7581.716713712662,0,1,0,0,2,0,2,2,1,0,0,0
126000.0,101,-31.544083,49.02135,120.0,9.903025,102,-31.560293,48.941759,155.0,20.0,7767.938443,3,-1,0,-103.46230865942259,76.57933932457098,-223.4623086594226,-78.42066067542902,35.0,0.0,0.12390598949840204,13.174643240733,-7554.500967359236,-1808.41997014124,-205.35860871949595,7582.313715732762,0,1,0,0,2,0,2,2,1,0,0,0
127000.0,101,-31.544127,49.021441,120.0,9.903025,102,-31.560456,48.941848,155.0,20.0,7771.099805,3,-1,0,-103.55705334354097,76.48459580952849,-223.55705334354099,-78.51540419047151,35.0,0.0,0.12390598949840204,13.174643240733,-7554.573501708716,-1821.6507312192239,-206.80433116887423,7582.898211688631,0,1,0,0,2,0,2,2,1,0,0,0
128000.0,101,-31.544172,49.021531,120.0,9.903025,102,-31.560619,48.941938,155.0,20.0,7774.282073,3,-1,0,-103.65124956181025,76.39039971438105,-223.65124956181023,-78.60960028561895,35.0,0.0,0.12390598949840204,13.174643240733,-7554.6608074432015,-1834.8192922058615,-208.24327255723358,7583.499371919377,0,1,0,0,2,0,2,2,1,0,0,0
129000.0,101,-31.544216,49.021622,120.0,9.903025,102,-31.560782,48.942027,155.0,20.0,7777.48522,3,-1,0,-103.74583675382226,76.29581369145536,-223.74583675382226,-78.70418630854464,35.0,0.0,0.12390598949840204,13.174643240733,-7554.732895111789,-1848.049574777228,-209.6889422639745,7584.092216014099,0,1,0,0,2,0,2,2,1,0,0,0
130000.0,101,-31.544261,49.021712,120.0,9.903025,102,-31.560945,48.942116,155.0,20.0,7780.709222,3,-1,0,-103.83971345072335,76.2019376409593,-223.83971345072337,-78.7980623590407,35.0,0.0,0.12390598949840204,13.174643240733,-7554.825210438616,-1861.1963993724496,-211.12551379186212,7584.706254419916,0,1,0,0,2,0,2,2,1,0,0,0
131000.0,101,-31.544305,49.021803,120.0,9.903025,102,-31.561108,48.942205,155.0,20.0,7783.954051,3,-1,0,-103.93414044632077,76.10751181446145,-223.93414044632078,-78.89248818553855,35.0,0.0,0.12390598949840204,13.174643240733,-7554.896928908621,-1874.426061931063,-212.57111537403972,7585.307505534403,0,1,0,0,2,0,2,2,1,0,0,0
132000.0,101,-31.54435,49.021893,120.0,9.903025,102,-31.561271,48.942294,155.0,20.0,7787.219682,3,-1,0,-104.02785953745841,76.01379336973672,-224.02785953745843,-78.98620663026328,35.0,0.0,0.12390598949840204,13.174643240733,-7554.989055570535,-1887.5727127550902,-214.00766772108963,7585.9300871524765,0,1,0,0,2,0,2,2,1,0,0,0
133000.0,101,-31.544394,49.021984,120.0,9.903025,102,-31.561434,48.942384,155.0,20.0,7790.506089,3,-1,0,-104.12229453122043,75.91935902179902,-224.12229453122043,-79.08064097820098,35.0,0.0,0.12390598949840204,13.174643240733,-7555.054777257959,-1900.824146358038,-215.45564193560756,7586.535062602989,0,1,0,0,2,0,2,2,1,0,0,0
134000.0,101,-31.544439,49.022074,120.0,9.903025,102,-31.561597,48.942473,155.0,20.0,7793.813245,3,-1,0,-104.21585543365227,75.82579876578546,-224.21585543365228,-79.17420123421454,35.0,0.0,0.12390598949840204,13.174643240733,-7555.146645394504,-1913.9707585335773,-216.8921897940982,7587.166126818047,0,1,0,0,2,0,2,2,1,0,0,0
135000.0,101,-31.544483,49.022165,120.0,9.903025,102,-31.56176,48.942562,155.0,20.0,7797.141125,3,-1,0,-104.3099582059484,75.73169716260752,-224.30995820594842,-79.26830283739248,35.0,0.0,0.12390598949840204,13.174643240733,-7555.21757028904,-1927.1993121527526,-218.33766939345517,7587.784135110053,0,1,0,0,2,0,2,2,1,0,0,0
136000.0,101,-31.544528,49.022255,120.0,9.903025,102,-31.561923,48.942651,155.0,20.0,7800.489701,3,-1,0,-104.40335828490562,75.63829773007394,-224.4033582849056,-79.36170226992606,35.0,0.0,0.12390598949840204,13.174643240733,-7555.309256188862,-1940.345747219807,-219.7741977130676,7588.423739627793,0,1,0,0,2,0,2,2,1,0,0,0
137000.0,101,-31.544572,49.022346,120.0,9.903025,102,-31.562086,48.94274,155.0,20.0,7803.858947,3,-1,0,-104.49729602890295,75.54436115520552,-224.49729602890295,-79.45563884479448,35.0,0.0,0.12390598949840204,13.174643240733,-7555.379829185508,-1953.573674425589,-221.21960850627917,7589.050156471787,0,1,0,0,2,0,2,2,1,0,0,0
138000.0,101,-31.544617,49.022436,120.0,9.903025,102,-31.562249,48.94283,155.0,20.0,7807.248836,3,-1,0,-104.59070867969442,75.45094862755434,-224.59070867969442,-79.54905137244566,35.0,0.0,0.12390598949840204,13.174643240733,-7555.465329344847,-1966.7430041292398,-222.6586320324133,7589.69331409033,0,1,0,0,2,0,2,2,1,0,0,0
139000.0,101,-31.544662,49.022527,120.0,9.903025,102,-31.562412,48.942919,155.0,20.0,7810.659341,3,-1,0,-104.68369044924563,75.35796802773118,-224.68369044924563,-79.64203197226882,35.0,0.0,0.12390598949840204,13.174643240733,-7555.562794096831,-1979.8662090177318,-224.09262806466984,7590.350741138539,0,1,0,0,2,0,2,2,1,0,0,0
140000.0,101,-31.544706,49.022617,120.0,9.903025,102,-31.562575,48.943008,155.0,20.0,7814.090436,3,-1,0,-104.77755558506237,75.26410353776264,-224.77755558506237,-79.73589646223736,35.0,0.0,0.12390598949840204,13.174643240733,-7555.626735357649,-1993.116649354826,-225.54049192123887,7590.984697088402,0,1,0,0,2,0,2,2,1,0,0,0
141000.0,101,-31.544751,49.022708,120.0,9.903025,102,-31.562738,48.943097,155.0,20.0,7817.542093,3,-1,0,-104.8703705853605,75.17128970720579,-224.8703705853605,-79.82871029279421,35.0,0.0,0.12390598949840204,13.174643240733,-7555.724176278931,-2006.2394044133648,-226.97443877871743,7591.650781707775,0,1,0,0,2,0,2,2,1,0,0,0
142000.0,101,-31.544795,49.022798,120.0,9.903025,102,-31.562901,48.943187,155.0,20.0,7821.014285,3,-1,0,-104.96424787886772,75.07741253625301,-224.96424787886772,-79.92258746374699,35.0,0.0,0.12390598949840204,13.174643240733,-7555.781317034152,-2019.5130936272026,-228.42483591581515,7592.2877930865025,0,1,0,0,2,0,2,2,1,0,0,0
143000.0,101,-31.54484,49.022889,120.0,9.903025,102,-31.563064,48.943276,155.0,20.0,7824.506984,3,-1,0,-105.05689559608436,74.98476598878305,-225.05689559608436,-80.01523401121695,35.0,0.0,0.12390598949840204,13.174643240733,-7555.878660954597,-2032.63553142115,-229.85874800796697,7592.96247149799,0,1,0,0,2,0,2,2,1,0,0,0
144000.0,101,-31.544884,49.022979,120.0,9.903025,102,-31.563227,48.943365,155.0,20.0,7828.020164,3,-1,0,-105.15042643962084,74.89123579111055,-225.15042643962084,-80.10876420888945,35.0,0.0,0.12390598949840204,13.174643240733,-7555.94155005599,-2045.8853780522647,-231.30654591253804,7593.6129376782965,0,1,0,0,2,0,2,2,1,0,0,0
145000.0,101,-31.544929,49.02307,120.0,9.903025,102,-31.56339,48.943454,155.0,20.0,7831.553796,3,-1,0,-105.24290436688686,74.79875903360443,-225.24290436688688,-80.20124096639557,35.0,0.0,0.12390598949840204,13.174643240733,-7556.0388781269185,-2059.007365668346,-232.74040880009912,7594.296271048035,0,1,0,0,2,0,2,2,1,0,0,0
146000.0,101,-31.544973,49.02316,120.0,9.903025,102,-31.563553,48.943543,155.0,20.0,7835.107853,3,-1,0,-105.33626527383817,74.70539877252247,-225.33626527383817,-80.29460122747753,35.0,0.0,0.12390598949840204,13.174643240733,-7556.101285971436,-2072.256843222646,-234.18816588325672,7594.955021954928,0,1,0,0,2,0,2,2,1,0,0,0
147000.0,101,-31.545018,49.023251,120.0,9.903025,102,-31.563716,48.943633,155.0,20.0,7838.682308,3,-1,0,-105.42875599649963,74.61290869632182,-225.42875599649963,-80.38709130367818,35.0,0.0,0.12390598949840204,13.174643240733,-7556.191903999663,-2085.4026555277437,-235.62462505994833,7595.641465291605,0,1,0,0,2,0,2,2,1,0,0,0
148000.0,101,-31.545062,49.023341,120.0,9.903025,102,-31.563879,48.943722,155.0,20.0,7842.277131,3,-1,0,-105.52194647652996,74.51971886216376,-225.52194647652996,-80.48028113783624,35.0,0.0,0.12390598949840204,13.174643240733,-7556.2537562728185,-2098.6518935303457,-237.072355397778,7596.308436641313,0,1,0,0,2,0,2,2,1,0,0,0
149000.0,101,-31.545107,49.023432,120.0,9.903025,102,-31.564042,48.943811,155.0,20.0,7845.892296,3,-1,0,-105.61408139597792,74.42758511249929,-225.6140813959779,-80.57241488750071,35.0,0.0,0.12390598949840204,13.174643240733,-7556.350987287504,-2111.7731121858988,-238.50613416578116,7597.009013393652,0,1,0,0,2,0,2,2,1,0,0,0
150000.0,101,-31.545151,49.023522,120.0,9.903025,102,-31.564205,48.9439,155.0,20.0,7849.527774,3,-1,0,-105.70709896901133,74.33456818534603,-225.70709896901133,-80.66543181465397,35.0,0.0,0.12390598949840204,13.174643240733,-7556.41236834023,-2125.0219750374768,-239.95382302881774,7597.684268959513,0,1,0,0,2,0,2,2,1,0,0,0
151000.0,101,-31.545196,49.023613,120.0,9.903025,102,-31.564368,48.943989,155.0,20.0,7853.183537,3,-1,0,-105.79905971815687,74.24260860599217,-225.79905971815685,-80.75739139400783,35.0,0.0,0.12390598949840204,13.174643240733,-7556.509595897549,-2138.1427438120427,-241.38755263740265,7598.39349666522,0,1,0,0,2,0,2,2,1,0,0,0
152000.0,101,-31.54524,49.023703,120.0,9.903025,102,-31.564531,48.944079,155.0,20.0,7856.859557,3,-1,0,-105.89209195431452,74.14957649240746,-225.89209195431454,-80.85042350759254,35.0,0.0,0.12390598949840204,13.174643240733,-7556.563412813047,-2151.416158384396,-242.8379163503979,7599.071170163126,0,1,0,0,2,0,2,2,1,0,0,0
153000.0,101,-31.545285,49.023794,120.0,9.903025,102,-31.564694,48.944168,155.0,20.0,7860.555805,3,-1,0,-105.98387808917452,74.05779152734708,-225.98387808917454,-80.94220847265292,35.0,0.0,0.12390598949840204,13.174643240733,-7556.660561504803,-2164.53660669371,-244.2716108625747,7599.788983415428,0,1,0,0,2,0,2,2,1,0,0,0
154000.0,101,-31.545329,49.023884,120.0,9.903025,102,-31.564857,48.944257,155.0,20.0,7864.272253,3,-1,0,-106.07654649528236,73.96512376713515,-226.07654649528234,-81.03487623286485,35.0,0.0,0.12390598949840204,13.174643240733,-7556.720932739312,-2177.7848410725055,-245.71923001835856,7600.480739511342,0,1,0,0,2,0,2,2,1,0,0,0
155000.0,101,-31.545374,49.023975,120.0,9.903025,102,-31.56502,48.944346,155.0,20.0,7868.008871,3,-1,0,-106.16815563682493,73.8735157954029,-226.16815563682493,-81.1264842045971,35.0,0.0,0.12390598949840204,13.174643240733,-7556.818085542938,-2190.904839591591,-247.1528753888122,7601.2072001350925,0,1,0,0,2,0,2,2,1,0,0,0
156000.0,101,-31.545419,49.024065,120.0,9.903025,102,-31.565183,48.944436,155.0,20.0,7871.765633,3,-1,0,-106.26006149636856,73.78161005903388,-226.26006149636856,-81.21838994096612,35.0,0.0,0.12390598949840204,13.174643240733,-7556.900516834241,-2204.0754886233553,-248.59203991659606,7601.925824963278,0,1,0,0,2,0,2,2,1,0,0,0
157000.0,101,-31.545463,49.024156,120.0,9.903025,102,-31.565346,48.944525,155.0,20.0,7875.542507,3,-1,0,-106.35227149801719,73.68940122660973,-226.3522714980172,-81.31059877339027,35.0,0.0,0.12390598949840204,13.174643240733,-7556.967658137356,-2217.297813427385,-250.03683504165602,7602.6361535287715,0,1,0,0,2,0,2,2,1,0,0,0
158000.0,101,-31.545508,49.024246,120.0,9.903025,102,-31.565509,48.944614,155.0,20.0,7879.339467,3,-1,0,-106.44380828436523,73.59786508676216,-226.44380828436522,-81.40213491323784,35.0,0.0,0.12390598949840204,13.174643240733,-7557.057275965855,-2230.4429524189513,-251.47321962149258,7603.369352411965,0,1,0,0,2,0,2,2,1,0,0,0
159000.0,101,-31.545552,49.024337,120.0,9.903025,102,-31.565672,48.944703,155.0,20.0,7883.156481,3,-1,0,-106.53583705957509,73.50583748079241,-226.5358370595751,-81.49416251920759,35.0,0.0,0.12390598949840204,13.174643240733,-7557.1241299446765,-2243.6646337053617,-252.91794413788523,7604.088092183544,0,1,0,0,2,0,2,2,1,0,0,0
160000.0,101,-31.545597,49.024427,120.0,9.903025,102,-31.565835,48.944792,155.0,20.0,7886.993523,3,-1,0,-106.62719536660634,73.41447982026953,-226.62719536660634,-81.58552017973047,35.0,0.0,0.12390598949840204,13.174643240733,-7557.213597371942,-2256.809578927865,-254.35430739115424,7604.829802173318,0,1,0,0,2,0,2,2,1,0,0,0
161000.0,101,-31.545641,49.024518,120.0,9.903025,102,-31.565998,48.944882,155.0,20.0,7890.850562,3,-1,0,-106.71923931188631,73.32243652090933,-226.71923931188633,-81.67756347909067,35.0,0.0,0.12390598949840204,13.174643240733,-7557.272336982172,-2270.056698961443,-255.80180311226667,7605.550496751448,0,1,0,0,2,0,2,2,1,0,0,0
162000.0,101,-31.545686,49.024608,120.0,9.903025,102,-31.566161,48.944971,155.0,20.0,7894.727568,3,-1,0,-106.8104187512702,73.23125772804163,-226.81041875127022,-81.76874227195837,35.0,0.0,0.12390598949840204,13.174643240733,-7557.361572669427,-2283.201575174362,-257.238158587122,7606.300647419683,0,1,0,0,2,0,2,2,1,0,0,0
163000.0,101,-31.54573,49.024699,120.0,9.903025,102,-31.566324,48.94506,155.0,20.0,7898.624513,3,-1,0,-106.90208199588379,73.13959565268433,-226.9020819958838,-81.86040434731567,35.0,0.0,0.12390598949840204,13.174643240733,-7557.427787739854,-2296.4220932707426,-258.6827553519875,7607.036143752409,0,1,0,0,2,0,2,2,1,0,0,0
164000.0,101,-31.545775,49.024789,120.0,9.903025,102,-31.566487,48.945149,155.0,20.0,7902.541368,3,-1,0,-106.99308028853127,73.04859800655849,-226.99308028853127,-81.95140199344151,35.0,0.0,0.12390598949840204,13.174643240733,-7557.516879945976,-2309.566773722499,-260.11908928972144,7607.794801500649,0,1,0,0,2,0,2,2,1,0,0,0
165000.0,101,-31.545819,49.02488,120.0,9.903025,102,-31.56665,48.945238,155.0,20.0,7906.478101,3,-1,0,-107.0845583104534,72.9571211539009,-227.08455831045342,-82.0428788460991,35.0,0.0,0.12390598949840204,13.174643240733,-7557.582825392983,-2322.786645156542,-261.56361512050444,7608.538708580765,0,1,0,0,2,0,2,2,1,0,0,0
166000.0,101,-31.545864,49.02497,120.0,9.903025,102,-31.566813,48.945328,155.0,20.0,7910.434685,3,-1,0,-107.17557664584697,72.8661029417004,-227.17557664584697,-82.1338970582996,35.0,0.0,0.12390598949840204,13.174643240733,-7557.663520108457,-2335.9578383337516,-263.00283731934564,7609.299073755785,0,1,0,0,2,0,2,2,1,0,0,0
167000.0,101,-31.545908,49.025061,120.0,9.903025,102,-31.566976,48.945417,155.0,20.0,7914.411089,3,-1,0,-107.26686909617707,72.77481166064769,-227.26686909617706,-82.22518833935231,35.0,0.0,0.12390598949840204,13.174643240733,-7557.729118473527,-2349.177187328263,-264.44730570954823,7610.051324873212,0,1,0,0,2,0,2,2,1,0,0,0
168000.0,101,-31.545953,49.025151,120.0,9.903025,102,-31.567139,48.945506,155.0,20.0,7918.407282,3,-1,0,-107.35750214752278,72.68417925583935,-227.35750214752278,-82.31582074416065,35.0,0.0,0.12390598949840204,13.174643240733,-7557.817843719217,-2362.3215963941125,-265.88360961743604,7610.826916721241,0,1,0,0,2,0,2,2,1,0,0,0
169000.0,101,-31.545997,49.025242,120.0,9.903025,102,-31.567302,48.945595,155.0,20.0,7922.423236,3,-1,0,-107.4486068100599,72.59307576259027,-227.4486068100599,-82.40692423740973,35.0,0.0,0.12390598949840204,13.174643240733,-7557.883184358633,-2375.5402968381145,-267.32800687947287,7611.587578162511,0,1,0,0,2,0,2,2,1,0,0,0
170000.0,101,-31.546042,49.025332,120.0,9.903025,102,-31.567465,48.945685,155.0,20.0,7926.458921,3,-1,0,-107.53926109920351,72.50242159664768,-227.53926109920351,-82.49757840335232,35.0,0.0,0.12390598949840204,13.174643240733,-7557.963176964567,-2388.711711770212,-268.7672525866747,7612.364599218112,0,1,0,0,2,0,2,2,1,0,0,0
171000.0,101,-31.546086,49.025423,120.0,9.903025,102,-31.567628,48.945774,155.0,20.0,7930.514305,3,-1,0,-107.6301776532072,72.41150621193755,-227.6301776532072,-82.58849378806245,35.0,0.0,0.12390598949840204,13.174643240733,-7558.028179676437,-2401.9298859514033,-270.211591999791,7613.1336017426975,0,1,0,0,2,0,2,2,1,0,0,0
172000.0,101,-31.546131,49.025513,120.0,9.903025,102,-31.567791,48.945863,155.0,20.0,7934.589359,3,-1,0,-107.72044039627315,72.32124411541979,-227.72044039627315,-82.67875588458021,35.0,0.0,0.12390598949840204,13.174643240733,-7558.116549864612,-2415.0740184554743,-271.6478653245271,7613.926117251094,0,1,0,0,2,0,2,2,1,0,0,0
173000.0,101,-31.546176,49.025604,120.0,9.903025,102,-31.567954,48.945952,155.0,20.0,7938.684053,3,-1,0,-107.8104014069577,72.23128427463809,-227.81040140695768,-82.76871572536191,35.0,0.0,0.12390598949840204,13.174643240733,-7558.213740300594,-2428.1905916315154,-273.0811364664435,7614.7301771070315,0,1,0,0,2,0,2,2,1,0,0,0
174000.0,101,-31.54622,49.025694,120.0,9.903025,102,-31.568117,48.946041,155.0,20.0,7942.798356,3,-1,0,-107.90124195911551,72.1404443684475,-227.9012419591155,-82.8595556315525,35.0,0.0,0.12390598949840204,13.174643240733,-7558.26954725953,-2441.4354742744126,-274.5283847073153,7615.504537408414,0,1,0,0,2,0,2,2,1,0,0,0
175000.0,101,-31.546265,49.025785,120.0,9.903025,102,-31.56828,48.946131,155.0,20.0,7946.932238,3,-1,0,-107.99122390657686,72.0504630675425,-227.99122390657686,-82.9495369324575,35.0,0.0,0.12390598949840204,13.174643240733,-7558.357750335085,-2454.5794167867643,-275.96463710103933,7616.30980935091,0,1,0,0,2,0,2,2,1,0,0,0
176000.0,101,-31.546309,49.025875,120.0,9.903025,102,-31.568443,48.94622,155.0,20.0,7951.085668,3,-1,0,-108.08187513060852,71.95981248948344,-228.08187513060852,-83.04018751051656,35.0,0.0,0.12390598949840204,13.174643240733,-7558.413057236943,-2467.8240123771166,-277.4118534634908,7617.092368387912,0,1,0,0,2,0,2,2,1,0,0,0
177000.0,101,-31.546354,49.025966,120.0,9.903025,102,-31.568606,48.946309,155.0,20.0,7955.258615,3,-1,0,-108.17145606976113,71.87023272024989,-228.17145606976112,-83.12976727975011,35.0,0.0,0.12390598949840204,13.174643240733,-7558.510253221671,-2480.9398185918562,-278.84504080973164,7617.913613620468,0,1,0,0,2,0,2,2,1,0,0,0
178000.0,101,-31.546398,49.026056,120.0,9.903025,102,-31.568769,48.946398,155.0,20.0,7959.45105,3,-1,0,-108.26191585108657,71.7797735849001,-228.26191585108657,-83.2202264150999,35.0,0.0,0.12390598949840204,13.174643240733,-7558.56515316746,-2494.1840033703734,-280.2922118669808,7618.704440720962,0,1,0,0,2,0,2,2,1,0,0,0
179000.0,101,-31.546443,49.026147,120.0,9.903025,102,-31.568932,48.946487,155.0,20.0,7963.66294,3,-1,0,-108.35130454996116,71.69038605595767,-228.35130454996116,-83.30961394404233,35.0,0.0,0.12390598949840204,13.174643240733,-7558.662401767322,-2507.2993674546533,-281.7253509582793,7619.534310379139,0,1,0,0,2,0,2,2,1,0,0,0
180000.0,101,-31.546487,49.026237,120.0,9.903025,102,-31.569095,48.946577,155.0,20.0,7967.894256,3,-1,0,-108.44178708949585,71.59990363904875,-228.44178708949585,-83.40009636095125,35.0,0.0,0.12390598949840204,13.174643240733,-7558.707424248148,-2520.5715521313246,-283.175571250456,7620.325633214965,0,1,0,0,2,0,2,2,1,0,0,0
181000.0,101,-31.546532,49.026328,120.0,9.903025,102,-31.569258,48.946666,155.0,20.0,7972.144966,3,-1,0,-108.53098329954413,71.51070859893815,-228.53098329954412,-83.48929140106185,35.0,0.0,0.12390598949840204,13.174643240733,-7558.804641380575,-2533.6865931607667,-284.60867501110465,7621.164054796847,0,1,0,0,2,0,2,2,1,0,0,0
182000.0,101,-31.546576,49.026418,120.0,9.903025,102,-31.569421,48.946755,155.0,20.0,7976.41504,3,-1,0,-108.62105760295302,71.42063494152062,-228.62105760295302,-83.57936505847938,35.0,0.0,0.12390598949840204,13.174643240733,-7558.858651351224,-2546.930069560402,-286.0557677533815,7621.9713414076605,0,1,0,0,2,0,2,2,1,0,0,0
183000.0,101,-31.546621,49.026509,120.0,9.903025,102,-31.569584,48.946844,155.0,20.0,7980.704446,3,-1,0,-108.7100593101903,71.33163440423412,-228.7100593101903,-83.66836559576588,35.0,0.0,0.12390598949840204,13.174643240733,-7558.955929270216,-2560.0446702655004,-287.48882346482867,7622.818382959239,0,1,0,0,2,0,2,2,1,0,0,0
184000.0,101,-31.546665,49.026599,120.0,9.903025,102,-31.569747,48.946934,155.0,20.0,7985.013153,3,-1,0,-108.80015765449573,71.24153618256,-228.80015765449573,-83.75846381744,35.0,0.0,0.12390598949840204,13.174643240733,-7558.999712617827,-2573.3166144543166,-288.93901620694936,7623.625876400586,0,1,0,0,2,0,2,2,1,0,0,0
185000.0,101,-31.54671,49.02669,120.0,9.903025,102,-31.56991,48.947023,155.0,20.0,7989.34113,3,-1,0,-108.88896463789266,71.1527303691242,-228.88896463789266,-83.8472696308758,35.0,0.0,0.12390598949840204,13.174643240733,-7559.096965366281,-2586.4308921175434,-290.37203659563414,7624.481463750514,0,1,0,0,2,0,2,2,1,0,0,0
186000.0,101,-31.546754,49.02678,120.0,9.903025,102,-31.570073,48.947112,155.0,20.0,7993.688345,3,-1,0,-108.97864891734278,71.0630467356787,-228.97864891734278,-83.9369532643213,35.0,0.0,0.12390598949840204,13.174643240733,-7559.150102363616,-2599.673650080903,-291.8190499414973,7625.30520210303,0,1,0,0,2,0,2,2,1,0,0,0
187000.0,101,-31.546799,49.026871,120.0,9.903025,102,-31.570236,48.947201,155.0,20.0,7998.054768,3,-1,0,-109.06725921534647,70.97443760764446,-229.06725921534647,-84.02556239235554,35.0,0.0,0.12390598949840204,13.174643240733,-7559.2474233964,-2612.7874892157643,-293.25202248492155,7626.169404084287,0,1,0,0,2,0,2,2,1,0,0,0
188000.0,101,-31.546843,49.026961,120.0,9.903025,102,-31.570399,48.94729,155.0,20.0,8002.440366,3,-1,0,-109.15674638819056,70.88495108081048,-229.15674638819056,-84.11504891918952,35.0,0.0,0.12390598949840204,13.174643240733,-7559.300176748802,-2626.0298264093917,-294.6989894614961,7627.001402376034,0,1,0,0,2,0,2,2,1,0,0,0
