col1,col2,col3,col4,col5,col6,col7,col8,col9,col10,col11,col12,col13,col14,col15,col16,col17,col18,col19,col20,col21,col22,col23,col24,col25,col26,col27,col28,col29,col30,col31,col32,col33,col34,col35,col36,col37,col38,col39
9000.0,101,35.88759,84.022606,132.018399,0.88469,102,35.911757,84.000252,113.514101,28.448115,3360.172402,3,-1,0,-36.83677507626529,143.15011725886146,-168.85517407626529,29.63601625886146,18.504298000000006,-0.0013257009999999988,-25.428575227194013,10.757895419976357,-2014.5490975222426,2689.3029775082555,104.79336607633441,1691.8729665626151,0,1,2,1,0,0,2,1,0,1,0,1
10000.0,101,35.887586,84.022627,124.166922,1.018298,102,35.910873,83.999392,154.83665,26.303622,3336.62975,3,-1,0,-38.93974183861972,141.04663405237505,-163.1066638386197,-13.790015947624937,30.669727999999964,-0.002144493000000001,-10.34176632677572,23.235505768627924,-2097.0808607471645,2595.2552768606392,128.36675534803592,861.5579711945712,0,1,2,0,0,0,2,0,0,1,0,1
11000.0,101,35.887576,84.022635,128.515731,1.054663,102,35.910589,83.999368,159.196934,26.551637,3313.487817,3,-1,0,-39.310372713995775,140.67598446179463,-167.82610371399576,-18.52094953820537,30.681203000000096,0.0002480149999999988,-8.604791796513082,24.163877691189146,-2099.1639719728096,2563.730120776905,123.09956752332901,1118.1290829400639,0,1,2,0,1,0,2,0,0,0,0,1
12000.0,101,35.887571,84.022648,126.307514,1.085456,102,35.910578,83.99977,149.98773,25.361157,3290.86721,3,-1,0,-38.845055518189525,141.14152975399674,-165.15256951818952,-8.846200246003264,23.68021600000003,-0.001190480000000001,-11.810566306054133,21.317971181539207,-2064.0860927424565,2563.07541746246,134.4729155903322,564.4891546643195,0,1,2,0,0,0,2,1,0,1,0,1
13000.0,101,35.887566,84.022678,119.67462,1.27507,102,35.910719,84.000438,134.580016,25.288812,3268.910426,3,-1,0,-37.880230349549485,142.10672899848564,-157.5548503495495,7.526712998485635,14.905395999999996,-7.234499999999855e-05,-16.904639273803078,17.11908130896382,-2007.1531496872192,2580.1379046307147,135.98771002048352,385.555009032384,0,1,2,0,0,0,2,1,0,1,0,1
14000.0,101,35.887545,84.022701,124.389279,1.497621,102,35.910415,84.000394,141.004755,24.986129,3247.805429,3,-1,0,-38.306101309581486,141.68081880357494,-162.69538030958148,0.676063803574948,16.615476,-0.00030268300000000183,-14.48680332064334,18.573298930049354,-2013.1931093967614,2548.5865904299335,139.36344949918438,40.26334796977565,0,1,2,0,1,0,2,0,0,1,1,1
15000.0,101,35.887531,84.022732,123.085102,1.708172,102,35.910633,84.001223,125.193055,26.294391,3227.502059,3,-1,0,-37.01707057542966,142.9703174203542,-160.10217257542968,17.777262420354205,2.107953000000009,0.0013082620000000027,-20.056954359688383,14.221868201924936,-1943.1271038062266,2577.0189365433203,125.24483187594356,978.2399948474803,0,1,2,0,0,0,2,1,0,0,0,1
16000.0,101,35.887506,84.022761,126.636681,1.959479,102,35.91009,84.000839,139.750716,25.286,3207.198693,3,-1,0,-38.17186228245625,141.81528363492123,-164.80854328245624,2.064567634921218,13.114035000000001,-0.0010083909999999995,-14.765294058837405,18.13000340670814,-1982.1206007124576,2521.3729158163405,138.6458251774729,65.48287043023464,0,1,2,0,1,0,2,0,0,1,1,1
17000.0,101,35.88749,84.022807,123.479339,2.266716,102,35.909978,84.001086,137.983573,25.179876,3186.89533,3,-1,0,-38.03418268859298,141.95308110587894,-161.51352168859296,3.96950810587893,14.504233999999997,-0.00010612400000000122,-14.963356559920038,17.457060487504098,-1963.5465787002884,2510.136784649434,140.47896392462968,150.06294582567944,0,1,2,0,0,0,2,0,0,0,1,1
18000.0,101,35.887459,84.022858,124.753738,2.696184,102,35.909541,84.000862,146.845703,25.256456,3166.591971,3,-1,0,-38.89368661771674,141.09341600204715,-163.64742461771675,-5.752286997952837,22.09196499999996,7.657999999999987e-05,-11.597433329538774,19.607765017140114,-1988.2312162040262,2464.5976023914172,141.39804685938518,464.94094091307903,0,1,2,0,1,0,2,0,0,0,0,1
19000.0,101,35.88744,84.022901,123.552606,2.896849,102,35.909203,84.000778,151.559272,25.504335,3146.288616,3,-1,0,-39.463559488285114,140.5234687207252,-163.0161654882851,-11.035803279274802,28.006665999999996,0.0002478790000000011,-9.732251349447523,20.825128069712378,-1999.7411905910265,2429.0259829455877,137.69776826177565,792.1100347328295,0,1,2,0,0,0,2,0,0,0,0,1
20000.0,101,35.887414,84.022946,123.946959,3.15735,102,35.908824,84.000647,156.536704,26.030848,3125.985265,3,-1,0,-40.14768101119551,139.83924406429662,-164.0946400111955,-16.697459935703364,32.58974499999999,0.0005265129999999978,-7.745286717057825,22.115352072211618,-2015.51015653516,2389.4565670672346,130.63352889191188,1121.1583157644825,0,1,2,0,1,0,2,0,0,0,0,1
21000.0,101,35.8874,84.022997,121.24427,3.34443,102,35.908774,84.000994,152.313845,25.503641,3105.681917,3,-1,0,-39.818274230096954,140.16882441370603,-161.06254423009696,-12.145020586293953,31.069574999999986,-0.0005272070000000007,-8.990341469620867,20.84891030877623,-1988.7380354948357,2385.410068679374,138.00583675695495,895.2424628359219,0,1,2,0,0,0,2,1,0,1,0,1
22000.0,101,35.887374,84.023052,121.151277,3.640814,102,35.908892,84.001636,143.402303,25.1158,3085.378574,3,-1,0,-38.87020716665914,141.11723564792385,-160.02148416665915,-2.2850673520761404,22.251025999999968,-0.0003878409999999981,-11.858029344048685,18.280613988467035,-1936.2549313302382,2402.1818802492053,146.7203357234839,342.00051226472425,0,1,2,0,0,0,2,1,0,1,0,1
23000.0,101,35.887348,84.023105,121.275835,3.89089,102,35.908875,84.002045,139.177038,25.080499,3065.075234,3,-1,0,-38.39022000576889,141.59743155438414,-159.6660550057689,2.420393554384134,17.90120300000001,-3.5301000000000474e-05,-13.070264729296982,16.95925511400278,-1903.4546318706598,2402.4043486662035,148.20659233975277,116.05303255736771,0,1,2,0,2,0,2,1,0,1,1,1
24000.0,101,35.887322,84.023151,121.849801,4.025567,102,35.908654,84.002133,140.611259,25.003036,3044.771898,3,-1,0,-38.58854943791189,141.3991267854631,-160.43835043791188,0.7878677854631064,18.761458000000005,-7.746299999999806e-05,-12.446938048809082,17.199534757176167,-1899.0954724603857,2379.931153905715,148.85952082134816,186.21825090524618,0,1,2,0,1,0,2,0,0,0,1,1
25000.0,101,35.887297,84.023207,121.412142,4.252617,102,35.908422,84.002206,142.155612,24.95918,3024.468566,3,-1,0,-38.83863639677463,141.14904983260817,-160.25077839677465,-1.0065621673918201,20.743470000000002,-4.385600000000167e-05,-11.683576540808764,17.493340320690844,-1896.7325572057173,2355.80468484931,149.97423927300983,304.2485335554477,0,1,2,0,2,0,2,0,0,0,0,1
26000.0,101,35.887274,84.023265,120.600562,4.439232,102,35.908251,84.002373,142.117577,24.914704,3004.165238,3,-1,0,-38.88984405142406,141.09790611790888,-159.49040605142406,-1.019670882091134,21.517015000000015,-4.447599999999952e-05,-11.477690663501322,17.40470019105917,-1886.0903424570265,2338.305368701431,150.95389219018145,327.2319154035855,0,1,2,0,0,0,2,0,0,0,0,1
27000.0,101,35.887252,84.023308,120.834691,4.456715,102,35.907973,84.002385,144.432137,24.943182,2983.861914,3,-1,0,-39.27576442343563,140.71196761370496,-160.11045542343564,-3.720169386295055,23.59744599999999,2.847799999999978e-05,-10.681864136483233,18.005114762591866,-1888.9441948582755,2309.8315415915,149.14193708900964,478.0223928449142,0,1,2,0,1,0,2,0,0,0,0,1
28000.0,101,35.887235,84.023365,119.217435,4.578131,102,35.907859,84.002642,143.000937,24.886345,2963.558594,3,-1,0,-39.137972345942565,140.84987697811428,-158.35540734594255,-2.151060021885712,23.783502,-5.6837000000001584e-05,-10.98097946589135,17.64066235098082,-1870.5685127752126,2298.6197987238315,150.2097818036902,414.9948508095789,0,1,2,0,0,0,2,0,0,1,0,1
29000.0,101,35.887209,84.023418,119.444596,4.698325,102,35.907493,84.002541,146.787511,25.052757,2943.255278,3,-1,0,-39.81357114230621,140.1741879436035,-159.2581671423062,-6.613323056396496,27.342915000000005,0.00016641200000000112,-9.631088311983106,18.650651705766617,-1884.5418019277467,2260.808224565228,146.97967047372953,671.3947535834114,0,1,2,0,1,0,2,0,0,0,0,1
30000.0,101,35.887191,84.023478,118.179965,4.822121,102,35.907331,84.002724,146.326319,25.002974,2922.951965,3,-1,0,-39.847894925267376,140.1399363062495,-158.02785992526736,-6.186382693750517,28.14635400000003,-4.9783000000001465e-05,-9.612655742862433,18.530486798867596,-1872.8864479291367,2244.091028202899,147.63385604741674,669.0140457407332,0,1,2,0,0,0,2,0,0,1,0,1
31000.0,101,35.887157,84.023542,118.991346,5.082186,102,35.90723,84.003002,144.680259,24.924811,2902.648657,3,-1,0,-39.64988205399021,140.3380746725276,-158.6412280539902,-4.34218432747241,25.688912999999957,-7.816299999999998e-05,-9.964647858480781,17.873890226802697,-1852.164322291475,2234.9175710111695,150.2598454170076,573.7319352853955,0,1,2,0,1,0,2,1,0,1,0,1
32000.0,101,35.887137,84.023594,118.602376,5.092926,102,35.907177,84.003359,142.170476,24.877276,2882.345353,3,-1,0,-39.27562648068108,140.71250908776216,-157.8780024806811,-1.4579669122378505,23.568100000000015,-4.753499999999988e-05,-10.786183717197428,17.21091720229788,-1824.6734098876225,2231.2511470495137,150.75278774353805,414.08959321579806,0,1,2,0,0,0,2,1,0,1,0,1
33000.0,101,35.887116,84.023651,118.058771,5.162911,102,35.906909,84.003392,143.863633,24.909101,2862.042053,3,-1,0,-39.65769233937002,140.33042919849143,-157.71646333937002,-3.533203801508563,25.804862000000014,3.182500000000132e-05,-10.133032067110888,17.688467569074408,-1826.5538434242224,2203.4032246079373,149.39967980573823,539.1744111263439,0,1,2,0,2,0,2,0,0,0,0,1
34000.0,101,35.887077,84.023697,120.613482,5.242212,102,35.906768,84.003608,143.183043,24.877159,2841.738756,3,-1,0,-39.56602334526736,140.4221978942806,-160.17950534526736,-2.7608451057193975,22.56956100000002,-3.19420000000008e-05,-10.396335917223272,17.245945741955573,-1810.0936961922848,2190.6711228199865,149.2695557967578,462.4429658950018,0,1,2,0,1,0,2,1,0,1,0,1
35000.0,101,35.887062,84.023747,119.33461,5.173204,102,35.906521,84.003672,144.370101,24.905886,2821.435464,3,-1,0,-39.88024142549129,140.10798805984916,-159.2148514254913,-4.262112940150843,25.03549099999998,2.8726999999999947e-05,-9.998991910617569,17.70902643601017,-1809.062196332442,2165.1309538496134,146.95272568073526,553.696496322049,0,1,2,0,0,0,2,0,0,0,0,1
36000.0,101,35.88703,84.0238,120.509997,5.26418,102,35.906344,84.003836,144.319066,24.891949,2801.132176,3,-1,0,-39.93486935800712,140.05342523913018,-160.44486635800712,-4.265640760869815,23.809069000000022,-1.3936999999998534e-05,-9.983445901303678,17.546609516195538,-1798.092676841521,2147.8370964557316,146.64138368561942,540.7779655694695,0,1,2,0,1,0,2,1,0,1,0,1
37000.0,101,35.887022,84.023853,118.118794,5.179799,102,35.906212,84.004068,143.504381,24.861185,2780.828892,3,-1,0,-39.862605459840545,140.12579410914827,-157.98139945984053,-3.3785868908517216,25.385586999999987,-3.076400000000135e-05,-10.21803186876458,17.544719270619417,-1782.3689375256508,2134.518750708372,145.71192076119158,513.9818136617574,0,1,2,0,0,0,2,0,0,1,0,1
38000.0,101,35.886994,84.023897,119.307806,5.152593,102,35.90609,84.004317,142.561818,24.836983,2760.525613,3,-1,0,-39.707585326392504,140.2809344598874,-159.0153913263925,-2.2808835401125975,23.25401199999999,-2.4201999999998946e-05,-10.605454289082662,17.19860436404325,-1763.616092632164,2123.713713718938,144.85008662782704,432.1782228887527,0,1,2,0,1,0,2,1,0,1,0,1
39000.0,101,35.886966,84.023939,120.571763,5.121627,102,35.905737,84.004248,145.191017,24.967768,2740.222337,3,-1,0,-40.351525031356715,139.6369297260683,-160.92328803135672,-5.554087273931685,24.619253999999955,0.00013078499999999947,-9.842974248429279,17.89508126852764,-1774.2264752673275,2088.2861084282054,141.14862322190734,582.7756744751285,0,1,2,0,1,0,2,0,0,0,0,1
40000.0,101,35.886941,84.023988,120.741155,5.139464,102,35.905576,84.004436,144.855806,24.943148,2719.919066,3,-1,0,-40.356900100037876,139.6316361816833,-161.09805510003787,-5.22416981831671,24.114651000000038,-2.4619999999998755e-05,-9.940883637883697,17.769070127955427,-1761.275055683763,2072.648041471699,140.56494698300682,559.5759042103655,0,1,2,0,2,0,2,1,0,1,0,1
41000.0,101,35.886918,84.024036,120.650464,5.124071,102,35.905476,84.004718,143.589969,24.900796,2699.615799,3,-1,0,-40.133783598655825,139.85488989862333,-160.78424759865584,-3.7350791013766695,22.939504999999997,-4.2352000000001054e-05,-10.371907132977599,17.427660991973195,-1740.1036178026286,2063.9682317130305,140.32302805778846,476.0403070529258,0,1,2,0,2,0,2,1,0,1,0,1
42000.0,101,35.886895,84.024088,120.405108,5.144348,102,35.905383,84.005012,142.274535,24.873942,2679.312536,3,-1,0,-39.884813998465646,140.10400140356106,-160.28992199846564,-2.170533596438929,21.86942700000003,-2.6854000000000157e-05,-10.782995370547264,17.070476442176254,-1718.0991837945624,2055.930655496729,140.12938923496654,394.81306713734665,0,1,2,0,2,0,2,1,0,1,0,1
43000.0,101,35.886873,84.024141,119.942556,5.165901,102,35.905313,84.005345,140.66762,24.869523,2659.009278,3,-1,0,-39.54169109560909,140.4472884876163,-159.48424709560908,-0.22033151238369442,20.72506400000003,-4.418999999998619e-06,-11.286364874820471,16.657668013750882,-1692.8303959048858,2050.5256865473766,139.7053404603968,300.00080373077134,0,1,2,0,0,0,2,1,0,1,0,1
44000.0,101,35.886856,84.024186,119.446737,5.087774,102,35.905206,84.005618,139.71526,24.868582,2638.706023,3,-1,0,-39.33624007779181,140.65287320201557,-158.7829770777918,0.9376132020155694,20.268523000000016,-9.410000000009689e-07,-11.649192450521543,16.469540980392082,-1672.5971318131585,2040.8792983581545,138.19271093541047,243.32520616088556,0,1,2,0,0,0,2,1,0,1,0,1
45000.0,101,35.886839,84.024233,118.748022,5.025992,102,35.905183,84.00604,137.488915,24.941999,2618.402773,3,-1,0,-38.773557010800445,141.21577614275768,-157.52157901080045,3.7268611427576843,18.740893000000028,7.341699999999918e-05,-12.447622601280546,15.968616595673343,-1639.7592009507002,2041.3776829757912,136.13754879308752,143.44322837313712,0,1,2,0,0,0,2,1,0,1,1,1
46000.0,101,35.886826,84.024275,117.910844,4.904468,102,35.904879,84.006031,139.355347,24.938226,2598.099528,3,-1,0,-39.30028615364127,140.68901713869397,-157.21113015364125,1.333670138693975,21.444502999999997,-3.772999999998916e-06,-11.909940494487001,16.626458546045303,-1645.5965873534892,2010.5056650217064,134.38605785249274,228.34985056649276,0,1,1,0,2,0,2,0,0,0,0,1
47000.0,101,35.8868,84.024317,118.979846,4.872242,102,35.904775,84.006308,138.454312,24.94316,2577.796287,3,-1,0,-39.05809356667288,140.93134752594037,-158.0379395666729,2.47703552594038,19.47446599999995,4.933999999998661e-06,-12.280539736431098,16.30752634196803,-1624.2901514404841,2001.6780962993118,132.8767566245992,165.3836289161712,0,1,2,0,1,0,2,1,0,1,1,1
48000.0,101,35.886775,84.024373,119.029714,4.996327,102,35.904613,84.006493,138.413543,24.931183,2557.49305,3,-1,0,-39.07111803996918,140.91839871063198,-158.1008320399692,2.504855710631972,19.38382899999999,-1.1976999999998129e-05,-12.179429418132099,16.222869702062717,-1611.9483145530799,1985.5461042261868,132.85546603292698,169.86237750340666,0,1,2,0,2,0,2,1,0,0,1,1
49000.0,101,35.886762,84.024412,118.297124,4.83588,102,35.904538,84.006821,137.150501,24.965568,2537.189818,3,-1,0,-38.712437216349514,141.2772489892195,-157.0095612163495,4.126747989219496,18.853376999999966,3.438500000000033e-05,-12.720459133635545,16.010901662384455,-1586.7890851243328,1979.75568489982,130.32563648272682,128.31658819332532,0,1,1,0,0,0,2,1,0,1,1,1
50000.0,101,35.886727,84.02446,120.355741,4.942753,102,35.904427,84.007089,136.447942,24.981856,2516.88659,3,-1,0,-38.48063797261857,141.50917723926764,-158.83637897261855,5.061235239267631,16.092201000000045,1.6287999999999414e-05,-12.947709564298389,15.607660270603951,-1566.1330164831008,1970.2653327923558,129.41091362316632,120.13063904024649,0,1,2,0,1,0,2,1,0,1,1,1
51000.0,101,35.88671,84.024503,119.791148,4.866263,102,35.904199,84.007181,137.292607,24.955865,2496.583367,3,-1,0,-38.73683263956523,141.2530113315151,-158.52798063956524,3.960404331515093,17.501458999999954,-2.599100000000121e-05,-12.703279031201001,15.920491956202001,-1562.2226302361917,1947.4057004021975,128.2777515286118,116.30645267209795,0,1,2,0,2,0,2,0,0,1,1,1
52000.0,101,35.886689,84.024551,119.664326,4.867313,102,35.904036,84.007367,137.285207,24.945993,2476.280149,3,-1,0,-38.741209233975184,141.24871566997578,-158.40553523397517,3.9635086699757665,17.620880999999997,-9.871999999997882e-06,-12.692697047934915,15.91988636112314,-1549.6655490198339,1931.4502485211779,127.32943197545255,116.46396493833338,0,1,2,0,2,0,2,0,0,0,1,1
53000.0,101,35.886664,84.024596,120.267504,4.874804,102,35.903928,84.00764,136.56876,24.964596,2455.976935,3,-1,0,-38.50209580294735,141.48796279489684,-158.76959980294737,4.919202794896847,16.301255999999967,1.8602999999998815e-05,-12.95247117614423,15.672202224314027,-1528.9518949193161,1922.0116566437957,125.9445346193458,114.71115136758064,0,1,2,0,2,0,2,1,0,1,1,1
54000.0,101,35.88664,84.024637,120.825424,4.829996,102,35.903838,84.007946,135.628113,25.003684,2435.673725,3,-1,0,-38.16984677600667,141.82036720634557,-158.99527077600666,6.192254206345552,14.802688999999987,3.908799999999957e-05,-13.337718483408683,15.398025028642191,-1505.233536871691,1914.8834152846266,123.92262244544688,147.76438922306508,0,1,2,0,2,0,2,1,0,0,1,1
55000.0,101,35.886621,84.024689,120.053095,4.867933,102,35.903633,84.00807,136.183947,24.978711,2415.370521,3,-1,0,-38.35242079763263,141.63783542500482,-158.40551579763263,5.453888425004834,16.130852000000004,-2.4972999999999247e-05,-13.080398537298805,15.58592337291637,-1498.7296220269193,1894.1552929405914,123.65988524549569,123.34266439992508,0,1,2,0,0,0,2,0,0,1,1,1
56000.0,101,35.886602,84.024722,120.490008,4.721644,102,35.903439,84.008209,136.59432,24.959889,2395.067321,3,-1,0,-38.46243161789183,141.52788677777258,-158.95243961789183,4.933566777772569,16.10431200000005,-1.8822000000000116e-05,-13.082701736068271,15.737816980808603,-1489.7351141323866,1875.3764320378675,121.7330741844967,110.52499210049918,0,1,2,0,1,0,2,1,0,1,1,1
57000.0,101,35.886577,84.024773,120.537422,4.798532,102,35.903307,84.008444,136.223846,24.967011,2374.764126,3,-1,0,-38.32780136905059,141.66262492430184,-158.8652233690506,5.438778924301829,15.686423999999988,7.121999999998962e-06,-13.140281351013774,15.589247100529077,-1472.7331320745122,1862.944383449635,121.07975728574642,120.81940946197261,0,1,2,0,2,0,2,1,0,0,1,1
58000.0,101,35.886558,84.024824,119.748522,4.820919,102,35.903151,84.008642,136.16484,24.962591,2354.460935,3,-1,0,-38.30500392569955,141.68550857390525,-158.05352592569955,5.520668573905255,16.416318000000047,-4.419999999999647e-06,-13.103162115373935,15.614287795149682,-1459.406884179315,1847.597856908017,120.36536200815073,121.98369025918748,0,1,2,0,0,0,2,0,0,0,1,1
59000.0,101,35.886524,84.024872,121.523131,4.937168,102,35.903051,84.008932,135.40234,24.996475,2334.15775,3,-1,0,-37.996633031568045,141.99402136764613,-159.51976403156806,6.5916813676461175,13.879208999999946,3.388400000000047e-05,-13.342038381429226,15.21749559148231,-1436.9429132082748,1839.425852288039,119.2898557905812,156.4988381974877,0,1,2,0,1,0,2,1,0,0,1,1
60000.0,101,35.886499,84.024931,120.803106,5.066502,102,35.9029,84.009137,135.310833,24.994816,2313.85457,3,-1,0,-37.95367205882515,142.03706795965024,-158.75677805882515,6.726234959650242,14.507726999999988,-1.659000000000077e-06,-13.226080361853908,15.175123740435783,-1423.0763435487218,1824.4935438476853,119.27567746599252,155.1496319575192,0,1,2,0,0,0,2,0,0,1,1,1
61000.0,101,35.886481,84.024988,119.587783,5.115105,102,35.902732,84.009318,135.406345,24.985826,2293.551394,3,-1,0,-37.99003079601859,142.0007819439441,-157.57781379601857,6.5944369439441175,15.818561999999986,-8.99000000000072e-06,-13.093807261411323,15.266885496950142,-1411.7367441357085,1807.5888255287628,118.92721988553359,145.69643167164537,0,1,2,0,0,0,2,0,0,1,1,1
62000.0,101,35.886459,84.025033,119.737812,5.068657,102,35.902597,84.00955,135.115314,24.995563,2273.248224,3,-1,0,-37.850450585311194,142.14047180920417,-157.5882625853112,7.02515780920416,15.377501999999993,9.737000000001216e-06,-13.237787479121192,15.19585309988729,-1394.8709530021486,1794.9909505036596,117.35011589163149,159.0200719036813,0,1,2,0,2,0,2,1,0,0,1,1
63000.0,101,35.886446,84.025087,118.06601,5.048757,102,35.902438,84.009744,135.119504,24.991334,2252.945058,3,-1,0,-37.85065610831004,142.14034838616473,-155.91666610831004,7.020844386164725,17.053494,-4.229000000002259e-06,-13.179590980809728,15.332979442448405,-1382.419259373186,1778.9543067995633,116.5466572710403,153.8289570780228,0,1,1,0,0,0,2,0,0,1,1,1
64000.0,101,35.886427,84.025133,117.857788,5.003258,102,35.902229,84.009863,135.691245,24.970618,2232.641898,3,-1,0,-38.05029993960431,141.94074737893143,-155.90808793960431,6.249502378931425,17.833456999999953,-2.0715999999996625e-05,-13.019160800105219,15.530709466942637,-1376.0956038341528,1758.1384285127722,115.5338324251804,133.07183881033131,0,1,1,0,2,0,2,0,0,1,1,1
65000.0,101,35.886408,84.025187,117.314953,5.032243,102,35.902087,84.010084,135.481162,24.976046,2212.338743,3,-1,0,-37.961906963196505,142.02923828332874,-155.2768599631965,6.548076283328726,18.166209000000038,5.427999999998434e-06,-13.040662769456155,15.49921641008067,-1360.892371316943,1744.2518933543308,114.68818554351444,138.7782028547374,0,1,1,0,0,0,2,0,0,0,1,1
66000.0,101,35.886392,84.025218,117.719191,4.82011,102,35.901928,84.010278,135.472246,24.973227,2192.035593,3,-1,0,-37.91506282988427,142.07617800057005,-155.63425382988427,6.60393200057004,17.753055000000018,-2.8189999999987947e-06,-13.24564834608838,15.561665271905559,-1346.9897076074208,1729.3463414187852,112.1558335185195,139.5058763675749,0,1,1,0,2,0,2,1,0,0,1,1
67000.0,101,35.886363,84.025265,118.941343,4.877979,102,35.90177,84.010475,135.444239,24.971641,2171.732448,3,-1,0,-37.86645799058109,142.12487080289458,-156.8078009905811,6.680631802894567,16.50289600000002,-1.5859999999996433e-06,-13.251384756904411,15.433469549093811,-1333.0596531442195,1714.4602027621077,111.26449069929185,141.37541783788788,0,1,1,0,1,0,2,1,0,0,1,1
68000.0,101,35.886346,84.025318,118.058291,4.904676,102,35.901615,84.010676,135.392397,24.971431,2151.429309,3,-1,0,-37.83710842805462,142.15430715392162,-155.89539942805462,6.761910153921633,17.334105999999963,-2.1000000000270802e-07,-13.207898735124466,15.470971928570497,-1319.7269273193556,1699.108268749355,110.54620416285086,140.79824562715655,0,1,1,0,0,0,2,0,0,1,1,1
69000.0,101,35.886321,84.025368,118.533101,4.957398,102,35.901481,84.010911,135.092832,24.984014,2131.126176,3,-1,0,-37.68320779859002,142.30831626278285,-156.21630879859003,7.215484262782866,16.559731,1.2582999999999344e-05,-13.282440184968044,15.326983573763997,-1302.747037380981,1686.5790626672267,109.57773164951494,152.87679834259413,0,1,1,0,2,0,2,1,0,0,1,1
70000.0,101,35.8863,84.025413,118.746556,4.923063,102,35.901345,84.011142,134.833855,24.995474,2110.823047,3,-1,0,-37.53551806623805,142.45611506019506,-156.28207406623804,7.62226006019506,16.087298999999973,1.1460000000003134e-05,-13.409323428036892,15.255464336827123,-1286.0255217825754,1673.8316202862875,108.10978024140402,165.48712267633368,0,1,1,0,2,0,2,1,0,0,1,1
71000.0,101,35.886281,84.025461,118.385146,4.904764,102,35.901172,84.011317,134.988576,24.987592,2090.519925,3,-1,0,-37.57295791064735,142.41874969318164,-155.95810391064737,7.430173693181644,16.603429999999946,-7.882000000002165e-06,-13.357345039827061,15.33366657118815,-1274.738751820077,1656.8991132323654,107.12164052489244,156.7783837137269,0,1,1,0,2,0,2,0,0,1,1,1
72000.0,101,35.886255,84.025507,119.160629,4.928457,102,35.900981,84.011464,135.345069,24.974266,2070.216808,3,-1,0,-37.68318061303936,142.30858622697892,-156.84380961303935,6.963517226978922,16.184439999999995,-1.3325999999999283e-05,-13.248987355822525,15.364069160424807,-1265.5126604199093,1638.3758233209599,106.27615932987442,142.64651127087933,0,1,1,0,1,0,2,1,0,1,1,1
73000.0,101,35.886227,84.025551,120.36886,4.936643,102,35.900822,84.01166,135.330358,24.973692,2049.913696,3,-1,0,-37.62929366700765,142.36256230626253,-157.99815366700764,7.032204306262543,14.961498000000006,-5.740000000002965e-07,-13.29767558077901,15.26479861864828,-1251.5751326363065,1623.4857093349458,105.04728418553591,146.6740483607323,0,1,2,0,1,0,2,1,0,0,1,1
74000.0,101,35.886201,84.025597,120.85798,4.949541,102,35.900649,84.011834,135.47614,24.967542,2029.610591,3,-1,0,-37.65335346169479,142.33857757488533,-158.5113334616948,6.862437574885348,14.618159999999989,-6.149999999998101e-06,-13.258505499032594,15.262143304501372,-1239.8539455857078,1606.8856041159004,104.07052033973805,141.18903725466888,0,1,2,0,1,0,2,1,0,1,1,1
75000.0,101,35.886174,84.025643,121.627014,4.969517,102,35.900466,84.011992,135.735592,24.958819,2009.307491,3,-1,0,-37.727855285611824,142.2641414345258,-159.3548692856118,6.528549434525814,14.108577999999966,-8.723000000003367e-06,-13.189077690698541,15.267718221976065,-1229.5186304998167,1589.2138089768068,103.13159000911273,131.50820611846336,0,1,2,0,1,0,2,1,0,1,1,1
76000.0,101,35.886154,84.02569,121.007688,4.945578,102,35.900346,84.012253,135.257308,24.982244,1989.004398,3,-1,0,-37.48475972844091,142.50736246847367,-158.4924477284409,7.250054468473678,14.249619999999936,2.3425000000003138e-05,-13.346758585305507,15.196537736118355,-1210.4093844242493,1578.3052991614304,101.7727876116703,151.28824882232877,0,1,2,0,0,0,2,0,0,0,1,1
77000.0,101,35.886129,84.025745,120.762813,5.034298,102,35.900133,84.01237,135.831585,24.96828,1968.70131,3,-1,0,-37.726101491318516,142.26605707727037,-158.4889144913185,6.434472077270385,15.068772000000024,-1.396400000000142e-05,-13.071210993161852,15.334648666712349,-1204.623573412936,1557.1341927957155,101.56881898519919,123.00450169509105,0,1,2,0,2,0,2,0,0,1,1,1
78000.0,101,35.886102,84.025785,121.871691,4.984212,102,35.899912,84.012477,136.467147,24.95782,1948.398229,3,-1,0,-37.974018870596765,142.01817900177252,-159.84570987059675,5.551032001772512,14.595456000000013,-1.045999999999836e-05,-12.957451640494106,15.462151546135516,-1198.857386857733,1535.9025440264704,100.26298602148296,101.32088806541891,0,1,2,0,1,0,2,1,0,1,1,1
79000.0,101,35.886087,84.025827,121.052568,4.876497,102,35.899757,84.012679,136.384921,24.958323,1928.095154,3,-1,0,-37.92112642279683,142.07116526913222,-158.97369442279683,5.6862442691322315,15.332352999999955,5.029999999983659e-07,-13.038835762898158,15.554169211294301,-1184.9612269081847,1520.992377891005,98.71989797144404,103.2564077989648,0,1,2,0,0,0,2,0,0,0,1,1
80000.0,101,35.886057,84.025878,121.638026,4.972749,102,35.899524,84.01277,137.128603,24.953699,1907.792085,3,-1,0,-38.25262796540978,141.7396872017818,-159.89065396540977,4.611084201781807,15.49057700000003,-4.623999999999739e-06,-12.743682032685573,15.679671888537346,-1181.1712535185627,1498.1672501593523,98.32216188978819,83.95810646614294,0,1,2,0,1,0,2,0,0,1,1,1
81000.0,101,35.886026,84.025931,122.362592,5.09194,102,35.899326,84.012909,137.492548,24.948398,1887.489023,3,-1,0,-38.41704763686149,141.57531797067887,-160.7796396368615,4.082769970678868,15.129955999999993,-5.300999999999334e-06,-12.556238014890472,15.666105750792665,-1172.8496861533172,1478.8638969274896,97.92419194050468,79.15809197225643,0,1,2,0,1,0,2,1,0,1,1,1
82000.0,101,35.886015,84.025977,120.45398,4.97142,102,35.899127,84.013047,137.850739,24.944648,1867.185968,3,-1,0,-38.6166194660808,141.3758000973776,-159.0705994660808,3.525061097377602,17.396758999999975,-3.750000000000142e-06,-12.453916994768178,15.974195954118162,-1165.3224544426455,1458.906102622052,96.56036157898565,91.48693138749866,0,1,2,0,0,0,2,0,0,0,1,1
83000.0,101,35.885991,84.026015,121.377603,4.900054,102,35.898897,84.013143,138.526226,24.949923,1846.882919,3,-1,0,-38.93390981763587,141.05854377245237,-160.31151281763587,2.532317772452359,17.148622999999986,5.274999999997476e-06,-12.340321488099569,16.142612733600068,-1160.6247046678368,1436.6373277235477,95.02236978645854,98.00717022949522,0,1,2,0,1,0,2,1,0,0,1,1
84000.0,101,35.885964,84.026056,122.25709,4.871418,102,35.898667,84.013241,139.175484,24.958817,1826.579877,3,-1,0,-39.25410038231805,140.7383866481833,-161.51119038231806,1.5629026481832966,16.918393999999978,8.894000000001511e-06,-12.19711608048034,16.286751978816447,-1155.7880464850832,1414.4073100290204,93.69178800650738,112.28484299031965,0,1,2,0,1,0,2,1,0,0,1,1
85000.0,101,35.885944,84.026107,121.450468,4.904326,102,35.898515,84.013446,138.9891,24.95423,1806.276842,3,-1,0,-39.20801968336144,140.7845576471496,-160.65848768336144,1.7954576471495898,17.538632000000007,-4.587000000000785e-06,-12.191191411829724,16.271194250101242,-1141.8158065235316,1399.6044776716421,92.94209326695086,113.0129165875842,0,1,2,0,0,0,2,0,0,0,1,1
86000.0,101,35.88592,84.026168,120.610854,5.050936,102,35.898385,84.013686,138.553693,24.954258,1785.973814,3,-1,0,-39.04623192908345,140.9464503560064,-159.65708592908345,2.392757356006399,17.942838999999992,2.800000000036107e-08,-12.170604215881905,16.133162373030228,-1125.0693189673184,1387.054970724708,92.76992031947276,109.69005249260191,0,1,2,0,0,0,2,0,0,1,1,1
87000.0,101,35.885903,84.026215,119.816372,4.990622,102,35.898237,84.013898,138.327951,24.951724,1765.670793,3,-1,0,-38.96946299326494,141.02331603932808,-158.78583499326493,2.695365039328067,18.511578999999983,-2.5340000000007024e-06,-12.259573394557712,16.15655851134269,-1110.4411414653812,1372.7759542599479,91.49632634831859,106.08954930509866,0,1,2,0,0,0,2,0,0,1,1,1
88000.0,101,35.885888,84.026267,118.444894,4.981488,102,35.898107,84.014139,137.906464,24.954596,1745.36778,3,-1,0,-38.79886566074854,141.19402418746398,-157.24375966074854,3.2875601874639813,19.46157000000005,2.871999999999986e-06,-12.348035419006386,16.144845669540903,-1093.627173167178,1360.2530255700578,90.52840830732798,104.16912273369606,0,1,1,0,0,0,2,0,0,1,1,1
89000.0,101,35.885856,84.026312,120.228621,5.013672,102,35.897896,84.01426,138.388938,24.955882,1725.064774,3,-1,0,-39.03617663158087,140.95675779304,-159.26479763158088,2.5678197930400017,18.16031700000002,1.2860000000003425e-06,-12.240536914932296,16.134620367027797,-1086.4646954558807,1339.941394249626,89.44228358739284,103.51378156724843,0,1,2,0,1,0,2,1,0,1,1,1
90000.0,101,35.885836,84.026358,119.974397,4.984272,102,35.89774,84.014459,138.269424,24.952202,1704.761776,3,-1,0,-38.996559524381084,140.9964646124483,-158.97095652438108,2.72704061244832,18.295026999999948,-3.6799999999992393e-06,-12.291282530646635,16.131199133901465,-1072.7617915621538,1324.9131486535382,88.28028380380927,99.91566851718133,0,1,2,0,2,0,2,0,0,1,1,1
91000.0,101,35.885815,84.026409,119.540576,5.002161,102,35.897547,84.014605,138.54829,24.950771,1684.458785,3,-1,0,-39.17996745240295,140.8131123966217,-158.72054345240295,2.264822396621696,19.00771400000002,-1.431000000000182e-06,-12.165211587076842,16.234685769041256,-1064.170847346195,1305.734201904108,87.38538243344384,112.94546919213366,0,1,2,0,2,0,2,0,0,0,1,1
92000.0,101,35.885787,84.026452,120.719033,4.990813,102,35.897329,84.01472,139.074962,24.958012,1664.155803,3,-1,0,-39.46678931918082,140.52633276058518,-160.18582231918083,1.4513707605851778,18.35592900000006,7.241000000000497e-06,-12.0587560370928,16.30800756361557,-1057.7887713748573,1284.7168761294627,86.1085404275814,121.11010911518342,0,1,2,0,1,0,2,1,0,0,1,1
93000.0,101,35.885759,84.026499,121.402762,5.026991,102,35.897129,84.014857,139.411057,24.960644,1643.852829,3,-1,0,-39.67261973490819,140.3205551263976,-161.07538173490818,0.9094981263976081,18.008295000000032,2.6319999999984135e-06,-11.949419987159162,16.335717614622475,-1049.4357564742797,1265.281279575636,85.1367789322677,129.5297822853405,0,1,2,0,1,0,2,1,0,0,1,1
94000.0,101,35.885726,84.026545,122.870022,5.081549,102,35.89698,84.015066,139.177097,24.954851,1623.549864,3,-1,0,-39.564476139516124,140.4287942955432,-162.43449813951614,1.2516972955432095,16.307074999999998,-5.792999999997051e-06,-12.045550681631816,16.126244391620798,-1034.113823251039,1251.6080702262739,84.20788143910609,108.17326883958296,0,1,2,0,1,0,2,1,0,1,1,1
95000.0,101,35.885711,84.026603,120.815237,5.112276,102,35.89689,84.015377,138.230198,24.972646,1603.246907,3,-1,0,-39.126329298012685,140.8670894666554,-159.94156629801267,2.636891466655385,17.41496099999995,1.779499999999956e-05,-12.244721431258466,16.006406375445543,-1011.700678931153,1243.7292233662881,83.44550881894006,92.48296940545332,0,1,2,0,0,0,2,0,0,1,1,1
96000.0,101,35.885689,84.026655,120.349602,5.133241,102,35.896712,84.015543,138.356336,24.967922,1582.943958,3,-1,0,-39.23431781293565,140.75916779986676,-159.58391981293565,2.4028317998667603,18.006733999999994,-4.723999999999506e-06,-12.161308166887373,16.064628282139953,-1001.2015254470982,1226.094237655128,82.56909126874638,100.39077489429341,0,1,2,0,2,0,2,0,0,0,1,1
97000.0,101,35.885668,84.026701,120.158391,5.07995,102,35.896568,84.015761,138.090923,24.964611,1562.641019,3,-1,0,-39.111543019518834,140.8820434407036,-159.26993401951881,2.791120440703594,17.93253199999998,-3.311000000000064e-06,-12.282796161183372,16.026679634263896,-985.764177769123,1212.4833772421473,81.28152242450625,91.06546284215061,0,1,2,0,2,0,2,1,0,1,1,1
98000.0,101,35.885653,84.026746,119.235388,4.992928,102,35.896456,84.01603,137.455253,24.974931,1542.33809,3,-1,0,-38.78252833322057,141.21118945589023,-158.01791633322057,3.755936455890236,18.21986499999997,1.0320000000000106e-05,-12.53026247473036,15.961728004739536,-966.0683442681744,1202.297275247597,79.83798940162413,79.81205789500997,0,1,2,0,0,0,2,0,0,1,1,1
99000.0,101,35.885639,84.026798,117.836847,4.969847,102,35.896313,84.016249,137.199959,24.974107,1522.035169,3,-1,0,-38.67930417889256,141.31451152500824,-156.51615117889256,4.114552525008236,19.363112,-8.240000000014902e-07,-12.573712374223351,16.00353901367062,-951.2121891694367,1188.186191995323,78.81922908689455,83.33892979435363,0,1,1,0,0,0,2,0,0,0,1,1
100000.0,101,35.885616,84.026846,118.318139,4.978693,102,35.89616,84.016452,137.076587,24.971148,1501.732259,3,-1,0,-38.608160886311104,141.3857456984608,-156.9262998863111,4.309158698460806,18.758448000000044,-2.9590000000006e-06,-12.622976088527096,15.923762178285607,-937.0672724574977,1173.501045849687,77.75353239423978,78.41759153212463,0,1,1,0,2,0,2,1,0,1,1,1
101000.0,101,35.885593,84.02689,118.736741,4.938234,102,35.895973,84.016607,137.334072,24.966278,1481.429359,3,-1,0,-38.74630540858046,141.24766626448942,-157.48304640858046,3.913594264489433,18.597330999999997,-4.870000000000374e-06,-12.590177406723498,15.983914121355692,-927.1869064692783,1155.4035598781409,76.51881479334094,76.74049871331704,0,1,1,0,1,0,2,1,0,1,1,1
102000.0,101,35.885578,84.026929,118.417364,4.811422,102,35.895742,84.016705,138.051436,24.975535,1461.126469,3,-1,0,-39.174269517787394,140.81973676134504,-157.5916335177874,2.7683007613450457,19.634071999999946,9.257000000001624e-06,-12.463559156164145,16.285723513250158,-922.9661587065674,1132.7065058058295,74.95529307051639,88.71009161391159,0,1,2,0,2,0,2,0,0,0,1,1
103000.0,101,35.88555,84.026976,119.542122,4.868927,102,35.89557,84.01688,138.120286,24.970075,1440.82359,3,-1,0,-39.221218143108054,140.77286318905993,-158.76334014310805,2.65257718905994,18.57816399999996,-5.459999999999354e-06,-12.433313028017551,16.19072903241397,-911.0561574787058,1116.2209886131973,74.07337997135778,83.67133211838393,0,1,2,0,1,0,2,1,0,1,1,1
104000.0,101,35.885521,84.027021,120.754482,4.899583,102,35.895425,84.017096,137.867237,24.966754,1420.520721,3,-1,0,-39.06874838977789,140.9254332014501,-159.82323038977788,3.0581962014501016,17.112754999999993,-3.3209999999996854e-06,-12.538429518652988,16.00970159959443,-895.2866279968671,1102.8784939966683,73.03396820738641,69.45092071920863,0,1,2,0,1,0,2,1,0,1,1,1
105000.0,101,35.885506,84.027066,119.627774,4.822828,102,35.895295,84.017336,137.439155,24.969386,1400.217864,3,-1,0,-38.84014746939973,141.15414844814498,-158.46792146939973,3.7149934481449804,17.81138100000004,2.6319999999984135e-06,-12.696343662571621,16.007208859989248,-878.1462748285315,1090.6278864349176,71.74562155450462,66.45552395530987,0,1,2,0,0,0,2,0,0,1,1,1
106000.0,101,35.885485,84.027116,119.324081,4.863063,102,35.895154,84.017558,137.156771,24.969373,1379.915019,3,-1,0,-38.68635163289815,141.30804512830198,-158.01043263289816,4.151274128301992,17.832690000000014,-1.2999999999152579e-08,-12.739114155350283,15.92628947586848,-862.5251737255106,1077.1331321389887,70.87462451969361,65.53510995615449,0,1,2,0,2,0,2,0,0,1,1,1
107000.0,101,35.885468,84.027165,118.485191,4.851057,102,35.895046,84.017837,136.462373,24.990812,1359.612186,3,-1,0,-38.27054513788313,141.72398646571094,-156.75573613788313,5.261613465710923,17.977182000000028,2.1438999999997323e-05,-12.950650768945,15.802771083405615,-842.1104893167449,1067.4245734956692,69.70793154499539,69.60765826566833,0,1,1,0,0,0,2,0,0,0,1,1
108000.0,101,35.885448,84.027214,118.313718,4.857777,102,35.894934,84.018109,135.843045,25.012729,1339.309366,3,-1,0,-37.86607859936726,142.12858374305,-156.17979659936725,6.285538743050012,17.529326999999967,2.1917000000001962e-05,-13.147913932727889,15.640947665490406,-822.0920933283098,1057.3146021607756,68.53109853649138,80.28330092558798,0,1,1,0,0,0,2,1,0,0,1,1
109000.0,101,35.885421,84.027267,118.840018,4.962079,102,35.894783,84.018316,135.719933,25.011382,1319.006559,3,-1,0,-37.75791386491828,142.23683876874335,-156.59793186491828,6.5169057687433565,16.879914999999983,-1.346999999999099e-06,-13.115470653578885,15.513004184615749,-807.6626520875914,1042.8131870607788,67.82558846742157,82.43559202159427,0,1,1,0,2,0,2,1,0,0,1,1
110000.0,101,35.885399,84.027308,119.369786,4.896711,102,35.894584,84.018453,136.168102,25.00225,1298.703765,3,-1,0,-37.98856073643877,142.00624818937052,-157.35834673643876,5.838146189370519,16.798316,-9.132000000001028e-06,-13.047831170736046,15.634428835676527,-799.3575368383972,1023.5521469494487,66.58038323385854,71.51949663934714,0,1,1,0,1,0,2,1,0,1,1,1
111000.0,101,35.885379,84.027351,119.416598,4.836758,102,35.89444,84.018671,135.958756,25.00365,1278.400985,3,-1,0,-37.811766907222584,142.18314461905325,-157.22836490722258,6.224388619053258,16.542157999999972,1.4000000000002898e-06,-13.168775097538228,15.598009713039074,-783.7484172787159,1009.9740080131162,65.26197914928721,76.0918238779361,0,1,1,0,2,0,2,1,0,0,1,1
112000.0,101,35.88536,84.027395,119.237923,4.792882,102,35.894315,84.018922,135.501163,25.019434,1258.098219,3,-1,0,-37.46911787838383,142.52591500606155,-156.70704087838382,7.024752006061561,16.263239999999996,1.578400000000002e-05,-13.353726902050845,15.504456037116528,-765.343578942685,998.5290856165251,63.93444252536769,88.71708683453313,0,1,1,0,0,0,2,1,0,0,1,1
113000.0,101,35.885336,84.027446,119.344793,4.865353,102,35.894163,84.019127,135.402925,25.018365,1237.795469,3,-1,0,-37.36009315597524,142.63503001804563,-156.70488615597523,7.2321050180456155,16.058132,-1.0690000000010968e-06,-13.324749827162215,15.430289573278527,-751.1219900186669,983.8462172450162,63.13539772118518,90.65632081919553,0,1,1,0,2,0,2,1,0,0,1,1
114000.0,101,35.885309,84.027502,119.648263,4.990228,102,35.894004,84.019322,135.394287,25.014486,1217.492734,3,-1,0,-37.310907481797095,142.6842971885917,-156.9591704817971,7.290010188591708,15.746023999999977,-3.878999999997746e-06,-13.22887345537006,15.340677564136252,-737.9708324091738,968.3427119858474,62.527797260303764,89.66688977566652,0,1,1,0,2,0,2,1,0,1,1,1
115000.0,101,35.885284,84.027556,119.685427,5.071475,102,35.893812,84.019469,135.775796,25.003971,1197.190015,3,-1,0,-37.53105171361609,142.4642074882048,-157.21647871361608,6.6884114882047925,16.09036900000001,-1.0515000000001606e-05,-13.033584978744699,15.406660813125322,-729.3177429152563,949.3995796737515,61.88788713959523,77.4112098639057,0,1,1,0,2,0,2,0,0,1,1,1
116000.0,101,35.885258,84.027609,119.907479,5.136915,102,35.893675,84.019699,135.473404,25.012652,1176.887313,3,-1,0,-37.281509187542696,142.71385378514324,-157.1889881875427,7.240449785143255,15.565924999999993,8.680999999999272e-06,-13.087038244403741,15.270874984860214,-712.8778928956496,936.4127601229166,60.954070629036856,85.01439148577843,0,1,1,0,2,0,2,1,0,0,1,1
117000.0,101,35.885237,84.027659,119.540559,5.132027,102,35.893515,84.019892,135.481344,25.008625,1156.584629,3,-1,0,-37.237636757134894,142.7578100554531,-156.77819575713488,7.276466055453085,15.940785000000005,-4.027000000000669e-06,-13.069685149887501,15.301412259199003,-699.8750504564327,920.7947207644455,59.93832724768763,83.57991259664347,0,1,1,0,2,0,2,0,0,1,1,1
118000.0,101,35.885218,84.027707,119.043076,5.080327,102,35.893333,84.020053,135.744948,24.999352,1136.281964,3,-1,0,-37.38221452660849,142.61329853995247,-156.42529052660848,6.868350539952473,16.701872000000037,-9.273000000000309e-06,-13.004387063891377,15.43921491629449,-689.8699736345068,902.8931947850878,58.84009116515985,75.51369528202166,0,1,1,0,2,0,2,0,0,1,1,1
119000.0,101,35.885191,84.02775,120.08199,5.054484,102,35.893151,84.020214,136.008587,24.990855,1115.979318,3,-1,0,-37.48594689397399,142.50963535777606,-157.56793689397398,6.501048357776057,15.926597000000015,-8.496999999998423e-06,-12.983721595014984,15.446014904759064,-679.1479876082304,885.5325229100487,57.66372519550132,69.73162749351965,0,1,2,0,1,0,2,1,0,1,1,1
120000.0,101,35.885173,84.027791,119.973015,4.952861,102,35.892981,84.020392,136.112975,24.984997,1095.676692,3,-1,0,-37.511850884344305,142.4838116892654,-157.48486588434432,6.3708366892653885,16.139959999999974,-5.857999999999919e-06,-13.030095952931463,15.532480117720484,-667.1854893167638,869.1207834571749,56.32323750819516,66.95636916672822,0,1,1,0,2,0,2,0,0,1,1,1
121000.0,101,35.885155,84.027834,119.501047,4.87955,102,35.892819,84.020583,136.11915,24.981611,1075.374087,3,-1,0,-37.467912760077716,142.52783658301257,-156.96895976007772,6.408686583012582,16.61810300000002,-3.3859999999990008e-06,-13.06937721946911,15.603433222968178,-654.168374502781,853.51811040626,55.096814956814534,66.20189667644581,0,1,1,0,0,0,2,0,0,1,1,1
122000.0,101,35.885128,84.027893,119.612149,5.038043,102,35.892609,84.020708,136.689095,24.97783,1055.071505,3,-1,0,-37.88438632192144,142.11140172351782,-157.49653532192144,5.422306723517806,17.07694600000002,-3.781000000000034e-06,-12.753688657358786,15.685494360431502,-647.8879109181148,832.7167198688433,54.64495994524274,54.77939489072415,0,1,1,0,1,0,2,0,0,1,1,1
123000.0,101,35.885102,84.027936,120.441656,5.001426,102,35.892437,84.020883,136.806959,24.972207,1034.768946,3,-1,0,-37.91685998442036,142.07900545124394,-158.35851598442036,5.272046451243938,16.36530300000004,-5.622999999999933e-06,-12.78048379186156,15.672005564117576,-635.8834924439501,816.3326256148505,53.433836068514296,51.536401941937584,0,1,2,0,1,0,2,1,0,1,1,1
124000.0,101,35.885072,84.027982,121.607524,5.045318,102,35.89227,84.021065,136.854038,24.967706,1014.466411,3,-1,0,-37.8998053062356,142.09613986413737,-159.5073293062356,5.242101864137368,15.24651399999999,-4.501000000001198e-06,-12.77751145113653,15.572546230146616,-623.1689821367731,800.5014170817183,52.43132821756905,49.42992392918037,0,1,2,0,1,0,2,1,0,1,1,1
125000.0,101,35.885051,84.028034,120.844257,5.064781,102,35.892062,84.021193,137.387784,24.967698,994.163903,3,-1,0,-38.32487053875711,141.67111919480368,-159.1691275387571,4.283335194803669,16.54352700000004,-8.000000001118223e-09,-12.555513652839398,15.778301491488369,-616.5005451883411,779.9288068860335,51.56568698928918,45.73713377415253,0,1,2,0,2,0,2,0,0,1,1,1
126000.0,101,35.885035,84.028078,120.16109,4.964698,102,35.891901,84.021386,137.333257,24.963949,973.861421,3,-1,0,-38.29366098690538,141.70241610040432,-158.45475098690537,4.3691591004043175,17.172167,-3.748999999999114e-06,-12.626333162547475,15.861766446600242,-603.4943293705143,764.3302046431062,50.27881279944617,45.643362794494344,0,1,2,0,0,0,2,0,0,1,1,1
127000.0,101,35.885007,84.028118,121.429859,4.937514,102,35.891669,84.021486,138.128324,24.97979,953.558969,3,-1,0,-38.884673174754084,141.1114390973166,-160.31453217475408,2.983115097316613,16.698465000000056,1.584100000000177e-05,-12.460045867597849,16.026302406335226,-598.6012698084587,742.2608888686267,49.068494808526104,45.94311823372845,0,1,2,0,1,0,2,1,0,0,1,1
128000.0,101,35.884987,84.028161,121.120997,4.875831,102,35.891504,84.021671,138.109993,24.973492,933.256547,3,-1,0,-38.89487494486782,141.10132057714648,-160.01587194486783,2.9913275771464782,16.988996000000043,-6.298000000001025e-06,-12.500778412744562,16.07090795238947,-585.9856655635452,726.3529323079877,47.88990206459867,45.099160627637644,0,1,2,0,2,0,2,0,0,1,1,1
129000.0,101,35.884966,84.028212,120.59455,4.911036,102,35.891342,84.021861,138.049773,24.967741,912.954158,3,-1,0,-38.90119100815383,141.09508600471892,-159.49574100815383,3.0453130047189347,17.455222999999933,-5.7510000000000615e-06,-12.463182044256623,16.06963504335798,-573.3162536073477,710.4884010025247,46.989649242233796,46.28892273478257,0,1,2,0,0,0,2,0,0,0,1,1
130000.0,101,35.884943,84.028261,120.480166,4.928996,102,35.891205,84.02209,137.661588,24.969697,892.651803,3,-1,0,-38.601718074239265,141.39466446248548,-159.08188407423927,3.733076462485485,17.181421999999998,1.9559999999998467e-06,-12.5694638215701,15.956909655253902,-556.9281656466364,697.60895902262,45.97682588007477,41.69897209250619,0,1,2,0,2,0,2,1,0,1,1,1
131000.0,101,35.88492,84.028317,120.048069,5.024527,102,35.891027,84.022258,137.81925,24.96462,872.349485,3,-1,0,-38.79043866962428,141.20600953055435,-158.83850766962428,3.386759530554343,17.771181000000013,-5.076999999999998e-06,-12.413776007713917,15.98362501070737,-546.5040525641116,679.9462806066136,45.229626354714846,45.517956732212724,0,1,2,0,2,0,2,0,0,0,1,1
132000.0,101,35.884891,84.028356,121.500252,4.983391,102,35.890875,84.022463,137.642256,24.961637,852.047206,3,-1,0,-38.58272301861227,141.41382249866595,-160.08297501861227,3.7715664986659476,16.142003999999986,-2.983000000000402e-06,-12.569064487660658,15.841629285083261,-531.3740497780271,666.0525958773113,43.97139659839695,37.22565311134308,0,1,2,0,1,0,2,1,0,1,1,1
133000.0,101,35.884869,84.028407,121.007712,5.011435,102,35.890685,84.022613,137.959176,24.959751,831.744968,3,-1,0,-38.90537481786928,141.09122874201577,-159.91308681786927,3.132052742015759,16.951464000000044,-1.885999999998944e-06,-12.419254521611176,15.955147169258744,-522.3658330670752,647.2508232806364,43.046129883193245,41.40547401356154,0,1,2,0,2,0,2,0,0,0,1,1
134000.0,101,35.884847,84.028464,120.269037,5.090186,102,35.890526,84.022808,137.856441,24.955342,811.442775,3,-1,0,-38.89793187891537,141.09875258373575,-159.16696887891538,3.2423115837357557,17.587403999999992,-4.408999999998997e-06,-12.348566534305572,15.937771946262039,-509.5332914501554,631.518172346348,42.23996108043212,43.404583855976234,0,1,2,0,0,0,2,0,0,0,1,1
135000.0,101,35.884825,84.028509,120.241038,5.047419,102,35.890349,84.022977,138.003759,24.951441,791.14063,3,-1,0,-39.05224840842681,140.94450875061344,-159.2932864084268,2.940749750613435,17.762721,-3.901000000002597e-06,-12.334018873613035,16.00155327084366,-498.4413927794751,614.3774689886128,41.094500632060694,44.01111364968169,0,1,2,0,2,0,2,0,0,0,1,1
136000.0,101,35.884801,84.028557,120.488308,5.054943,102,35.890203,84.023191,137.737393,24.950556,770.838536,3,-1,0,-38.82450886614459,141.17234560802532,-159.3128168661446,3.434952608025327,17.24908499999998,-8.850000000002467e-07,-12.423979300570274,15.900473482549396,-483.2672947928772,600.5370682698925,40.035724468873326,38.7222713462258,0,1,2,0,2,0,2,1,0,1,1,1
137000.0,101,35.884782,84.028607,119.728116,5.038243,102,35.89005,84.023396,137.557452,24.948681,750.536498,3,-1,0,-38.707309537671144,141.28963580313868,-158.43542553767114,3.7321838031386676,17.829336000000012,-1.8749999999982948e-06,-12.461480683413699,15.91260044670644,-469.3421561322929,585.6816330628735,38.984111019718206,38.366084211152916,0,1,2,0,0,0,2,0,0,1,1,1
138000.0,101,35.88476,84.028651,119.974101,4.986027,102,35.88987,84.023561,137.750167,24.945565,730.234519,3,-1,0,-38.90205575577438,141.0949605218437,-158.8761567557744,3.344793521843684,17.776066000000014,-3.116000000002117e-06,-12.453363574458177,15.974146901278132,-458.58069149498715,568.2835578539473,37.813568737808126,37.82067833383101,0,1,2,0,2,0,2,1,0,1,1,1
139000.0,101,35.884742,84.02868,120.675306,4.778347,102,35.889696,84.023733,137.866091,24.942021,709.932604,3,-1,0,-38.972366399792584,141.02473371014582,-159.64767239979258,3.1586427101458128,17.190785000000005,-3.5439999999979932e-06,-12.623020825490649,16.058697222013258,-446.5089183398226,551.9366703392902,36.29767759893397,33.085981725281776,0,1,2,0,1,0,2,1,0,1,1,1
140000.0,101,35.884715,84.028716,121.94423,4.723952,102,35.889509,84.02389,138.131983,24.94146,689.926709,3,-1,1,-39.198631492459256,140.79853955394316,-161.14286149245925,2.666556553943167,16.187752999999987,-5.610000000011439e-07,-12.637780416029191,16.074099162470535,-436.0411264425298,534.6653157277929,35.11119066872271,30.693456495507057,0,1,2,0,1,0,2,1,0,1,1,1
141000.0,101,35.884684,84.028771,122.542978,4.894034,102,35.889336,84.024064,138.216865,24.938402,670.763805,3,-1,1,-39.34191507916675,140.65532573067512,-161.88489307916677,2.4384607306751036,15.67388699999998,-3.057999999999339e-06,-12.49116892301658,15.963214167647823,-425.22857487751446,518.7530638036909,34.44435998504512,31.492588038172162,0,1,2,0,1,0,2,1,0,0,1,1
142000.0,101,35.884654,84.028812,123.757905,4.895875,102,35.889185,84.024272,137.994767,24.937132,652.980149,3,-1,1,-39.067834772469766,140.92950393667,-162.82573977246977,2.9347369366699922,14.23686200000003,-1.2700000000016586e-06,-12.61749478662766,15.809812502881332,-411.5342378757538,506.974009239216,33.46718398184751,24.60280021187224,0,1,2,0,1,0,2,1,0,1,1,1
143000.0,101,35.884616,84.028877,124.213774,5.191379,102,35.889,84.02443,138.24698,24.937923,636.467381,3,-1,1,-39.41271948932199,140.58467374227814,-163.626493489322,2.337693742278134,14.033206000000007,7.910000000030948e-07,-12.31369923562701,15.685226108263649,-404.0944399081769,491.730018111866,33.156680309303695,28.64762962627636,0,1,2,0,1,0,2,1,0,0,1,1
144000.0,101,35.884582,84.028947,123.692342,5.462555,102,35.888854,84.024646,137.946072,24.938691,621.09809,3,-1,1,-39.202085493964574,140.79539332624572,-162.89442749396457,2.849321326245729,14.253729999999962,7.679999999972154e-07,-12.159677537169694,15.487083823309504,-392.56971176296616,481.3022530676432,32.8853847135751,28.93403982971534,0,1,2,0,0,0,2,0,0,0,1,1
145000.0,101,35.884527,84.029018,125.663837,5.870589,102,35.888693,84.024839,137.861274,24.936236,607.281919,3,-1,1,-39.09977101745298,140.8977793236792,-164.76360801745298,3.0365053236791937,12.19743699999998,-2.4549999999976535e-06,-11.960848194092938,15.068059954890176,-382.9961311346529,471.28048196398964,32.80715629952207,24.904013605745664,0,1,2,0,1,0,2,1,0,1,1,1
146000.0,101,35.884474,84.029094,126.598587,6.26675,102,35.888534,84.025033,137.772532,24.934138,594.519275,3,-1,1,-39.01940209887494,140.97821741790528,-165.61798909887494,3.205685417905272,11.173945000000003,-2.0980000000001555e-06,-11.726478673177958,14.727024271780532,-374.2995380368977,461.9015308178688,32.812382167614544,23.760435199269114,0,1,2,0,1,0,2,1,0,1,1,1
147000.0,101,35.884405,84.029176,128.566887,6.814781,102,35.888366,84.025216,137.796023,24.931974,582.105279,3,-1,1,-39.00549580602868,140.99218292174223,-167.57238280602868,3.196159921742236,9.229135999999983,-2.164000000000499e-06,-11.420255133948633,14.2200343131782,-366.3741124496946,452.3456262266348,33.046145294519235,20.742069136231777,0,1,2,0,1,0,2,1,0,1,1,1
148000.0,101,35.88433,84.029268,130.071418,7.433155,102,35.888209,84.025414,137.666822,24.931585,570.433548,3,-1,1,-38.831563685619734,141.16617718352973,-168.90298168561972,3.4993551835297296,7.5954040000000305,-3.890000000019711e-07,-11.101776881681854,13.645422296580003,-357.6806851082033,444.3635450668682,33.47477227775869,18.67276142953375,0,1,2,0,1,0,2,1,0,1,1,1
149000.0,101,35.884243,84.029338,133.203461,7.913053,102,35.888016,84.025563,138.036974,24.935501,558.230121,3,-1,1,-39.027568789876334,140.97021839479137,-172.23102978987635,2.9332443947913873,4.833512999999982,3.916000000000253e-06,-10.905105079383326,13.124245916681211,-351.51429989285714,433.65719752185504,33.41523607196977,13.780150137586139,0,1,2,0,1,0,2,1,0,1,1,1
150000.0,101,35.884139,84.029427,135.745484,8.66217,102,35.88785,84.025747,138.034484,24.930719,547.693608,3,-1,1,-38.77790995903041,141.21993291940535,-174.52339395903041,3.18544891940536,2.2889999999999873,-4.781999999998732e-06,-10.625884751871224,12.332918852057269,-343.02231176064987,426.9707037706887,33.99817272043137,19.78706106100664,0,1,2,0,1,0,2,1,0,0,1,1
151000.0,101,35.884028,84.029508,138.426537,9.356071,102,35.887697,84.025953,137.827019,24.929882,536.724711,3,-1,1,-38.13132877660301,141.86658738030218,-176.55786577660302,4.039568380302171,0.5995179999999891,-8.370000000006428e-07,-10.528704466938208,11.476737701002383,-331.4092986800902,422.186323968937,34.25392076994215,41.226756960346,0,1,2,0,1,0,2,1,0,0,1,1
152000.0,101,35.883923,84.029601,139.572759,9.993271,102,35.88751,84.026107,138.132538,24.928514,524.898863,3,-1,1,-38.278845407522034,141.7191065131282,-177.85160440752202,3.586568513128185,1.4402210000000082,-1.3679999999993697e-06,-10.157078126610603,10.956853726502189,-325.1691959068031,412.04831077437495,34.73993228054721,41.86920273396633,0,1,2,0,1,0,2,0,0,0,1,1
153000.0,101,35.883824,84.029705,139.641956,10.558241,102,35.887356,84.026311,137.933456,24.926963,514.257316,3,-1,1,-37.900972688565666,142.0970378551605,-177.54292868856567,4.163581855160487,1.708500000000015,-1.550999999999192e-06,-9.863780550977062,10.459445676720504,-315.90754719615614,405.7869005821062,35.23996317668691,48.866538071691295,0,1,2,0,2,0,2,0,0,0,1,1
154000.0,101,35.88372,84.029812,139.750634,11.125113,102,35.887198,84.026506,137.822267,24.924393,503.03485,3,-1,1,-37.59974444586931,142.39831768683206,-177.3503784458693,4.576050686832048,1.9283669999999802,-2.5700000000021815e-06,-9.546942611367705,9.979483061517282,-306.9225033643397,398.55067086016726,35.75384838851968,54.104225385342815,0,1,2,0,2,0,2,0,0,0,1,1
155000.0,101,35.883608,84.029904,140.882932,11.599124,102,35.887021,84.026674,137.990161,24.919502,490.836377,3,-1,1,-37.478262229463226,142.51984445850744,-178.36119422946325,4.529683458507435,2.892770999999982,-4.890999999997092e-06,-9.359613301024336,9.516656379724239,-298.6544935634144,389.5200154817036,35.76717837858818,60.979204797553805,0,1,2,0,1,0,2,0,0,0,1,1
156000.0,101,35.883497,84.029983,142.284871,11.934462,102,35.886847,84.026846,138.104886,24.912416,480.300287,3,-1,1,-37.18592857199435,142.8122326355997,-179.47079957199435,4.70734663559972,4.179985000000045,-7.0860000000010355e-06,-9.335001771208407,9.103117832968092,-290.29516234229874,382.64485415714245,35.37298433819031,72.5961693419211,0,1,2,0,1,0,2,0,0,0,1,1
157000.0,101,35.883376,84.030067,143.640401,12.362019,102,35.886652,84.026989,138.534104,24.911276,469.331309,3,-1,1,-37.2784736778864,142.7197221202036,179.0811253221136,4.1856181202036,5.106296999999984,-1.1399999999994747e-06,-9.166764964939835,8.71198193101187,-284.26904305866583,373.44743775552115,35.30648723809296,76.73224074887361,1,1,2,0,0,0,2,0,0,0,1,1
158000.0,101,35.883269,84.030162,143.729722,12.654761,102,35.88648,84.027163,138.606711,24.904947,457.508215,3,-1,1,-37.11408786791828,142.8841542427744,179.15619013208172,4.27744324277441,5.1230110000000195,-6.329000000000917e-06,-8.981255031006068,8.480690651188997,-276.0623231940684,364.83333250291145,35.141379520345325,77.63960794679798,1,1,2,0,2,0,2,0,0,0,1,1
159000.0,101,35.883158,84.030252,144.167451,12.922601,102,35.886314,84.027346,138.590756,24.898772,446.866764,3,-1,1,-36.722773688597144,143.27552294047047,179.10977531140287,4.6847669404704675,5.576695000000029,-6.174999999998931e-06,-8.90373886187285,8.19742952576527,-267.20120479908604,358.18070986828496,34.761249963963834,84.56909302000714,1,1,2,0,2,0,2,0,0,0,1,1
160000.0,101,35.88305,84.030352,144.018213,13.179609,102,35.886143,84.027521,138.650468,24.892687,435.645783,3,-1,1,-36.55866986645526,143.43967072997927,179.42311713354474,4.78920272997928,5.3677450000000135,-6.085000000002339e-06,-8.701985693306833,8.021783301524255,-259.49049815463735,349.9313212805353,34.631288460314344,83.39896703019883,1,1,2,0,2,0,2,1,0,1,1,1
161000.0,101,35.882939,84.03043,144.852652,13.312473,102,35.885952,84.027669,139.008094,24.890189,423.453631,3,-1,1,-36.590771401599895,143.40761023158692,178.5565765984001,4.399516231586915,5.844558000000006,-2.497999999999223e-06,-8.663039524686637,7.901904122754431,-252.4188284077139,339.9966362662449,33.81862798694515,83.30261485113004,1,1,2,0,1,0,2,0,0,1,1,1
162000.0,101,35.88282,84.030512,145.707146,13.536112,102,35.885767,84.027825,139.261378,24.883599,412.918114,3,-1,1,-36.4533099931056,143.5451150211361,177.8395440068944,4.283737021136091,6.44576799999993,-6.589999999999208e-06,-8.612711114499003,7.671058193468113,-245.3425362652916,332.1270973110009,33.25981072335992,87.27966863546285,1,1,2,0,1,0,2,0,0,0,1,1
163000.0,101,35.882709,84.030608,145.630127,13.738541,102,35.885572,84.027966,139.668812,24.882953,401.949188,3,-1,1,-36.78332565015699,143.21512574651817,177.58654734984302,3.546313746518166,5.961315000000013,-6.459999999997024e-07,-8.348506651362072,7.628741526054039,-240.68337232486405,321.923382220351,33.19665643238042,77.75267782215116,1,1,2,0,2,0,2,1,0,1,1,1
164000.0,101,35.882612,84.0307,145.187958,13.711105,102,35.885385,84.028118,139.944447,24.879402,390.130048,3,-1,1,-37.03013308869959,142.96835348206605,177.7819089113004,3.023906482066053,5.243511000000012,-3.551000000001636e-06,-8.183163053277866,7.785994806202236,-234.9499536874983,311.44818768893924,32.560605700552735,65.94111281455169,1,1,2,0,2,0,2,1,0,1,1,1
165000.0,101,35.882519,84.030801,144.367896,13.702671,102,35.885209,84.028284,140.043676,24.871351,379.48864,3,-1,1,-37.16504700384131,142.833477671166,178.4670569961587,2.7898016711660034,4.324219999999968,-8.050999999998255e-06,-7.98958685395999,7.927560422068069,-229.25405242676374,302.4139668318185,32.11057259222296,55.092880014554694,1,1,2,0,0,0,2,1,0,1,1,1
166000.0,101,35.882422,84.030897,143.939615,13.717995,102,35.885043,84.028468,139.958665,24.8642,368.269533,3,-1,1,-36.9005880627299,143.0979881975292,179.1597969372701,3.139323197529194,3.980950000000007,-7.151000000000351e-06,-7.921209556756532,7.9459601342125055,-221.1194986069798,294.4972262549105,31.340995790041436,52.947218563680174,1,1,2,0,0,0,2,1,0,1,1,1
167000.0,101,35.882315,84.030984,144.3071,13.780749,102,35.884873,84.028643,139.962467,24.857437,356.085815,3,-1,1,-36.555431583824976,143.44319626152154,179.13746841617504,3.4807292615215317,4.3446329999999875,-6.762999999999408e-06,-7.950274827944085,7.839314913955716,-212.084786386972,286.0369749305266,30.29150220667881,56.43861418690304,1,1,2,0,2,0,2,0,0,0,1,1
168000.0,101,35.882208,84.031064,144.830603,13.797669,102,35.884707,84.028827,139.876287,24.850392,345.551103,3,-1,1,-35.951475760120566,144.0472130481201,179.21792123987944,4.170926048120123,4.954316000000006,-7.0450000000015224e-06,-8.067191321295848,7.723029001806603,-202.8730106954534,279.7286297751431,29.128821216719366,63.487492215137834,1,1,2,0,2,0,2,0,0,0,1,1
169000.0,101,35.882104,84.031148,145.079054,13.787239,102,35.884529,84.02899,140.019648,24.842895,334.582487,3,-1,1,-35.791177147527996,144.2075579700042,179.12976885247198,4.187909970004199,5.059406000000081,-7.497000000000753e-06,-8.069732905064932,7.731491180940402,-195.67480403712295,271.39788442826654,28.153416636411567,62.29088575460389,1,1,2,0,2,0,2,0,0,1,1,1
170000.0,101,35.882009,84.031247,144.404583,13.781228,102,35.884362,84.029173,139.946185,24.837958,322.769317,3,-1,1,-35.531731086756636,144.4670532700561,-179.93631408675662,4.5208682700560985,4.458397999999988,-4.936999999998193e-06,-7.961922640349924,7.805807069280583,-187.57859364308285,262.66766684068614,27.374945880883597,57.63943004018186,0,1,2,0,1,0,2,1,0,1,1,1
171000.0,101,35.881924,84.031336,143.83346,13.609464,102,35.884193,84.029349,139.935683,24.83113,312.127836,3,-1,1,-35.35581853510056,144.64301681900002,-179.18927853510056,4.707333819000013,3.8977769999999623,-6.827999999998724e-06,-7.951073696223954,8.016830664158139,-180.61353555719006,254.56342388405787,26.32598184492437,52.12856463666023,0,1,2,0,0,0,2,1,0,1,1,1
172000.0,101,35.881819,84.03144,143.476934,13.779905,102,35.884016,84.029515,140.05116,24.824707,300.91125,3,-1,1,-35.37066130249954,144.62821039567075,-178.84759530249954,4.577050395670739,3.4257740000000467,-6.423000000001622e-06,-7.738967179491585,7.9572989442609785,-174.18660093956785,245.37034953246132,25.93369830812483,47.16565435179347,0,1,2,0,2,0,2,1,0,1,1,1
173000.0,101,35.881706,84.031514,144.562472,13.820789,102,35.88384,84.029683,140.131665,24.819383,288.739508,3,-1,1,-34.80562462286796,145.1933021753738,-179.36809662286797,5.061637175373789,4.430807000000016,-5.32400000000166e-06,-7.896358688039129,7.78889840567399,-164.81082945061803,237.08204060173213,24.573979351775613,54.23187832947991,0,1,2,0,1,0,2,0,0,0,1,1
174000.0,101,35.881596,84.031589,145.394711,13.831162,102,35.883665,84.029851,140.213634,24.812433,278.205989,3,-1,1,-34.23869108083152,145.7602902308245,-179.63340208083153,5.546656230824482,5.181077000000016,-6.9499999999997895e-06,-8.023152644997545,7.682554915931197,-156.5303090199403,229.99311875269248,23.396391967231967,59.138114077262905,0,1,2,0,2,0,2,0,0,0,1,1
175000.0,101,35.881506,84.031678,144.900795,13.691957,102,35.883476,84.029998,140.533001,24.808709,267.23823,3,-1,1,-34.64203049258908,145.35698481773855,-179.54282549258906,4.823983817738537,4.3677940000000035,-3.723999999998284e-06,-7.896459182813435,7.94991564510117,-151.9108825708604,219.86212800315374,22.571852352041446,48.23588822917208,0,1,2,0,2,0,2,1,0,1,1,1
176000.0,101,35.881411,84.031772,144.410899,13.663612,102,35.883298,84.030162,140.640679,24.80338,255.434754,3,-1,1,-34.655112040964255,145.34394430122734,-179.06601104096427,4.703265301227333,3.770219999999995,-5.328999999999695e-06,-7.778061443701834,8.066171079523954,-145.24920419288026,210.11801977073623,21.732261649287725,42.170143583673244,0,1,2,0,2,0,2,1,0,1,1,1
177000.0,101,35.881323,84.031873,143.482112,13.601888,102,35.883127,84.030337,140.624381,24.797707,244.792946,3,-1,1,-34.599702123764565,145.39939759431059,-178.08181412376456,4.775016594310586,2.857731000000058,-5.673000000001594e-06,-7.637579709511591,8.237272276319045,-139.00309564526648,201.49869928213386,20.995361011937675,35.653781755651316,0,1,2,0,0,0,2,1,0,1,1,1
178000.0,101,35.881223,84.031972,143.174823,13.68702,102,35.882948,84.030498,140.76331,24.792576,233.580108,3,-1,1,-34.695637480949884,145.30349857953016,-177.87046048094987,4.540188579530167,2.4115130000000136,-5.130999999998665e-06,-7.478271407920964,8.246809485489075,-132.95775045942648,192.04661789800033,20.321963962422718,30.978141714894658,0,1,2,0,2,0,2,1,0,1,1,1
179000.0,101,35.88112,84.032053,143.712722,13.681499,102,35.882761,84.03065,141.019552,24.790557,221.42703,3,-1,1,-34.71057079792211,145.28860687993875,-178.42329279792213,4.26905487993875,2.693170000000009,-2.019000000000659e-06,-7.497448473285335,8.243098829644378,-126.0874583854043,182.02165380121627,19.19790972265938,29.725841667557365,0,1,2,0,1,0,2,0,0,1,1,1
180000.0,101,35.881015,84.032141,143.970499,13.734439,102,35.882572,84.030797,141.317958,24.787943,210.895419,3,-1,1,-34.968066675434734,145.03114558610986,-178.93856567543472,3.7131875861098536,2.652541000000042,-2.6140000000012264e-06,-7.41379448835759,8.242884698146296,-120.86834030206994,172.82280540428852,18.40481501954685,26.24072430899521,0,1,2,0,1,0,2,1,0,1,1,1
181000.0,101,35.880899,84.032225,144.738013,13.881629,102,35.882386,84.030947,141.558667,24.784669,199.929857,3,-1,1,-34.85107058310694,145.14818036477476,-179.58908358310694,3.5895133647747457,3.1793460000000096,-3.2739999999975566e-06,-7.394863308457696,8.077833325254906,-114.24897152929313,164.0704733477027,17.548696125808377,27.18215264793586,0,1,2,0,1,0,2,0,0,0,1,1
182000.0,101,35.880816,84.032316,143.997024,13.670977,102,35.882206,84.031108,141.67054,24.78015,188.144049,3,-1,1,-35.15067090130266,144.84862107667806,-179.14769490130266,3.178081076678069,2.3264840000000504,-4.519000000001938e-06,-7.332041297828194,8.379341481184827,-108.31990569165141,153.83426538020112,16.431628639951306,20.212948935033637,0,1,2,0,2,0,2,1,0,1,1,1
183000.0,101,35.880726,84.032412,143.337387,13.600936,102,35.882021,84.031261,141.864739,24.776561,177.501272,3,-1,1,-35.75871555547692,144.2406098330707,-179.09610255547693,2.3758708330707066,1.4726480000000493,-3.588999999998066e-06,-7.178879379613683,8.577930511400307,-103.72697062569162,144.03963734484648,15.599732363283225,13.146481928779869,0,1,2,0,2,0,2,1,0,1,1,1
184000.0,101,35.880638,84.032514,142.534843,13.558944,102,35.88184,84.03142,141.99108,24.772875,166.295073,3,-1,1,-36.4060011701866,143.5933576286977,-178.9408441701866,1.602277628697692,0.5437630000000127,-3.6860000000018545e-06,-7.007124748551451,8.756866137625881,-98.6966559856151,133.83953601732364,14.735215805297862,6.620931687099679,0,1,2,0,2,0,2,1,0,1,1,1
185000.0,101,35.880536,84.032593,143.150467,13.536668,102,35.881659,84.03158,142.089491,24.769527,154.175936,3,-1,1,-36.1616884631744,143.83771781244724,-179.3121554631744,1.7482268124472284,1.0609759999999824,-3.3479999999990183e-06,-7.100987300558211,8.710227910271813,-90.97397038360506,124.47472014075407,13.557757005289442,8.29665697945745,0,1,2,0,2,0,2,0,0,0,1,1
186000.0,101,35.880441,84.032663,143.852581,13.380118,102,35.88148,84.03174,142.186432,24.762591,143.647771,3,-1,1,-35.74519890698067,144.2542601198146,-179.59777990698066,2.0678281198146067,1.6661490000000185,-6.935999999999609e-06,-7.2893382238203674,8.758219051457187,-83.91639300797162,116.58782568433162,12.379924206438606,10.325713878696341,0,1,2,0,2,0,2,0,0,0,1,1
187000.0,101,35.880324,84.032741,144.910072,13.554271,102,35.881297,84.031896,142.326179,24.758214,132.68866,3,-1,1,-35.13187349793591,144.86763124675159,179.95805450206407,2.5414522467515894,2.583892999999989,-4.3770000000016295e-06,-7.339537726593834,8.505404382687056,-76.35705578181266,108.51672923991374,11.473078835254723,13.4597816884999,1,1,2,0,0,0,2,0,0,0,1,1
188000.0,101,35.880227,84.032827,144.81547,13.509139,102,35.88111,84.032046,142.552955,24.759693,120.942509,3,-1,1,-35.62683527146652,144.37270698524904,179.55769472853348,1.8197519852490416,2.2625150000000076,1.478999999999786e-06,-7.2704611944569795,8.616081426267902,-70.44946300617082,98.30546091320284,10.470074334956225,9.884372336135943,1,1,2,0,2,0,2,1,0,1,1,1
189000.0,101,35.880128,84.032923,144.418516,13.56036,102,35.880936,84.032216,142.494555,24.751925,110.296661,3,-1,1,-35.334936167388925,144.66464946206014,-179.75345216738893,2.170094462060149,1.9239610000000198,-7.767999999998664e-06,-7.179649906243655,8.607100866662323,-63.79064277341203,89.978371413934,9.631272557355288,8.880025180619848,0,1,2,0,1,0,2,1,0,1,1,1
190000.0,101,35.880028,84.033012,144.375592,13.590183,102,35.880757,84.032376,142.568153,24.746514,99.107341,3,-1,1,-35.255464326322915,144.74416291712708,-179.63105632632292,2.1760099171270895,1.807438999999988,-5.410999999998722e-06,-7.125495200109297,8.603818066072602,-57.207043722159305,80.92971758668898,8.692812590184921,7.7514975761477976,0,1,2,0,2,0,2,1,0,1,1,1
191000.0,101,35.879931,84.033097,144.387783,13.54196,102,35.880576,84.032535,142.669044,24.743962,87.071994,3,-1,1,-35.22115327112184,144.77851734467308,-179.60893627112185,2.109473344673063,1.7187390000000278,-2.552000000001442e-06,-7.119752627299347,8.665764544431365,-50.21737608393187,71.131900567755,7.616176806668447,6.511518109399393,0,1,2,0,2,0,2,1,0,1,1,1
192000.0,101,35.879831,84.033173,144.85555,13.480701,102,35.88039,84.032686,142.864002,24.74042,76.551776,3,-1,1,-35.21752889392081,144.78218567975176,179.9269211060792,1.9181836797517633,1.9915479999999661,-3.54199999999949e-06,-7.175985655052025,8.699966414118347,-44.14605302620676,62.54039023672237,6.6432754458468315,5.910947101663597,1,1,2,0,0,0,2,0,0,1,1,1
193000.0,101,35.879734,84.033259,144.736697,13.443285,102,35.880211,84.032846,142.931667,24.733625,65.622981,3,-1,1,-35.05085319565362,144.94890474975986,-179.7875501956536,2.0172377497598575,1.805029999999988,-6.795000000000329e-06,-7.147338794654827,8.758841265921678,-37.68749148625299,53.72177045481626,5.691988881532263,4.8908762501000655,0,1,2,0,1,0,2,1,0,1,1,1
194000.0,101,35.879641,84.033352,144.299592,13.425035,102,35.880032,84.033008,142.96131,24.72943,54.021592,3,-1,1,-35.48316195422671,144.5166364316774,-179.7827539542267,1.5553264316774005,1.3382819999999356,-4.194999999999283e-06,-7.0617366797120775,8.837552750877714,-31.357572032802537,43.98903361545993,4.707790396413237,3.040561790069522,0,1,2,0,2,0,2,1,0,1,1,1
195000.0,101,35.879559,84.033441,143.612918,13.249731,102,35.879857,84.033176,142.905554,24.721742,36.755248,3,-1,1,-35.773565068871974,144.22627961871416,-179.386483068872,1.3207256187141638,0.707364000000041,-7.688000000001694e-06,-7.0502048780407165,9.052710805482365,-21.48650809675764,29.820768356121754,3.179675760835285,1.3928259375846772,0,1,2,0,2,0,2,1,0,1,1,1
196000.0,101,35.879491,84.033515,143.083907,12.836581,102,35.879689,84.033353,142.701024,24.709169,16.560663,3,-1,1,-33.54163214330374,146.4582729113672,-176.62553914330374,3.7572489113672134,0.3828830000000494,-1.2572999999999724e-05,-7.262892701791365,9.39270459687811,-9.150474374914396,13.803056824979171,1.3863203473309433,1.2059346886349362,0,1,2,0,0,0,2,1,0,1,1,1
