9000.0,101,17.482982,8.014692,28.508895,9.706289,102,17.493957,7.965083,-14.941816,20.432163,5413.831844,3,0,0,1,-76.9336377450834,103.05145406179459,-105.4425327450834,117.99327006179459,43.45071100000001,0.010561706999999998,9.900953321301358,-11.211980211107836,-5273.661587448453,1223.9561659549356,-307.8001061463794,3148.9160167732844,0,1,1,1,0,1,2,1,1,1,0
10000.0,101,17.48306,8.014739,28.788929,9.753338,102,17.495237,7.965329,-1.227733,37.120051,5425.520295,3,0,0,1,-75.50466111040411,104.48048994025076,-104.29359011040411,105.70822294025076,30.016661999999997,0.016687887999999998,5.492401807781514,-28.563706341284934,-5252.815165627163,1358.0144723875985,-83.3337645404496,4902.878368407647,0,1,1,1,0,1,2,1,1,0,0
11000.0,101,17.483131,8.014796,30.016119,9.763358,102,17.495525,7.965293,-1.870046,36.453628,5437.209065,3,0,0,1,-75.28407489135752,104.70104806253498,-105.30019389135752,106.57109406253498,31.886165000000005,-0.0006664229999999947,6.073636582144493,-27.980270903778987,-5258.85329928898,1381.1967249727966,-90.11530106542487,4847.540951000929,0,1,1,1,1,1,2,0,1,1,0
12000.0,101,17.483211,8.014842,29.870044,9.80959,102,17.49569,7.965231,-3.069752,34.31558,5448.898152,3,0,0,1,-75.21841066258433,104.76667973308786,-105.08845466258433,107.83643173308785,32.939796,-0.002138048000000005,6.723169534485288,-25.759882778128237,-5268.56915743692,1390.205058318171,-105.44186379189144,4748.550708378083,0,1,1,1,2,1,2,0,1,1,0
13000.0,101,17.483288,8.014896,30.42691,9.868572,102,17.495449,7.965073,-7.235781,27.725836,5460.587554,3,0,0,1,-75.63778738264452,104.3472393686272,-106.06469738264451,111.5830203686272,37.662690999999995,-0.006589743999999996,8.48997394532798,-18.99560216929911,-5289.927620012715,1354.5044148788547,-172.8905810618593,4281.583080690247,0,1,1,1,1,1,2,0,1,1,0
14000.0,101,17.483364,8.014936,30.000739,9.818884,102,17.495263,7.964932,-11.71347,23.027868,5472.277269,3,0,0,1,-75.98351519060152,104.00145721073117,-105.98425419060152,115.71492721073118,41.71420899999998,-0.004697967999999999,9.584611890358012,-14.044975503259579,-5309.346132961783,1325.3913192781465,-254.10501229080887,3645.8646140733154,0,1,1,1,2,1,2,0,1,1,0
15000.0,101,17.48344,8.014989,30.491726,9.849717,102,17.495139,7.964808,-16.083067,19.822152,5483.967294,3,0,0,1,-76.25667396559824,103.72824526233977,-106.74839996559824,119.81131226233977,46.574793,-0.0032057160000000025,10.489228183378085,-10.55880894232274,-5326.959936703607,1302.8411700650151,-329.6980976167861,2870.0698522150087,0,1,1,1,1,1,2,0,1,1,0
16000.0,101,17.48352,8.015036,30.368794,9.893641,102,17.495536,7.964818,-12.960329,21.857074,5495.657629,3,0,0,1,-75.9090799043483,104.07582800468664,-106.2778739043483,117.03615700468664,43.32912299999998,0.0020349220000000015,9.903892886129611,-12.764151704468297,-5330.296642230886,1337.9800002272234,-282.9843063061612,3400.063502489816,0,1,1,1,2,1,2,1,1,0,0
17000.0,101,17.483592,8.015072,29.830922,9.747277,102,17.495064,7.964625,-22.550657,16.260154,5507.34827,3,0,0,1,-76.58183525959768,103.40300399567433,-106.41275725959768,125.95366099567433,52.38157899999999,-0.005596920000000001,11.084477953932083,-6.561181430544334,-5357.0106443496625,1278.0148369234287,-417.4503957318347,1633.088584779146,0,1,1,1,2,1,2,0,1,1,0
18000.0,101,17.48368,8.015115,29.149699,9.876727,102,17.494813,7.964479,-31.152583,13.506012,5519.039216,3,0,0,1,-77.01136238170012,102.9734201424435,-106.16106138170012,134.1260031424435,60.30228199999999,-0.002754142,11.797801652344646,-2.932506234212312,-5377.832698487896,1240.4472317758202,-452.3663076143005,95.34051678684642,0,1,1,1,2,1,2,0,1,1,1
19000.0,101,17.483762,8.015166,29.411675,9.965175,102,17.494541,7.964331,-42.48378,11.333351,5530.730466,3,0,0,1,-77.4584482457613,102.52627455393204,-106.8701232457613,145.01005455393204,71.89545500000003,-0.0021726609999999998,12.54804595527491,0.32281103131272104,-5398.760518134959,1200.9847440195576,-428.6716127727436,1339.5105627601786,0,1,1,1,1,1,2,0,1,0,0
20000.0,101,17.48385,8.015216,29.327291,10.103757,102,17.495027,7.964363,-30.386791,13.534095,5542.422016,3,0,0,1,-77.01547840903228,102.96923873825232,-106.34276940903229,133.35602973825232,59.71408200000002,0.002200744,11.794815407775225,-2.866100718010479,-5400.706716643751,1245.3147249754095,-455.75940818409157,65.90780953352612,0,1,1,1,0,1,2,1,1,1,1
21000.0,101,17.483917,8.015272,30.42226,10.022698,102,17.494736,7.964213,-40.938776,11.412495,5554.113865,3,0,0,1,-77.46680787996412,102.51784745333114,-107.88906787996413,143.45662345333113,71.36103600000001,-0.002121600000000001,12.553244250294853,0.02162792690342208,-5421.761871411953,1205.271353301324,-431.7980474040427,1214.6109408124005,0,1,1,1,1,1,2,0,1,0,0
22000.0,101,17.483998,8.015307,29.422689,9.966847,102,17.494989,7.964183,-35.954067,12.246222,5565.806011,3,0,0,1,-77.2897306426673,102.69490501416958,-106.7124196426673,138.64897201416957,65.376756,0.0008337269999999997,12.086404558852262,-1.2318526014647215,-5429.416626755999,1224.5944819364654,-452.50280341047767,668.3587548389347,0,1,1,1,0,1,2,1,1,1,0
23000.0,101,17.484072,8.01535,29.359861,9.889796,102,17.495507,7.964228,-26.453563,14.439054,5577.498452,3,0,0,1,-76.7936996538585,103.19093635213703,-106.15356065385849,129.64449935213702,55.813424,0.002192832000000001,11.281099888965215,-4.307697064295008,-5429.994740589677,1274.223724167318,-460.9220853884208,747.6389304602376,0,1,1,1,0,1,2,1,1,0,0
24000.0,101,17.484149,8.015395,29.385751,9.865909,102,17.495526,7.964142,-28.263548,13.925246,5589.191187,3,0,0,1,-76.8907060829405,103.09389051190335,-106.2764570829405,131.35743851190335,57.64929900000004,-0.0005138080000000009,11.435067173763827,-3.6685409922323107,-5443.532334521172,1267.6804991246618,-464.9639013945564,455.99646283734535,0,1,1,1,2,1,2,0,1,1,0
25000.0,101,17.484223,8.015445,29.810428,9.857216,102,17.495933,7.964158,-23.300198,15.451795,5600.884213,3,0,0,1,-76.52960062589646,103.454985545368,-106.34002862589647,126.755183545368,53.110626000000025,0.001526549000000001,11.012273468498101,-5.638764304499913,-5446.80610136607,1304.6866526311944,-448.19481572257234,1325.1356379551096,0,1,1,1,2,1,2,1,1,0,0
26000.0,101,17.484287,8.015494,30.645077,9.707976,102,17.495991,7.964082,-24.33814,15.095207,5612.577528,3,0,0,1,-76.56775517568309,103.41679337579157,-107.21283217568309,127.75493337579157,54.983217000000025,-0.00035658800000000035,11.169385582131241,-5.401510547758299,-5459.047161715922,1303.775515175803,-449.64189081931033,1206.8024096593585,0,1,1,1,1,1,2,0,1,1,0
27000.0,101,17.484364,8.01555,31.182543,9.796893,102,17.495988,7.963992,-26.231586,14.476551,5624.271132,3,0,0,1,-76.69262250614051,103.29188213448644,-107.8751655061405,129.52346813448645,57.414129,-0.0006186559999999997,11.471143445976782,-4.604223058470364,-5473.255195359732,1294.5668513893977,-455.5229821346667,840.1637166064144,0,1,1,1,1,1,2,0,1,1,0
28000.0,101,17.484437,8.015592,30.909298,9.723381,102,17.496094,7.963929,-26.408549,14.423397,5635.965021,3,0,0,1,-76.68232916553256,103.30214384117821,-107.59162716553257,129.7106928411782,57.31784699999997,-5.3154000000001036e-05,11.409788432250046,-4.575767711540944,-5484.401950111344,1298.243801275559,-458.4712992065148,838.7878229106059,0,1,1,1,2,1,2,1,1,1,0
29000.0,101,17.484506,8.015649,31.843075,9.714593,102,17.495395,7.963726,-40.775685,10.999693,5647.659195,3,0,0,1,-77.59136633607191,102.39302880152265,-109.43444133607191,143.16871380152264,72.61876000000001,-0.0034237039999999988,12.30925850506426,-0.07725195682006536,-5515.729366041185,1213.5831011755888,-448.492208684686,1178.9462886273193,0,1,1,1,1,1,2,0,1,0,0
30000.0,101,17.484577,8.015694,31.842861,9.645965,102,17.495414,7.963641,-42.211462,10.83315,5659.35365,3,0,0,1,-77.67862954848184,102.30572648010953,-109.52149054848184,144.51718848010952,74.05432299999995,-0.00016654300000000077,12.367583609397538,0.17043904117777942,-5528.99637754928,1207.676609368281,-446.1469428705728,1283.7666449370538,0,1,1,1,2,1,2,0,1,0,0
31000.0,101,17.484663,8.015739,31.074435,9.779504,102,17.495745,7.963632,-36.619397,11.695241,5671.048386,3,0,0,1,-77.42162374727657,102.56271587133354,-108.49605874727658,139.18211287133354,67.69383199999999,0.0008620909999999995,12.023874706767305,-1.0106622010827397,-5534.93767228304,1235.0120486437388,-463.97529815663484,767.3432956587493,0,1,1,1,0,1,2,1,1,1,0
32000.0,101,17.484732,8.015788,31.492442,9.698592,102,17.49584,7.963564,-36.499467,11.744781,5682.743401,3,0,0,1,-77.4203769580764,102.56392742573772,-108.9128189580764,139.06339442573773,67.99190899999996,4.954000000000036e-05,12.052385058381276,-1.1711103025052712,-5546.325064163529,1237.679621000716,-464.0099562561082,695.8017329611878,0,1,1,1,2,1,2,0,1,1,0
33000.0,101,17.484813,8.015821,30.211562,9.682027,102,17.495977,7.963507,-35.609409,11.928528,5694.438693,3,0,0,1,-77.38004394267371,102.6042332972472,-107.59160594267371,138.2136422972472,65.82097100000004,0.00018374700000000033,11.817404033831126,-1.3310057504470585,-5556.865175200672,1244.1388399119915,-473.83674492081724,614.94056717806,0,1,1,1,0,1,2,1,1,1,0
34000.0,101,17.484898,8.01586,29.321166,9.748431,102,17.496443,7.963541,-29.370258,13.225457,5706.134261,3,0,0,1,-76.9652603814452,103.01901511580266,-106.28642638144521,132.38927311580267,58.691423999999984,0.0012969290000000005,11.260295743849525,-3.0260252650972657,-5559.107113796482,1286.9717564482005,-489.04015391827005,199.85956426483605,0,1,1,1,0,1,2,1,1,1,1
35000.0,101,17.484978,8.015917,30.00461,9.874063,102,17.496654,7.963502,-27.965819,13.613758,5717.830102,3,0,0,1,-76.84582733976126,103.1384191776792,-106.85043733976126,131.1042381776792,57.970429000000024,0.00038830100000000024,11.321819693298112,-3.4732534273536206,-5567.801302388083,1301.2185567624258,-483.74018417723255,389.70309093003783,0,1,1,1,1,1,2,1,1,0,0
36000.0,101,17.48506,8.015966,30.009791,9.940005,102,17.496864,7.963464,-26.723301,13.98009,5729.526214,3,0,0,1,-76.72800589388767,103.2562143478431,-106.73779689388766,129.9795153478431,56.733092,0.00036633199999999987,11.25807216148036,-3.8794093979168007,-5576.4974654036,1315.3503925800173,-482.3207352803155,574.7524949676337,0,1,1,1,2,1,2,1,1,0,0
37000.0,101,17.485143,8.016016,30.016633,10.028002,102,17.497138,7.963445,-24.858983,14.554198,5741.222597,3,0,0,1,-76.53815810565942,103.44604124154125,-106.55479110565942,128.30502424154125,54.875616000000036,0.000574107999999999,11.134908361334062,-4.522633055389445,-5583.4835152163305,1336.5435808872503,-478.5097705984049,866.0706517685552,0,1,1,1,2,1,2,1,1,0,0
38000.0,101,17.485225,8.016065,29.940634,10.089621,102,17.49735,7.963408,-23.898617,14.883807,5752.919249,3,0,0,1,-76.41908698678674,103.5650863835334,-106.35972098678674,127.4637033835334,53.83925099999999,0.0003296089999999996,11.065474932569398,-4.864634467789731,-5592.063483065685,1350.890775332333,-476.12005505502543,1018.0482771768935,0,1,1,1,2,1,2,1,1,0,0
39000.0,101,17.485303,8.0161,29.186422,9.989882,102,17.497565,7.963373,-22.996231,15.207126,5764.616167,3,0,0,1,-76.28899883053154,103.69515337194558,-105.47542083053153,126.69138437194559,52.182653000000016,0.0003233190000000015,10.812570391805261,-5.277080860249098,-5600.34551793386,1366.3563344149673,-476.35750523247646,1232.3965512217226,0,1,1,1,0,1,2,1,1,0,0
40000.0,101,17.48539,8.016145,28.793086,10.083915,102,17.498182,7.963468,-18.427437,16.896716,5776.31335,3,0,0,1,-75.70742626521277,104.27674065675951,-104.50051226521278,122.70417765675951,47.220523000000014,0.0016895900000000008,10.198005860328067,-7.193144418962262,-5597.523382884139,1426.0181960457353,-447.4731093557303,2069.63662042395,0,1,1,1,0,1,2,1,1,0,0
41000.0,101,17.485457,8.016204,30.158065,10.016585,102,17.498342,7.963418,-18.35787,16.95616,5788.010797,3,0,0,1,-75.63631759855518,104.34781646164883,-105.79438259855519,122.70568646164884,48.51593500000001,5.944399999999916e-05,10.372568106663891,-7.432457205458322,-5607.081061128244,1435.865926932436,-439.69830161069757,2109.8721096538793,0,1,1,1,1,1,2,0,1,0,0
42000.0,101,17.48553,8.016249,30.287938,9.932673,102,17.498232,7.963305,-20.309413,16.079617,5799.708506,3,0,0,1,-75.87249235290975,104.11159423338432,-106.16043035290974,124.42100723338433,50.597351,-0.0008765430000000017,10.590572332447186,-6.503097686253996,-5624.295998540467,1415.5964380325483,-459.54297013041025,1745.7498278684477,0,1,1,1,2,1,2,0,1,1,0
43000.0,101,17.485601,8.016287,29.876446,9.794159,102,17.498464,7.963275,-19.582934,16.400333,5811.406475,3,0,0,1,-75.71837337746555,104.26569263632125,-105.59481937746556,123.84862663632126,49.45938000000001,0.0003207160000000009,10.375692643533927,-6.959162962367081,-5631.804308294423,1433.605751505028,-453.1425011784632,1955.2916124163269,0,1,1,1,0,1,2,1,1,0,0
44000.0,101,17.485678,8.016336,30.066584,9.820441,102,17.498479,7.963189,-20.569107,15.99847,5823.104702,3,0,0,1,-75.81899012284603,104.16503527286095,-105.88557412284604,124.73414227286095,50.63569099999995,-0.0004018630000000005,10.540953308485204,-6.479513830544857,-5645.654911134545,1426.5794737191814,-462.70928177779757,1749.28417300801,0,1,1,1,2,1,2,0,1,1,0
45000.0,101,17.485756,8.016394,30.85893,9.917228,102,17.498247,7.963054,-23.476905,14.841138,5834.803187,3,0,0,1,-76.19700914713754,103.78695830616219,-107.05593914713754,127.2638633061622,54.335834999999975,-0.0011573319999999985,10.999208041130423,-5.099325666610923,-5666.304731642073,1392.0915627917632,-482.06568460152386,1126.5336768384286,0,1,1,1,1,1,2,0,1,1,0
46000.0,101,17.485823,8.016439,31.047139,9.770411,102,17.498376,7.962996,-23.470609,14.864698,5846.501927,3,0,0,1,-76.15683484539774,103.82710156172523,-107.20397384539774,127.29771056172522,54.51774800000004,2.3559999999999805e-05,10.959313233773784,-5.264125878872747,-5676.686182531515,1398.863384133877,-480.81594577051743,1203.2358248930905,0,1,1,1,2,1,2,0,1,0,0
47000.0,101,17.485905,8.016476,30.112659,9.774521,102,17.498294,7.96289,-25.278677,14.266634,5858.200921,3,0,0,1,-76.36584430375264,103.61804912124296,-106.47850330375263,128.89672612124295,55.391336000000024,-0.0005980640000000008,10.996053135487898,-4.445125509296998,-5693.120643086335,1380.9038250615001,-494.64345209565005,856.381602143361,0,1,1,1,0,1,2,0,1,1,0
48000.0,101,17.485985,8.01651,29.112458,9.737618,102,17.498406,7.962829,-25.359799,14.25931,5869.900168,3,0,0,1,-76.35521555591339,103.62864922873304,-105.4676735559134,128.98844822873303,54.47225700000001,-7.324000000000552e-06,10.844877816898851,-4.377796039514751,-5704.23343637133,1384.7197859746789,-501.28628320198175,852.9548918354134,0,1,1,1,0,1,2,1,1,1,0
49000.0,101,17.48606,8.016561,29.630192,9.762718,102,17.498488,7.96276,-25.705389,14.16826,5881.599666,3,0,0,1,-76.37709239144971,103.606736253778,-106.0072843914497,129.312125253778,55.33558100000005,-9.104999999999919e-05,10.97208298219725,-4.280024009129567,-5716.132093121549,1385.297269569668,-499.70000509617734,788.7490933057306,0,1,1,1,1,1,2,0,1,1,0
50000.0,101,17.486131,8.016611,30.185298,9.723305,102,17.498511,7.962677,-26.563357,13.921817,5893.299412,3,0,0,1,-76.4599239340659,103.52386469219515,-106.6452219340659,130.08722169219516,56.748654999999985,-0.0002464429999999993,11.11451748914116,-4.047373511585922,-5729.503387883213,1379.771317180617,-499.27397285733343,665.8562916203562,0,1,1,1,1,1,2,0,1,1,0
51000.0,101,17.48621,8.016657,30.006019,9.759861,102,17.498258,7.962544,-29.920808,12.960084,5904.999407,3,0,0,1,-76.85204981036206,103.13168509080202,-106.85806881036206,133.05249309080202,59.926827,-0.0009617330000000006,11.345341165077041,-2.7809328444165153,-5750.205423685891,1343.1885876836934,-505.55788173188756,64.38308004974907,0,1,1,1,2,1,2,0,1,1,1
52000.0,101,17.486285,8.016705,30.204395,9.753917,102,17.498196,7.962444,-31.631433,12.561046,5916.699648,3,0,0,1,-77.03059032009116,102.95310008986698,-107.23498532009117,134.58453308986697,61.83582799999999,-0.0003990380000000009,11.494740860259395,-2.2652804451483206,-5765.764803758486,1327.8896612230974,-503.7250633969331,188.40101187813084,0,1,1,1,2,1,2,0,1,0,1
53000.0,101,17.486361,8.016756,30.542554,9.781622,102,17.498214,7.96236,-32.509723,12.379905,5928.400134,3,0,0,1,-77.12251321672731,102.86113657281838,-107.66506721672731,135.37085957281838,63.052277000000004,-0.00018114099999999843,11.624296532987657,-2.0155358204466793,-5779.293996971763,1321.2452631428298,-500.522831049437,314.83991489681284,0,1,1,1,2,1,2,0,1,0,0
54000.0,101,17.486442,8.016794,29.70818,9.786292,102,17.498418,7.962322,-31.369131,12.637436,5940.100863,3,0,0,1,-77.01097951291396,102.97264730352876,-106.71915951291396,134.34177830352877,61.07731099999995,0.0002575309999999984,11.428330200619294,-2.2902500478727124,-5788.112416766951,1335.1228083893966,-508.18882478909563,172.36560001903553,0,1,1,1,0,1,2,1,1,1,1
55000.0,101,17.486517,8.016837,29.683285,9.742338,102,17.498547,7.962265,-31.082261,12.714825,5951.801834,3,0,0,1,-76.97749809323997,103.00609857255768,-106.66078309323997,134.08835957255766,60.76554600000003,7.738900000000015e-05,11.388716648409893,-2.4254093579669043,-5798.731276103884,1341.141550597992,-509.96698740415786,104.66254716035029,0,1,1,1,2,1,2,1,1,1,1
56000.0,101,17.486591,8.016885,29.923818,9.736867,102,17.498499,7.962169,-32.568215,12.383654,5963.503045,3,0,0,1,-77.13781703075004,102.84573633946886,-107.06163503075004,135.41395133946887,62.49203299999999,-0.00033117099999999946,11.523379713442498,-1.9974987558129165,-5813.868818468838,1327.5156983478696,-507.4698840454947,315.67071168029827,0,1,1,1,2,1,2,0,1,0,0
57000.0,101,17.486666,8.016928,29.791418,9.696201,102,17.498663,7.962121,-31.886789,12.539812,5975.204496,3,0,0,1,-77.06572457225906,102.91780133599285,-106.85714257225905,134.80459033599286,61.67820700000004,0.00015615799999999958,11.441561576983677,-2.232723049243349,-5823.598424573113,1337.4491236410338,-510.76375518280446,198.1017232611453,0,1,1,1,2,1,2,1,1,1,1
58000.0,101,17.486741,8.016979,30.262532,9.720702,102,17.49869,7.96204,-32.594675,12.392679,5986.906184,3,0,0,1,-77.14560053792542,102.83788564663134,-107.40813253792541,135.43256064663134,62.85720700000002,-0.0001471330000000002,11.574716300129928,-2.0448463991468078,-5836.865727713937,1331.9324805168983,-507.1801681258684,296.73547213600045,0,1,1,1,1,1,2,0,1,0,0
59000.0,101,17.486822,8.017025,29.995814,9.789809,102,17.498788,7.961976,-32.591166,12.402189,5998.608108,3,0,0,1,-77.1527611294105,102.83069190882422,-107.14857512941049,135.42185790882422,62.58697999999998,9.510000000000573e-06,11.574611159538753,-1.9707030752393084,-5848.441123858312,1333.8049535544098,-508.4403106875212,333.8278436876806,0,1,1,1,2,1,2,1,1,0,0
60000.0,101,17.486896,8.017071,30.099163,9.74752,102,17.498882,7.961911,-32.616962,12.404489,6010.310267,3,0,0,1,-77.1570125719335,102.82640702411406,-107.25617557193351,135.44336902411408,62.71612499999998,2.2999999999999687e-06,11.574632432924597,-2.0150603408068317,-5859.949482741617,1335.972142419838,-509.2284366245626,311.7259344550858,0,1,1,1,2,1,2,0,1,1,0
61000.0,101,17.486974,8.017127,30.716668,9.838697,102,17.499266,7.961928,-29.790702,13.008682,6022.012659,3,0,0,1,-76.84954633040725,103.1338613304717,-107.56621433040725,132.9245633304717,60.50737000000004,0.0006041930000000004,11.488682155524065,-2.831169489508552,-5864.091425960574,1370.0613902785274,-509.73176919066077,73.5062912714386,0,1,1,1,2,1,2,1,1,1,1
62000.0,101,17.487051,8.017171,30.466319,9.831771,102,17.499309,7.961851,-30.330877,12.885489,6033.715283,3,0,0,1,-76.91230092117604,103.07107031290093,-107.37861992117604,133.40194731290092,60.797195999999985,-0.00012319300000000055,11.492099938545604,-2.647496312961394,-5876.98714495609,1366.2877494615277,-511.74380396604806,12.134482914867327,0,1,1,1,2,1,2,0,1,1,1
63000.0,101,17.487125,8.017213,30.247046,9.759956,102,17.499637,7.961851,-28.318748,13.367291,6045.418138,3,0,0,1,-76.6606167128498,103.32274171110754,-106.9076627128498,131.64148971110754,58.56579400000004,0.0004818020000000001,11.257503057712578,-3.336272719001082,-5882.315864304556,1394.7904988959203,-516.0970171923126,334.9574086506278,0,1,1,1,2,1,2,1,1,0,0
64000.0,101,17.487205,8.017251,29.532538,9.751228,102,17.499875,7.961824,-27.256633,13.654267,6057.121222,3,0,0,1,-76.51361810097386,103.46972063756154,-106.04615610097386,130.72635363756154,56.78917100000001,0.000286976000000001,11.059891317574396,-3.6538449825559063,-5890.098396251383,1412.606944793792,-520.7845844868317,507.2734020182245,0,1,1,1,0,1,2,1,1,0,0
65000.0,101,17.487282,8.017303,29.937685,9.794665,102,17.49983,7.961728,-28.48275,13.318382,6068.824534,3,0,0,1,-76.6729967078471,103.3102975273333,-106.6106817078471,131.7930475273333,58.420435,-0.0003358850000000011,11.239562613289145,-3.2185847323140706,-5905.393171492933,1398.9148346361028,-520.0178716313235,281.41340010675157,0,1,1,1,1,1,2,0,1,1,0
66000.0,101,17.487352,8.017357,30.794489,9.782349,102,17.500077,7.961704,-27.348272,13.620626,6080.528072,3,0,0,1,-76.51016328596005,103.47310735569421,-107.30465228596005,130.8213793556942,58.14276100000001,0.00030224399999999996,11.265462885753282,-3.6951282387455002,-5912.77429408756,1418.4222860479194,-515.0328693264004,497.1690015997783,0,1,1,1,1,1,2,1,1,0,0
67000.0,101,17.487436,8.017409,30.759157,9.900585,102,17.5003,7.961673,-26.493952,13.864007,6092.231835,3,0,0,1,-76.38786933528314,103.59537621404853,-107.14702633528314,130.08932821404852,57.253108999999995,0.00024338100000000117,11.248240318997222,-3.9002120788602337,-5921.108319908253,1433.7939166075203,-514.3583107901828,588.1302390468838,0,1,1,1,2,1,2,1,1,0,0
68000.0,101,17.487516,8.017456,30.632282,9.942805,102,17.500272,7.961581,-27.543352,13.565631,6103.935823,3,0,0,1,-76.53020916018951,103.45299458103634,-107.16249116018952,130.99634658103633,58.175634,-0.0002983760000000011,11.339134641064973,-3.4727816187889555,-5936.0340615767145,1421.8059470630096,-517.0431079384713,380.87463885481475,0,1,1,1,2,1,2,0,1,1,0
69000.0,101,17.487594,8.017506,30.679769,9.971768,102,17.500308,7.961502,-28.118194,13.416476,6115.640032,3,0,0,1,-76.60269720547615,103.38046770466627,-107.28246620547614,131.49866170466626,58.79796300000004,-0.00014915500000000037,11.411065108011323,-3.2569822033330205,-5949.213815288134,1417.006697579711,-517.4738633027555,272.0255523538688,0,1,1,1,2,1,2,0,1,1,0
70000.0,101,17.487682,8.017542,29.475888,10.010369,102,17.500501,7.961463,-27.470073,13.596032,6127.344463,3,0,0,1,-76.51352099624762,103.46962123735221,-105.98940899624762,130.93969423735223,56.94596100000001,0.00017955599999999982,11.197323475488222,-3.3484498151591477,-5958.382836105874,1428.9941030863902,-525.6296515137581,338.94709023705946,0,1,1,1,0,1,2,1,1,0,0
71000.0,101,17.48776,8.017601,30.358782,10.094522,102,17.500512,7.961379,-28.218214,13.396196,6139.049114,3,0,0,1,-76.61427103314718,103.36882817192924,-106.97305303314718,131.58704217192923,58.57699600000001,-0.00019983599999999946,11.436039600738333,-3.0937650698936547,-5972.273072081005,1421.2242527484202,-520.0614985509206,189.35873468747522,0,1,1,1,1,1,2,0,1,1,1
72000.0,101,17.487837,8.017648,30.33397,10.066179,102,17.5008,7.961368,-26.834381,13.762358,6150.753983,3,0,0,1,-76.4145366631342,103.56854493568834,-106.74850666313421,130.40292593568833,57.16835100000003,0.000366162000000001,11.296325547490424,-3.5922783511306857,-5978.659748123005,1444.7844737413684,-521.5089057518035,437.46585783025216,0,1,1,1,2,1,2,1,1,0,0
73000.0,101,17.487924,8.017691,29.716051,10.141024,102,17.501023,7.961337,-26.041234,13.992679,6162.45907,3,0,0,1,-76.29475431511297,103.68830489306559,-106.01080531511298,129.72953889306558,55.75728499999997,0.000230321,11.169961870857783,-3.7647137563784376,-5986.998037141729,1460.0535239114874,-525.2043103302489,531.0392950529515,0,1,1,1,0,1,2,1,1,0,0
74000.0,101,17.488004,8.017735,29.451197,10.116346,102,17.501043,7.961255,-26.707097,13.801758,6174.164373,3,0,0,1,-76.38441124248442,103.59861004134203,-105.83560824248443,130.30570704134203,56.158293999999955,-0.00019092100000000123,11.176944914629267,-3.5202681703720238,-6000.651759265492,1453.4387392822712,-528.7782337091602,417.9247009556849,0,1,1,1,2,1,2,0,1,1,0
75000.0,101,17.488079,8.01778,29.510228,10.052723,102,17.50138,7.961261,-25.091236,14.256014,6185.869891,3,0,0,1,-76.13063617259198,103.8523731934499,-105.64086417259198,128.9436091934499,54.601463999999964,0.00045425600000000086,10.99717759981739,-4.162165426516967,-6005.519575334587,1482.8084632390796,-527.9610709743747,741.959689566486,0,1,1,1,2,1,2,1,1,0,0
76000.0,101,17.488151,8.017828,29.875687,9.974682,102,17.501523,7.961208,-24.943543,14.311163,6197.575622,3,0,0,1,-76.08338601362097,103.89959288866599,-105.95907301362097,128.84313588866598,54.81922999999995,5.514900000000011e-05,11.00396240121156,-4.327143232102184,-6015.656834568131,1490.5758749967836,-526.0334640532752,817.8397688211958,0,1,1,1,2,1,2,0,1,0,0
77000.0,101,17.488231,8.017874,29.749443,9.996994,102,17.501553,7.961128,-25.525296,14.135939,6209.281566,3,0,0,1,-76.16294794010679,103.81999303211568,-105.91239094010679,129.3452890321157,55.27473900000001,-0.00017522400000000006,11.051900074148353,-4.07677589661621,-6029.087109312045,1485.0206039630366,-529.1284811454002,696.1177389621762,0,1,1,1,2,1,2,0,1,1,0
78000.0,101,17.488305,8.017926,30.298806,9.97819,102,17.501556,7.961042,-26.28993,13.908524,6220.987721,3,0,0,1,-76.26592866787416,103.71697078222229,-106.56473466787416,130.0069007822223,56.58873600000004,-0.0002274150000000006,11.194367702938438,-3.8546561646121695,-6043.117929266736,1476.9610413980793,-528.0324043017639,573.8410675588547,0,1,1,1,1,1,2,0,1,1,0
79000.0,101,17.488381,8.017968,29.988093,9.9162,102,17.501935,7.961064,-24.430842,14.434214,6232.694085,3,0,0,1,-75.9690549812095,104.01383824095637,-105.95714798120949,128.44468024095636,54.418934999999976,0.0005256900000000009,10.92622799461575,-4.5530798818053135,-6046.74118685347,1511.09118732255,-528.1835416074478,935.323230952831,0,1,1,1,0,1,2,1,1,0,0
80000.0,101,17.488456,8.018017,30.262387,9.89505,102,17.501828,7.960956,-25.848371,13.973121,6244.400659,3,0,0,1,-76.18666014495022,103.79618589424972,-106.44904714495023,129.64455689424972,56.110757999999976,-0.000461093,11.07887185692034,-4.028506795811754,-6063.804581509572,1490.9103217105833,-532.1619717367605,674.1880244919041,0,1,1,1,2,1,2,0,1,1,0
81000.0,101,17.488526,8.018066,30.742057,9.817485,102,17.502055,7.960927,-25.106596,14.199839,6256.107439,3,0,0,1,-76.04917464327129,103.93364780593453,-106.79123164327129,129.04024380593452,55.84865300000001,0.00022671799999999997,11.043486303665805,-4.420332270869487,-6071.571041845753,1508.2789437405859,-528.4479812737317,860.5344800651094,0,1,1,1,2,1,2,1,1,0,0
82000.0,101,17.488606,8.018113,30.531199,9.864095,102,17.501996,7.960828,-26.243141,13.850114,6267.814426,3,0,0,1,-76.22073343296269,103.76204511462349,-106.75193243296269,130.00518611462348,56.774339999999995,-0.0003497250000000012,11.135295608335916,-3.926058432641108,-6087.43007152631,1492.8807062357296,-533.5498073817873,619.3681880735916,0,1,1,1,2,1,2,0,1,1,0
83000.0,101,17.48869,8.018163,30.469423,9.974842,102,17.502257,7.96081,-25.249135,14.142267,6279.521619,3,0,0,1,-76.0616299453081,103.92112799490846,-106.53105294530809,129.17026299490846,55.71855800000003,0.0002921530000000008,11.090483481691194,-4.193821954271751,-6094.623535686892,1512.5989956825285,-532.6544138416178,745.1635788335855,0,1,1,1,2,1,2,1,1,0,0
84000.0,101,17.488765,8.018215,30.863054,9.970664,102,17.502334,7.96074,-25.526496,14.068767,6291.229015,3,0,0,1,-76.08805640968437,103.89466478089689,-106.95111040968438,129.42116078089688,56.389549999999986,-7.350000000000101e-05,11.177461267061494,-4.136682966047067,-6106.684517379285,1512.6026326758772,-531.3598139580365,705.6164605336223,0,1,1,1,2,1,2,0,1,1,0
85000.0,101,17.488844,8.018265,30.88131,9.997505,102,17.502278,7.960642,-26.636595,13.735038,6302.936614,3,0,0,1,-76.25509557002833,103.72758111601699,-107.13640557002833,130.364176116017,57.517904999999985,-0.00033372899999999995,11.289163535886992,-3.697129405860215,-6122.440706768393,1497.5746232515837,-534.0176317406001,485.9028998458416,0,1,1,1,2,1,2,0,1,1,0
86000.0,101,17.488922,8.018316,31.084917,10.024239,102,17.502659,7.960664,-24.773144,14.249787,6314.644414,3,0,0,1,-75.96415466594352,104.01851308152429,-107.04907166594353,128.79165708152428,55.85806100000002,0.0005147490000000001,11.146632702112692,-4.353647246555203,-6126.11556136695,1531.4836610421655,-531.7670457828215,808.4421158439502,0,1,1,1,2,1,2,1,1,0,0
87000.0,101,17.48899,8.018363,31.323648,9.895098,102,17.502812,7.960614,-24.578817,14.32332,6326.352415,3,0,0,1,-75.90355015737134,104.07908832220429,-107.22719815737133,128.65790532220427,55.90246500000001,7.353300000000118e-05,11.101889459184996,-4.572651883223452,-6135.8476497475785,1540.8142321069909,-530.580002393376,918.7260821999087,0,1,1,1,2,1,2,0,1,0,0
88000.0,101,17.489065,8.0184,30.668368,9.799318,102,17.50284,7.960533,-25.159988,14.149891,6338.060615,3,0,0,1,-75.97703792316658,104.00556503156177,-106.64540592316658,129.16555303156179,55.828355999999985,-0.0001734290000000005,11.014107907520607,-4.378681749260224,-6149.178136295866,1535.7801299388773,-537.3569126989308,849.0691410642349,0,1,1,1,0,1,2,1,1,1,0
89000.0,101,17.489147,8.018449,30.497244,9.888542,102,17.502809,7.960439,-26.10288,13.865588,6349.769014,3,0,0,1,-76.120448633117,103.86211130568329,-106.61769263311699,129.96499130568327,56.60012400000005,-0.00028430299999999953,11.119045734064724,-3.9308761992322143,-6164.369450007814,1523.1926388231068,-541.3549408997087,621.9498214748177,0,1,1,1,2,1,2,0,1,1,0
90000.0,101,17.48922,8.018491,30.30105,9.798183,102,17.502911,7.960376,-26.198256,13.849973,6361.477609,3,0,0,1,-76.11626484183212,103.8662634452363,-106.41731484183212,130.0645194452363,56.49930599999999,-1.5615000000000378e-05,11.058074895887632,-3.9675733039132943,-6175.624732775012,1526.4522690690048,-543.84723911162,651.6865530346372,0,1,1,1,2,1,2,1,1,0,0
91000.0,101,17.489304,8.018536,29.919221,9.884672,102,17.503168,7.960356,-25.255825,14.126852,6373.186401,3,0,0,1,-75.96288446750572,104.0196241128139,-105.88210546750571,129.2754491128139,55.17504600000001,0.0002768789999999992,10.957634578012662,-4.209154721633812,-6182.875461696355,1545.8188532439424,-545.1245538829542,777.4804724887248,0,1,1,1,0,1,2,1,1,0,0
92000.0,101,17.48938,8.018576,29.505616,9.829576,102,17.503191,7.960274,-25.865438,13.949867,6384.895387,3,0,0,1,-76.04248883671306,103.93998301709343,-105.54810483671307,129.80542101709344,55.37105399999996,-0.00017698500000000016,10.926909451149326,-3.9976317301029205,-6196.380466437948,1540.0513686497977,-550.3246836002089,684.8554852778517,0,1,1,1,2,1,2,0,1,1,0
93000.0,101,17.489466,8.018624,29.28592,9.950468,102,17.503393,7.960238,-25.310146,14.1219,6396.604567,3,0,0,1,-75.94936722751785,104.03307923223458,-105.23528722751786,129.34322523223457,54.59606599999995,0.00017203300000000077,10.90481762535382,-4.08760066455719,-6205.228130501896,1552.9629213195053,-550.9945853107307,726.4298536092274,0,1,1,1,2,1,2,1,1,0,0
94000.0,101,17.489534,8.018666,29.505432,9.791142,102,17.503544,7.960187,-25.108139,14.193792,6408.31394,3,0,0,1,-75.89056179228822,104.09185660075407,-105.39599379228822,129.19999560075408,54.61357099999998,7.189200000000006e-05,10.845021073091953,-4.331280675037966,-6214.987104544721,1562.1852783652632,-549.8738114618787,857.2250534659594,0,1,1,1,2,1,2,0,1,0,0
95000.0,101,17.489602,8.018715,30.139176,9.703888,102,17.503406,7.960075,-26.667199,13.70069,6420.023504,3,0,0,1,-76.12646804519106,103.85590197765235,-106.26564404519107,130.52310097765235,56.806375,-0.0004931020000000004,11.021315389126336,-3.8513236649443314,-6232.734420936466,1539.390603448716,-551.8330577443869,604.9946716234562,0,1,1,1,1,1,2,0,1,1,0
96000.0,101,17.489675,8.018772,31.030346,9.74223,102,17.503484,7.960006,-26.912903,13.642857,6431.733259,3,0,0,1,-76.15020842323459,103.83212364414477,-107.18055442323458,130.7450266441448,57.94324900000004,-5.783300000000047e-05,11.19728335214019,-3.8172135135966077,-6244.741041797369,1539.611001460522,-546.6847109457982,560.9334002746632,0,1,1,1,1,1,2,0,1,1,0
97000.0,101,17.489754,8.018821,31.000457,9.8014,102,17.503601,7.959946,-26.895766,13.658978,6443.443203,3,0,0,1,-76.13826939542298,103.84402980517913,-107.13872639542298,130.73979580517914,57.896222999999964,1.612100000000005e-05,11.227056777045558,-3.7801001574703577,-6255.789001272179,1543.7176820419368,-547.0599012626433,536.4580780277597,0,1,1,1,2,1,2,1,1,1,0
98000.0,101,17.489839,8.01886,30.025985,9.85753,102,17.503485,7.959838,-28.387858,13.233623,6455.153336,3,0,0,1,-76.36449874996275,103.61775627023859,-106.39048374996275,132.0056142702386,58.413842999999986,-0.0004253549999999997,11.224400575797489,-3.1076359761449392,-6273.215592764304,1521.7656580336954,-555.7146195603209,208.26731533465588,0,1,1,1,0,1,2,0,1,1,0
99000.0,101,17.489913,8.018912,30.509978,9.84873,102,17.503698,7.959805,-27.646632,13.433007,6466.863656,3,0,0,1,-76.24996119587533,103.73226812785877,-106.75993919587533,131.37890012785877,58.15661,0.00019938400000000023,11.233231624945542,-3.414227450037025,-6281.5356878138255,1537.0865128596308,-553.2527097019894,358.1142166041849,0,1,1,1,2,1,2,1,1,0,0
100000.0,101,17.489984,8.018956,30.560888,9.762133,102,17.504093,7.959833,-25.625452,13.95643,6478.574162,3,0,0,1,-75.94328116420525,104.03894311977197,-106.50416916420525,129.66439511977197,56.18633999999997,0.0005234229999999993,10.99955793986077,-4.177614046735208,-6284.578215098992,1573.5310072690584,-553.4159207468367,764.3175217202194,0,1,1,1,2,1,2,1,1,0,0
101000.0,101,17.490056,8.019005,30.865401,9.725216,102,17.504232,7.959779,-25.497786,14.00818,6490.284853,3,0,0,1,-75.90277154809876,104.07942166424208,-106.76817254809876,129.57720766424208,56.36318700000004,5.175000000000019e-05,11.019447869463018,-4.295929235466696,-6294.822126258093,1580.8263256451614,-551.7174282435307,818.1233895345179,0,1,1,1,2,1,2,0,1,0,0
102000.0,101,17.49013,8.019043,30.307905,9.659424,102,17.504508,7.959766,-24.473134,14.316881,6501.995729,3,0,0,1,-75.72194253616736,104.26023516991961,-106.02984753616737,128.73336916991963,54.78103900000002,0.000308701000000001,10.805601247197117,-4.691358468378569,-6301.150728750742,1603.5734948851684,-553.3253750409132,1043.2547862135837,0,1,1,1,0,1,2,1,1,0,0
103000.0,101,17.490212,8.019082,29.542375,9.691954,102,17.504736,7.959737,-23.823208,14.530247,6513.706788,3,0,0,1,-75.59885228411093,104.38330482389537,-105.14122728411093,128.20651282389537,53.365583000000015,0.00021336599999999882,10.647781307095059,-4.8602984202620885,-6309.034261361273,1620.0193853799703,-556.3982825047297,1150.443103595227,0,1,1,1,0,1,2,1,1,0,0
104000.0,101,17.490291,8.019122,29.058584,9.692784,102,17.505042,7.959735,-22.714891,14.889452,6525.418028,3,0,0,1,-75.39333243462058,104.58881185520204,-104.45191643462057,127.30370285520203,51.77347500000002,0.0003592050000000011,10.457319844623651,-5.261902124002246,-6314.515410455239,1645.5927720036675,-555.0037633862784,1373.2618865431455,0,1,1,1,0,1,2,1,1,0,0
105000.0,101,17.490367,8.01917,29.337124,9.701014,102,17.505061,7.959651,-23.337044,14.684531,6537.129451,3,0,0,1,-75.47821175501284,104.50389279970186,-104.81533575501284,127.84093679970186,52.67416800000001,-0.00020492100000000057,10.57010536133243,-5.026317813344139,-6328.283571213631,1639.1731151526378,-557.6449340256438,1241.9929646496637,0,1,1,1,2,1,2,0,1,1,0
106000.0,101,17.490449,8.019216,29.183991,9.791572,102,17.505172,7.959589,-23.431131,14.66745,6548.841053,3,0,0,1,-75.47598135240237,104.5060906344073,-104.65997235240238,127.93722163440731,52.615121999999985,-1.7080999999999236e-05,10.606984511045525,-4.909339318999338,-6339.557086492598,1642.3565643792576,-560.0178338096817,1176.8297425934247,0,1,1,1,2,1,2,1,1,1,0
107000.0,101,17.49054,8.01927,29.245957,10.022399,102,17.505173,7.959502,-24.151309,14.435381,6560.552834,3,0,0,1,-75.59359580679616,104.38843373986082,-104.83955280679616,128.53974273986083,53.397266,-0.00023206900000000098,10.802743636257308,-4.426976701787142,-6354.2585984897005,1632.2533967571137,-563.9780556644761,903.2223968954045,0,1,1,1,2,1,2,0,1,1,0
108000.0,101,17.490604,8.019324,30.390308,9.886207,102,17.50555,7.959525,-22.563863,14.926258,6572.264794,3,0,0,1,-75.30609364378113,104.67592636261016,-105.69640164378113,127.23978936261015,52.95417100000003,0.0004908770000000011,10.72871083561511,-5.255854151113773,-6357.317135648042,1667.0882877783158,-551.4744545868472,1307.8692665566246,0,1,1,1,1,1,2,1,1,0,0
109000.0,101,17.490682,8.019365,29.986998,9.860979,102,17.505477,7.959423,-23.674277,14.538511,6583.976931,3,0,0,1,-75.4813417461221,104.5006352614162,-105.4683397461221,128.1749122614162,53.66127499999999,-0.00038774700000000095,10.766296423485926,-4.774015924055366,-6373.724562656924,1650.5718485797543,-561.0058308204123,1080.521188804295,0,1,1,1,2,1,2,0,1,1,0
110000.0,101,17.490755,8.019409,29.987861,9.792427,102,17.505655,7.959379,-23.360958,14.655022,6595.689244,3,0,0,1,-75.40323499738832,104.57871542543809,-105.39109599738832,127.93967342543809,53.34881899999999,0.00011651100000000092,10.705461601365077,-4.972149370471234,-6382.802827915766,1662.2107758547913,-559.8991915344046,1187.1713724141034,0,1,1,1,2,1,2,1,1,0,0
111000.0,101,17.49083,8.019453,29.880971,9.757318,102,17.505731,7.959309,-23.663995,14.568873,6607.401732,3,0,0,1,-75.42875031080067,104.55316575937621,-105.30972131080067,128.2171607593762,53.54496599999999,-8.61490000000007e-05,10.708635786258435,-4.883647117625335,-6394.878183120281,1662.3148531757931,-562.4102175288212,1146.4114513365535,0,1,1,1,2,1,2,0,1,1,0
112000.0,101,17.490902,8.019497,30.014417,9.681373,102,17.505805,7.959237,-23.97013,14.482666,6619.114394,3,0,0,1,-75.45370268279812,104.52817843559286,-105.46811968279812,128.49830843559286,53.984546999999964,-8.620699999999993e-05,10.726528701051773,-4.8505462398893915,-6406.9387292302745,1662.4714977247386,-563.2152974316075,1130.19467354115,0,1,1,1,2,1,2,0,1,1,0
113000.0,101,17.490984,8.019541,29.571254,9.757033,102,17.505692,7.959128,-25.340724,14.032073,6630.82723,3,0,0,1,-75.67084366592243,104.31099146425633,-105.24209766592243,129.65171546425634,54.91197800000003,-0.00045059299999999957,10.820882243911472,-4.195779248372499,-6424.541628371673,1641.0772740577816,-573.1678154132159,795.5169721628242,0,1,1,1,2,1,2,0,1,1,0
114000.0,101,17.491059,8.01959,29.957389,9.754554,102,17.505811,7.959068,-25.347316,14.045071,6642.540239,3,0,0,1,-75.6545471678881,104.32725509064154,-105.6119361678881,129.67457109064154,55.304704999999956,1.299799999999962e-05,10.883748752969066,-4.2416260028094595,-6435.422392234267,1645.8066290618588,-570.9477235029947,806.9002719710164,0,1,1,1,2,1,2,0,1,0,0
115000.0,101,17.491142,8.019643,30.170209,9.885612,102,17.505671,7.958955,-26.927568,13.559834,6654.253418,3,0,0,1,-75.89960392613835,104.08214844833559,-106.06981292613835,131.00971644833558,57.09777700000001,-0.0004852369999999997,11.108974186216162,-3.5432034845124836,-6453.762966413929,1621.1206384192278,-573.5501288627321,419.223787740276,0,1,1,1,2,1,2,0,1,1,0
116000.0,101,17.491217,8.019695,30.566572,9.890556,102,17.505626,7.958858,-27.984153,13.27512,6665.966769,3,0,0,1,-76.04428306985425,103.93742448820873,-106.61085506985424,131.92157748820873,58.550725,-0.000284714000000001,11.25878412498461,-3.2068053818170164,-6469.203523940562,1607.6438446519512,-572.0112097486876,228.53895732361252,0,1,1,1,1,1,2,0,1,1,0
117000.0,101,17.491301,8.019749,30.733296,10.02795,102,17.505734,7.958795,-28.008857,13.284036,6677.680289,3,0,0,1,-76.04770346132914,103.93396881981292,-106.78099946132913,131.94282581981292,58.74215299999997,8.916000000001034e-06,11.36299896670998,-3.1085644640376504,-6480.667417869691,1610.0819423437158,-569.6674289394431,160.94256123632258,0,1,1,1,2,1,2,0,1,1,1
118000.0,101,17.491381,8.019797,30.652144,10.057489,102,17.506017,7.958784,-26.780725,13.607367,6689.393977,3,0,0,1,-75.87249523568059,104.1091591209389,-106.52463923568058,130.8898841209389,57.43286900000004,0.00032333099999999956,11.258724676607022,-3.495565554355137,-6487.072964964594,1632.7510914861896,-571.281461330403,368.35598955962354,0,1,1,1,2,1,2,1,1,0,0
119000.0,101,17.491454,8.019834,30.057859,9.916177,102,17.506049,7.958703,-27.337353,13.46598,6701.107834,3,0,0,1,-75.93654903228575,104.04506979017307,-105.99440803228575,131.38242279017308,57.395212000000015,-0.00014138699999999993,11.150723558236347,-3.3794229088976397,-6500.257004429212,1628.3442754114183,-577.6906155333959,329.17261377797576,0,1,1,1,0,1,2,1,1,1,0
120000.0,101,17.491534,8.019879,29.82802,9.927405,102,17.506034,7.958612,-28.199963,13.242285,6712.821857,3,0,0,1,-76.05420725799863,103.92737063814288,-105.88222725799862,132.1273336381429,58.027983000000006,-0.00022369499999999931,11.195518488047373,-3.0582302183482177,-6514.955882035742,1617.815545402135,-580.0524513747276,157.52017657348892,0,1,1,1,2,1,2,0,1,1,1
121000.0,101,17.491608,8.019929,30.235763,9.903782,102,17.506243,7.958577,-27.498052,13.434302,6724.536046,3,0,0,1,-75.94826455167268,104.03328764168525,-106.18402755167267,131.53133964168524,57.73381500000005,0.0001920169999999999,11.190006834468804,-3.360104299272317,-6523.316990188679,1632.7034266727794,-578.1833571907778,314.6248655568431,0,1,1,1,2,1,2,1,1,0,0
122000.0,101,17.491688,8.019972,29.86825,9.904755,102,17.50657,7.958581,-25.980904,13.836231,6736.2504,3,0,0,1,-75.72954282618919,104.25199743237145,-105.59779282618919,130.23290143237145,55.849154,0.0004019289999999991,10.99389945920015,-3.848808271912004,-6528.389652747067,1660.4812535542808,-581.2777385507969,592.9976630131453,0,1,1,1,0,1,2,1,1,0,0
123000.0,101,17.491768,8.020018,29.746219,9.937578,102,17.506575,7.958494,-26.710317,13.636574,6747.964919,3,0,0,1,-75.82792473452864,104.15357548855833,-105.57414373452863,130.86389248855832,56.45653599999997,-0.0001996570000000002,11.059986172377105,-3.5533027225604332,-6542.589205211972,1652.1371129232762,-583.5366670055179,430.57673494310194,0,1,1,1,2,1,2,0,1,1,0
124000.0,101,17.491845,8.020069,30.050421,9.960879,102,17.506896,7.958497,-25.293618,14.028224,6759.679601,3,0,0,1,-75.61488116664854,104.36660441925686,-105.66530216664854,129.66022241925685,55.34403900000001,0.0003916500000000003,10.98168800222005,-4.061352145462919,-6547.748230248863,1679.3633976743674,-580.8620329883476,700.3926810268802,0,1,1,1,2,1,2,1,1,0,0
125000.0,101,17.491925,8.020113,29.84278,9.96508,102,17.506861,7.958401,-26.260362,13.746356,6771.394445,3,0,0,1,-75.75125318243094,104.23019028300877,-105.59403318243095,130.49055228300875,56.10314199999999,-0.00028186799999999936,11.040927814836895,-3.683980195377858,-6563.081252879063,1666.6574926733597,-584.86333702514,499.27307778734473,0,1,1,1,2,1,2,0,1,1,0
126000.0,101,17.491999,8.02016,29.975727,9.916178,102,17.506887,7.958318,-26.851485,13.59177,6783.109451,3,0,0,1,-75.82377705571666,104.157627267801,-105.79950405571665,131.00911226780102,56.82721200000003,-0.00015458600000000012,11.093573246688479,-3.536547786894788,-6576.543866674115,1661.2178044906125,-585.3971097813388,417.28324372395736,0,1,1,1,2,1,2,0,1,1,0
127000.0,101,17.492072,8.020206,30.109947,9.857922,102,17.506997,7.958256,-26.892411,13.59636,6794.824617,3,0,0,1,-75.8137262638573,104.16764549007534,-105.9236732638573,131.06005649007534,57.00235799999996,4.590000000000316e-06,11.095193396827426,-3.598278131927197,-6587.6102569932245,1665.2425282062857,-585.3627377165141,450.7325322700967,0,1,1,1,2,1,2,0,1,0,0
128000.0,101,17.492145,8.020255,30.518864,9.821812,102,17.506937,7.958156,-28.043299,13.283145,6806.539944,3,0,0,1,-75.96740118970742,104.0139257534845,-106.48626518970741,132.0572247534845,58.562163,-0.00031321500000000134,11.232652654345351,-3.262486971439227,-6603.418676553283,1650.408371105407,-584.3896432969989,259.1331861413514,0,1,1,1,1,1,2,0,1,1,0
129000.0,101,17.492223,8.020309,30.930135,9.8847,102,17.507027,7.958088,-28.193816,13.259237,6818.255429,3,0,0,1,-75.9828827646059,103.99840740640289,-106.91301776460591,132.1922234064029,59.123951000000034,-2.3907999999998708e-05,11.345062841052645,-3.2070443846917147,-6615.231020970202,1651.4616660042432,-581.1736993080875,213.50189666401045,0,1,1,1,2,1,2,0,1,1,0
130000.0,101,17.492307,8.02036,30.79525,9.996892,102,17.507087,7.958014,-28.55093,13.180918,6829.971073,3,0,0,1,-76.03161915239578,103.94963335643527,-106.82686915239577,132.50056335643526,59.346180000000004,-7.831900000000047e-05,11.417809956733993,-2.9906674480648707,-6628.002579825606,1648.662081762629,-581.0382305177704,89.2443790609085,0,1,1,1,2,1,2,0,1,1,1
131000.0,101,17.492379,8.020392,29.965088,9.81698,102,17.507136,7.957936,-28.981623,13.084585,6841.686873,3,0,0,1,-76.07606671965026,103.90515264919738,-106.04115471965025,132.88677564919738,58.94671099999999,-9.633299999999955e-05,11.243170529115176,-2.9413265543873823,-6640.651089008418,1646.339084827854,-589.723329091698,88.82795481900241,0,1,1,1,0,1,2,1,1,1,1
132000.0,101,17.492461,8.02044,29.831133,9.889084,102,17.507363,7.957907,-28.108029,13.310059,6853.402831,3,0,0,1,-75.96132096767964,104.01987508630009,-105.79245396767965,132.12790408630008,57.93916200000001,0.00022547400000000017,11.190120612932873,-3.161548277015033,-6648.706693378439,1662.4769680761178,-591.0993034489771,209.1330391728966,0,1,1,1,2,1,2,1,1,0,0
133000.0,101,17.492541,8.020493,30.18199,9.975546,102,17.507592,7.957879,-27.27286,13.535278,6865.118944,3,0,0,1,-75.84422946518046,104.1369420707142,-106.02621946518046,131.4098020707142,57.454849999999965,0.00022521899999999916,11.21743953213667,-3.407430613440056,-6656.65566677577,1678.9262786822094,-588.4651228760946,330.92918630720646,0,1,1,1,2,1,2,1,1,0,0
134000.0,101,17.492617,8.02054,30.285712,9.943746,102,17.507543,7.957781,-28.35429,13.246374,6876.835211,3,0,0,1,-75.98817893235204,103.99294898692573,-106.27389093235205,132.34723898692573,58.64000199999998,-0.00028890400000000047,11.305751605688402,-3.0705397273290522,-6672.220433548845,1665.0336349103222,-589.0340495345397,144.18345936626554,0,1,1,1,2,1,2,0,1,1,1
135000.0,101,17.492694,8.020589,30.390554,9.956418,102,17.507659,7.95772,-28.316751,13.26975,6888.551633,3,0,0,1,-75.97660568920061,104.00448905129795,-106.3671596892006,132.32124005129796,58.70730500000002,2.337600000000073e-05,11.331315428688534,-3.0934974804272866,-6683.251211212169,1669.2204313205714,-588.652195203942,152.33344597423448,0,1,1,1,2,1,2,0,1,0,1
136000.0,101,17.492775,8.020633,30.030701,9.97662,102,17.507907,7.957698,-27.328304,13.529929,6900.268208,3,0,0,1,-75.84071505321077,104.14035966817178,-105.87141605321077,131.46866366817179,57.359005000000025,0.00026017899999999906,11.204373341756696,-3.382528876697462,-6690.634081265642,1687.9327394603733,-592.2507007193102,320.1042393668936,0,1,1,1,2,1,2,1,1,0,0
137000.0,101,17.492859,8.020665,28.72474,9.945651,102,17.508118,7.957664,-26.653608,13.721851,6911.984935,3,0,0,1,-75.74109842091147,104.2399562988288,-104.46583842091147,130.8935642988288,55.37834800000002,0.00019192199999999992,10.935462283985332,-3.5419707147345125,-6699.045031683835,1702.4486497803941,-602.7691719451343,445.69698482042315,0,1,1,1,0,1,2,1,1,0,0
138000.0,101,17.49292,8.020702,28.938726,9.675465,102,17.5083,7.957622,-26.211165,13.857049,6923.701814,3,0,0,1,-75.64997636766057,104.33105446809444,-104.58870236766057,130.54221946809443,55.14989099999997,0.00013519800000000082,10.802096870126269,-3.9647967973113154,-6707.680329835369,1716.0044877349733,-602.4691567908802,701.6951093104079,0,1,1,1,2,1,2,1,1,0,0
139000.0,101,17.492999,8.02076,29.787643,9.788121,102,17.508695,7.957652,-24.316431,14.379647,6935.418844,3,0,0,1,-75.37403057091853,104.60699159582158,-105.16167357091854,128.9234225958216,54.104074000000026,0.0005225980000000003,10.783798636369688,-4.609117706823703,-6710.675348904539,1751.2483842434362,-593.3088305922628,1031.8569981431938,0,1,1,1,1,1,2,1,1,0,0
140000.0,101,17.493082,8.020809,29.765362,9.890708,102,17.508693,7.957563,-25.071543,14.151109,6947.136024,3,0,0,1,-75.48018352156464,104.50079710318145,-105.24554552156464,129.57234010318146,54.836905,-0.00022853800000000035,10.906761540045363,-4.2319978987590385,-6725.251344729113,1741.750064210647,-596.6634401118329,812.9863241654891,0,1,1,1,2,1,2,0,1,1,0
141000.0,101,17.493161,8.020858,29.930065,9.928924,102,17.508792,7.957498,-25.214183,14.122934,6958.853353,3,0,0,1,-75.48739217355836,104.49355407517035,-105.41745717355836,129.70773707517034,55.144248000000005,-2.8174999999999174e-05,10.970378681994687,-4.172570219140557,-6736.813887857454,1743.840195926877,-596.1279725633404,769.2167675397471,0,1,1,1,2,1,2,0,1,1,0
142000.0,101,17.493229,8.020908,30.520673,9.838171,102,17.508921,7.957441,-25.16347,14.152599,6970.57083,3,0,0,1,-75.45667251613474,104.52424145126335,-105.97734551613475,129.68771145126334,55.684143000000006,2.966499999999961e-05,11.014025295493198,-4.33444090669232,-6747.2199695784775,1750.39434933054,-592.4782485416633,847.176983107061,0,1,1,1,1,1,2,0,1,0,0
143000.0,101,17.493297,8.020961,31.303937,9.770347,102,17.50895,7.957359,-25.731651,13.99224,6982.288455,3,0,0,1,-75.52072805345658,104.46014526488648,-106.82466505345658,130.19179626488648,57.03558800000002,-0.0001603589999999997,11.151281578896217,-4.256721578636421,-6760.518110136209,1745.779754535671,-589.2948491846767,785.783555593876,0,1,1,1,1,1,2,0,1,1,0
144000.0,101,17.493377,8.021009,31.095799,9.822825,102,17.508914,7.957263,-26.708805,13.710569,6994.006227,3,0,0,1,-75.65459691950402,104.32623307115696,-106.75039591950402,131.03503807115698,57.80460399999998,-0.00028167100000000113,11.235501164195334,-3.8363494862012697,-6775.930993317121,1732.8826495522512,-593.1427740094384,553.9928247806406,0,1,1,1,2,1,2,0,1,1,0
145000.0,101,17.493458,8.021055,30.808323,9.869531,102,17.509098,7.957221,-26.249943,13.849677,7005.724145,3,0,0,1,-75.58255091515717,104.39825247091846,-106.39087391515717,130.64819547091847,57.058265999999946,0.00013910800000000023,11.180397495876353,-3.9446067414234793,-6785.095531104904,1744.3191879974959,-594.9047465565993,617.0329553554581,0,1,1,1,2,1,2,1,1,0,0
146000.0,101,17.49353,8.021096,30.541343,9.769559,102,17.509379,7.95721,-25.145453,14.166105,7017.442209,3,0,0,1,-75.40953348403494,104.57125407653427,-105.95087648403494,129.71670707653428,55.68679599999996,0.00031642800000000016,10.983927174520897,-4.409454618221989,-6791.137410484401,1767.7521965971448,-596.1698599781295,894.6241202649436,0,1,1,1,2,1,2,1,1,0,0
147000.0,101,17.493603,8.021142,30.631082,9.731805,102,17.50957,7.957171,-24.704897,14.310227,7029.160417,3,0,0,1,-75.32429814594383,104.65646371200556,-105.95538014594382,129.36136071200556,55.33597900000001,0.0001441219999999994,10.93931905263093,-4.6265621940281605,-6799.836027504277,1780.8217673238594,-594.7973389463871,1014.332452155301,0,1,1,1,2,1,2,1,1,0,0
148000.0,101,17.493681,8.021191,30.620573,9.776753,102,17.509602,7.957089,-25.256688,14.150364,7040.878769,3,0,0,1,-75.3933235852569,104.5873988180812,-106.0138965852569,129.8440868180812,55.877260999999976,-0.00015986299999999964,11.017390329868654,-4.384190203043895,-6813.316098630863,1775.58372933874,-597.2224261478667,874.4982208382341,0,1,1,1,2,1,2,0,1,1,0
149000.0,101,17.493761,8.021239,30.579036,9.836691,102,17.509762,7.957041,-25.005498,14.237778,7052.597264,3,0,0,1,-75.34409704587713,104.63659635883937,-105.92313304587714,129.64209435883936,55.58453399999996,8.741400000000077e-05,11.022568021904178,-4.43454671517291,-6823.125272020463,1784.4017738435393,-597.2029647320502,896.7506569054001,0,1,1,1,2,1,2,1,1,0,0
150000.0,101,17.493837,8.021285,30.549499,9.817734,102,17.509994,7.957014,-24.305551,14.457337,7064.315901,3,0,0,1,-75.22356348205672,104.75710780423188,-105.77306248205672,129.0626588042319,54.855050000000006,0.00021955900000000027,10.940861211252152,-4.720949915978018,-6830.687399626933,1801.7404912193351,-595.9970106287778,1058.3406284580346,0,1,1,1,2,1,2,1,1,0,0
151000.0,101,17.493913,8.021333,30.55674,9.822632,102,17.510129,7.956959,-24.23644,14.491458,7076.034681,3,0,0,1,-75.19465381799449,104.78598637925603,-105.7513938179945,129.02242637925605,54.79318000000001,3.412099999999896e-05,10.942529304192416,-4.755644599591728,-6841.107139294722,1808.1813834362854,-596.1921478894445,1074.9788165884079,0,1,1,1,2,1,2,1,1,0,0
152000.0,101,17.493997,8.021378,30.158636,9.906158,102,17.510227,7.956894,-24.390195,14.454614,7087.753601,3,0,0,1,-75.20657024158446,104.77403677664111,-105.36520624158446,129.16423177664112,54.54883100000001,-3.684400000000032e-05,10.945825105227998,-4.599364534537861,-6852.8135275393415,1809.750774350513,-600.1077103497515,991.9303079852384,0,1,1,1,2,1,2,1,1,1,0
153000.0,101,17.494078,8.021421,29.730231,9.923223,102,17.510285,7.956819,-24.784811,14.340651,7099.472661,3,0,0,1,-75.25237385117185,104.72819760487587,-104.98260485117186,129.51300860487586,54.515041999999994,-0.00011396300000000003,10.932858781976911,-4.402685267031714,-6865.591088467911,1807.2551204067536,-605.1507611172002,892.6296927725593,0,1,1,1,2,1,2,1,1,1,0
154000.0,101,17.494152,8.021474,30.366761,9.910777,102,17.510373,7.956751,-24.99212,14.287536,7111.191861,3,0,0,1,-75.26654948696819,104.71398549201199,-105.63331048696818,129.706105492012,55.358881,-5.311500000000002e-05,11.046620574741668,-4.398646796466716,-6877.371880191143,1808.5368963636863,-601.7251788634499,869.311903180604,0,1,1,1,1,1,2,0,1,1,0
155000.0,101,17.494231,8.021514,29.798656,9.885488,102,17.510284,7.956645,-26.255599,13.896469,7122.911199,3,0,0,1,-75.44390936709105,104.5365817087326,-105.24256536709106,130.7921807087326,56.05425500000001,-0.0003910669999999996,11.060097879495881,-3.884363357342986,-6894.280443551037,1790.184659332478,-610.462809757611,598.2931079463666,0,1,1,1,2,1,2,0,1,1,0
156000.0,101,17.494309,8.021557,29.547885,9.873466,102,17.510333,7.956568,-26.697204,13.780247,7134.630676,3,0,0,1,-75.49473508665162,104.48571983126335,-105.04262008665162,131.18292383126334,56.24508900000001,-0.00011622200000000049,11.060233556027937,-3.7218195209034555,-6907.211675212393,1787.0035693108798,-613.7074401288953,511.2580597761385,0,1,1,1,2,1,2,0,1,1,0
157000.0,101,17.494388,8.021611,30.050209,9.949633,102,17.510641,7.956567,-25.383418,14.141753,7146.35029,3,0,0,1,-75.30834881886811,104.67208934859663,-105.3585578188681,130.05550734859662,55.433627,0.0003615060000000003,11.044562763078098,-4.164227451210397,-6912.698356913896,1812.435900577733,-609.0213256069642,747.2691674087324,0,1,1,1,2,1,2,1,1,0,0
158000.0,101,17.494463,8.021658,30.136913,9.908312,102,17.510739,7.956502,-25.520511,14.112337,7158.07004,3,0,0,1,-75.31262754793207,104.6677768419723,-105.44954054793206,130.18828784197228,55.65742399999999,-2.9415999999999442e-05,11.054723635816005,-4.166424898843109,-6924.170477975898,1814.8911508607387,-609.4062626504749,747.9976167349276,0,1,1,1,2,1,2,0,1,0,0
159000.0,101,17.49455,8.021699,29.369941,9.987941,102,17.511026,7.956494,-24.425519,14.434781,7169.789927,3,0,0,1,-75.15083806471053,104.82955138551633,-104.52077906471052,129.25507038551632,53.79545999999999,0.00032244399999999904,10.86747820216215,-4.438658742575626,-6930.346551827282,1837.4395959830515,-613.4268633501356,923.8592673784634,0,1,1,1,0,1,2,1,1,0,0
160000.0,101,17.494628,8.021747,29.512906,9.993779,102,17.511171,7.956442,-24.292078,14.487655,7181.509949,3,0,0,1,-75.11494709936436,104.8654121544292,-104.62785309936436,129.15749015442918,53.80498399999999,5.287400000000098e-05,10.883183718763608,-4.507886679399311,-6940.520926207828,1844.7911590359524,-612.463182500709,956.499647032357,0,1,1,1,2,1,2,0,1,0,0
161000.0,101,17.494696,8.021792,29.871615,9.862271,102,17.511197,7.956359,-24.87465,14.311867,7193.230105,3,0,0,1,-75.17877279837478,104.801547907697,-105.05038779837477,129.676197907697,54.746264999999994,-0.00017578800000000072,10.932049448219644,-4.432152918284505,-6953.9018698432465,1840.0565556712938,-612.6267809558259,912.0499757898467,0,1,1,1,2,1,2,0,1,1,0
162000.0,101,17.494777,8.021836,29.516774,9.885027,102,17.51117,7.956264,-25.775698,14.039278,7204.950395,3,0,0,1,-75.30131946663151,104.67895940503709,-104.81809346663151,130.4546574050371,55.292471999999975,-0.00027258899999999995,10.975107417119816,-4.04035194603868,-6969.158279882496,1828.1529105509514,-618.6849962121765,695.0050143778041,0,1,1,1,2,1,2,0,1,1,0
163000.0,101,17.494853,8.021882,29.625158,9.86421,102,17.511227,7.956189,-26.163726,13.935811,7216.670819,3,0,0,1,-75.34344817531655,104.63679423223574,-104.96860617531655,130.80052023223575,55.788883999999996,-0.0001034670000000002,11.02093643309044,-3.933175503704181,-6981.839648930579,1825.9936545418393,-619.3446161600792,629.6494596725234,0,1,1,1,2,1,2,0,1,1,0
164000.0,101,17.494926,8.021929,29.928992,9.815895,102,17.511429,7.956154,-25.607703,14.101747,7228.391375,3,0,0,1,-75.25064686700811,104.72957072796612,-105.17963886700812,130.33727372796614,55.53669500000001,0.00016593600000000032,10.992282095868472,-4.209704392134986,-6990.207301246506,1840.2836074296888,-616.960150852347,785.1025923265735,0,1,1,1,2,1,2,1,1,0,0
165000.0,101,17.495007,8.021972,29.49417,9.840299,102,17.511458,7.956072,-26.171986,13.943327,7240.112063,3,0,0,1,-75.32172456610739,104.65845537369006,-104.81589456610739,130.83044137369006,55.666156,-0.00015841999999999956,10.994666345172444,-3.9487219867977945,-7003.823037551877,1834.580481596735,-622.1155415550144,643.2057308699224,0,1,1,1,2,1,2,0,1,1,0
166000.0,101,17.495083,8.022026,30.155141,9.878678,102,17.511443,7.95598,-27.013645,13.706854,7251.832882,3,0,0,1,-75.43024960483626,104.54988639051861,-105.58539060483626,131.56353139051862,57.16878600000001,-0.00023647300000000015,11.188175748190053,-3.669633632557913,-7018.629288185816,1824.2595932258882,-618.9239492794634,456.7419267662406,0,1,1,1,1,1,2,0,1,1,0
167000.0,101,17.495157,8.022065,29.733487,9.791624,102,17.511807,7.956,-25.279097,14.166448,7263.553832,3,0,0,1,-75.18745746660647,104.79267257347094,-104.92094446660647,130.07176957347093,55.012584000000004,0.00045959400000000094,10.905785146301854,-4.3073699628408395,-7022.167388430425,1856.9812705641687,-622.0303573531735,856.2039592535349,0,1,1,1,0,1,2,1,1,0,0
168000.0,101,17.495236,8.022114,29.873653,9.847777,102,17.511828,7.955916,-25.89127,13.992071,7275.274911,3,0,0,1,-75.2650972832753,104.714992700117,-105.1387502832753,130.606262700117,55.76492300000001,-0.00017437700000000155,11.014913674126323,-4.048345072957387,-7036.012888749625,1850.445259924005,-623.01124874326,693.788835055288,0,1,1,1,2,1,2,0,1,1,0
169000.0,101,17.495315,8.022173,30.680618,9.956575,102,17.511869,7.955837,-26.383634,13.85901,7286.99612,3,0,0,1,-75.32658206565247,104.65346634596573,-106.00720006565247,131.0371003459657,57.06425200000001,-0.00013306099999999964,11.239019780365476,-3.852535206657839,-7049.333498158341,1845.8628564001556,-617.6597162167204,544.4008778493904,0,1,1,1,1,1,2,0,1,1,0
170000.0,101,17.495395,8.022235,31.501578,10.078928,102,17.511946,7.955766,-26.638905,13.797342,7298.717457,3,0,0,1,-75.35717410400581,104.62283421892249,-106.8587521040058,131.2617392189225,58.14048300000002,-6.166799999999917e-05,11.452722978416922,-3.739200268361058,-7061.658691875208,1845.061797496186,-611.2718730914594,444.7992832060124,0,1,1,1,1,1,2,0,1,1,0
171000.0,101,17.495473,8.022292,31.979432,10.142886,102,17.512146,7.95573,-26.072414,13.962114,7310.438923,3,0,0,1,-75.27366120644527,104.70631899114854,-107.25309320644527,130.77873299114853,58.051845999999955,0.00016477199999999926,11.50826585234222,-3.9377352441159275,-7070.29830303274,1858.3323580688586,-607.6407058242507,539.9730218647344,0,1,1,1,2,1,2,1,1,0,0
172000.0,101,17.495544,8.022334,31.676533,9.996209,102,17.512274,7.955674,-25.997836,13.993382,7322.160515,3,0,0,1,-75.24628195889869,104.73366865289775,-106.9228149588987,130.73150465289774,57.67436900000001,3.126800000000074e-05,11.38306049091511,-4.070363757987485,-7080.744601064221,1864.6958202143726,-611.5947339543561,635.9360817654098,0,1,1,1,2,1,2,1,1,0,0
173000.0,101,17.495618,8.022372,31.09226,9.888033,102,17.512398,7.955616,-25.957321,14.014568,7333.882235,3,0,0,1,-75.2244573476576,104.7554642801187,-106.3167173476576,130.7127852801187,57.04958099999999,2.118600000000015e-05,11.240552551024873,-4.133295995812956,-7091.367913795908,1870.382246503232,-617.1533568415658,697.7525174645511,0,1,1,1,0,1,2,1,1,0,0
174000.0,101,17.495702,8.02241,30.040019,9.899573,102,17.512485,7.955548,-26.152336,13.967299,7345.60408,3,0,0,1,-75.24430186622003,104.73558778450412,-105.28432086622003,130.88792378450412,56.19235500000002,-4.7269000000000004e-05,11.11199001664335,-3.9675792157814573,-7103.350565170784,1870.9115554725086,-625.9306855523972,630.1482202599702,0,1,1,1,0,1,2,1,1,1,0
175000.0,101,17.495773,8.022458,30.405241,9.839062,102,17.512699,7.955517,-25.513734,14.154299,7357.326051,3,0,0,1,-75.14094759308738,104.83891813770717,-105.54618859308738,130.35265213770717,55.91897499999999,0.0001869999999999994,11.07631876075853,-4.288130968997137,-7111.294107937815,1886.7280490659416,-623.1497167032239,812.7743637823415,0,1,1,1,2,1,2,1,1,0,0
176000.0,101,17.495846,8.022495,29.88921,9.727383,102,17.512723,7.955434,-26.103125,13.986238,7369.048146,3,0,0,1,-75.20735770896256,104.77247187452824,-105.09656770896257,130.87559687452824,55.99233499999997,-0.00016806099999999979,11.001172005818752,-4.1261420733312555,-7124.809770286856,1881.4771631064202,-629.6832712029735,743.4153362454691,0,1,1,1,2,1,2,0,1,1,0
177000.0,101,17.495926,8.022535,29.335994,9.735931,102,17.512853,7.955378,-26.020679,14.018107,7380.770366,3,0,0,1,-75.18572597828555,104.79407461321935,-104.52171997828555,130.81475361321935,55.356673,3.186900000000037e-05,10.919607203706885,-4.109761005649755,-7135.431490488774,1887.164179440917,-634.3592371390462,749.479803330817,0,1,1,1,0,1,2,1,1,0,0
178000.0,101,17.496004,8.022585,29.635853,9.775352,102,17.512838,7.955286,-26.852878,13.781205,7392.492709,3,0,0,1,-75.29322081571242,104.68653702989455,-104.92907381571241,131.53941502989454,56.48873099999997,-0.0002369020000000006,11.058758948371871,-3.7985724575974675,-7150.297804776964,1876.749785032596,-634.4388533754349,549.8386717739777,0,1,1,1,2,1,2,0,1,1,0
179000.0,101,17.496081,8.022634,29.857501,9.81365,102,17.512931,7.95522,-26.988503,13.751806,7404.215176,3,0,0,1,-75.3038417574849,104.675881403102,-105.1613427574849,131.664384403102,56.84600399999999,-2.939899999999973e-05,11.126402973461296,-3.7431538237266953,-7161.984539532205,1878.39820805131,-633.2914504117928,505.53387190725107,0,1,1,1,2,1,2,0,1,1,0
180000.0,101,17.496169,8.02268,29.439449,9.953207,102,17.513202,7.955208,-25.924103,14.041147,7415.937764,3,0,0,1,-75.16351584111592,104.81618967258022,-104.60296484111592,130.7402926725802,55.36355200000003,0.0002893410000000003,11.0305469574898,-3.9602365797715837,-7168.694349728871,1898.9350277686415,-635.6372955246225,638.0252174188073,0,1,1,1,0,1,2,1,1,0,0
181000.0,101,17.496244,8.022726,29.573802,9.908576,102,17.513345,7.955156,-25.752017,14.098405,7427.660475,3,0,0,1,-75.12755345051818,104.8521224637645,-104.70135545051818,130.6041394637645,55.325819000000024,5.7257999999999146e-05,11.01575288127519,-4.08049938500257,-7178.831043882251,1906.4430165283434,-635.191047394151,709.1333644752451,0,1,1,1,2,1,2,1,1,0,0
182000.0,101,17.496314,8.02277,29.728598,9.788336,102,17.513345,7.955067,-26.494035,13.885408,7439.383306,3,0,0,1,-75.21349861480613,104.76613725553493,-104.94209661480613,131.26017225553494,56.22263299999997,-0.00021299699999999965,11.0483040796267,-3.927138268398968,-7193.017292993157,1898.6643190129416,-636.990608570107,622.5796520755307,0,1,1,1,2,1,2,0,1,1,0
183000.0,101,17.496382,8.022823,30.574615,9.736416,102,17.513629,7.955059,-25.359659,14.199483,7451.106258,3,0,0,1,-75.04727920507571,104.93233811878278,-105.6218942050757,130.29199711878277,55.934274000000016,0.0003140750000000008,11.034149908307327,-4.448441792664745,-7198.804864136016,1922.548567942668,-629.8457239337738,913.8581972339961,0,1,1,1,1,1,2,1,1,0,0
184000.0,101,17.496461,8.022866,30.262427,9.745361,102,17.513733,7.954996,-25.455023,14.179288,7462.82933,3,0,0,1,-75.04889108348922,104.93069425334217,-105.31131808348923,130.38571725334216,55.717449999999985,-2.0195000000001073e-05,11.00557758268714,-4.38548081323826,-7210.1851505098875,1925.3705368253006,-633.0828986791994,884.9456499729882,0,1,1,1,2,1,2,1,1,1,0
185000.0,101,17.496546,8.022905,29.304303,9.81295,102,17.51395,7.954966,-24.8276,14.368039,7474.552521,3,0,0,1,-74.95443841270009,105.02512599881074,-104.25874141270009,129.85272599881074,54.13190300000002,0.0001887509999999999,10.835914329099891,-4.482866089074765,-7218.322678630729,1940.2971670217844,-639.3194375432648,970.2620947156843,0,1,1,1,0,1,2,1,1,0,0
186000.0,101,17.496627,8.022952,29.314832,9.872942,102,17.513827,7.954853,-26.275241,13.912878,7486.275831,3,0,0,1,-75.15619279584843,104.82332351254851,-104.47102479584842,131.0985645125485,55.59007300000002,-0.00045516100000000037,10.992878284572502,-3.8667306621620554,-7236.442316687136,1917.8708024980358,-644.9000899430843,594.2859888376632,0,1,1,1,2,1,2,0,1,1,0
187000.0,101,17.496708,8.022993,28.850803,9.878724,102,17.514017,7.954815,-25.789835,14.056299,7497.999259,3,0,0,1,-75.08287064993999,104.8966217420443,-103.93367364993999,130.6864567420443,54.64063799999997,0.00014342100000000002,10.882278697585615,-4.003666389760555,-7245.310406654045,1930.1476625365074,-648.5673943702606,692.3496126114323,0,1,1,1,0,1,2,1,1,0,0
188000.0,101,17.496794,8.023042,28.82841,10.006885,102,17.514091,7.954744,-26.063318,13.985157,7509.722805,3,0,0,1,-75.11773458380976,104.86172162181187,-103.94614458380977,130.92503962181186,54.891728,-7.114200000000004e-05,10.969777683594675,-3.796284419634272,-7257.813828596023,1928.7496046344165,-649.2667806542178,552.912441966316,0,1,1,1,2,1,2,0,1,1,0
189000.0,101,17.496869,8.023095,29.559777,10.005117,102,17.514145,7.954668,-26.463739,13.877829,7521.446468,3,0,0,1,-75.16173680174363,104.81768052766604,-104.72151380174363,131.28141952766603,56.02351599999997,-0.00010732799999999898,11.12023334300418,-3.7207967460941447,-7270.625645258244,1926.177483385893,-644.5403722058065,483.17303497353186,0,1,1,1,1,1,2,0,1,1,0
190000.0,101,17.496952,8.023147,29.710544,10.095484,102,17.514276,7.954613,-26.361988,13.913957,7533.170247,3,0,0,1,-75.1445223757769,104.83486264623541,-104.8550663757769,131.19685064623542,56.072532000000024,3.612799999999972e-05,11.181873847251513,-3.6986616795081293,-7281.3785188144475,1931.3676076898387,-643.2107751321068,456.42795899252604,0,1,1,1,2,1,2,0,1,1,0
191000.0,101,17.497017,8.023194,30.290831,9.919708,102,17.514134,7.954496,-27.979158,13.444442,7544.894142,3,0,0,1,-75.34770879427744,104.6316269406706,-105.63853979427743,132.6107849406706,58.26998900000001,-0.00046951499999999945,11.310860712000348,-3.307600349809274,-7299.524492774388,1908.499356398301,-642.9545321365171,219.8210288987119,0,1,1,1,1,1,2,0,1,1,0
192000.0,101,17.497087,8.023239,30.482699,9.820085,102,17.514373,7.954473,-27.080374,13.679509,7556.618153,3,0,0,1,-75.22339947075879,104.7559156330289,-105.70609847075879,131.8362896330289,57.56307300000003,0.00023506699999999902,11.208973650134157,-3.7170317353637046,-7306.702892539369,1927.3221708904696,-643.4651091935975,473.8984688733485,0,1,1,1,2,1,2,1,1,0,0
193000.0,101,17.497165,8.023286,30.399416,9.832791,102,17.514705,7.954482,-25.576479,14.077449,7568.342278,3,0,0,1,-75.02398072538512,104.95532271317406,-105.42339672538512,130.53180171317405,55.97589499999998,0.00039794000000000016,11.05309063446158,-4.217030016426284,-7311.276482476229,1955.7712120164372,-643.8830417788278,783.9820158358528,0,1,1,1,2,1,2,1,1,0,0
194000.0,101,17.497242,8.023333,30.424219,9.832197,102,17.514811,7.954419,-25.657863,14.063628,7580.066517,3,0,0,1,-75.02317744088705,104.95609280419903,-105.44739644088705,130.61395580419904,56.082082000000014,-1.3821000000000083e-05,11.068506622542866,-4.1985934160552585,-7322.575033748254,1958.9035906014535,-644.4606325287166,770.5536151882312,0,1,1,1,2,1,2,0,1,1,0
195000.0,101,17.497319,8.023395,31.415473,9.943154,102,17.515087,7.954409,-24.634155,14.360415,7591.79087,3,0,0,1,-74.87642688162563,105.1028215027364,-106.29189988162562,129.7369765027364,56.04962800000004,0.0002967870000000001,11.168518145302501,-4.567854269941661,-7328.852003551333,1980.711216673689,-635.3231910575461,950.4148141797459,0,1,1,1,1,1,2,1,1,0,0
196000.0,101,17.497406,8.023443,30.955596,10.064503,102,17.515289,7.954374,-24.135196,14.520014,7603.515336,3,0,0,1,-74.80053008813172,105.17869316294652,-105.75612608813172,129.3138891629465,55.09079200000002,0.00015959900000000004,11.114019686504744,-4.619742903232458,-7337.53615887894,1993.491555520435,-637.7757029378799,984.9368410778726,0,1,1,1,0,1,2,1,1,0,0
197000.0,101,17.497493,8.023491,30.453647,10.174567,102,17.515333,7.954296,-24.604212,14.380437,7615.239915,3,0,0,1,-74.86167600533474,105.1175092680458,-105.31532300533475,129.7217212680458,55.05785900000001,-0.00013957699999999918,11.144149910178633,-4.30389399709312,-7350.977144076228,1988.721697542951,-643.2956291492042,800.9063087759724,0,1,1,1,2,1,2,1,1,1,0
198000.0,101,17.497572,8.023531,29.947952,10.112275,102,17.515502,7.954251,-24.315131,14.477309,7626.964606,3,0,0,1,-74.8066465781847,105.17251298312692,-104.7545985781847,129.48764398312693,54.263082999999995,9.687199999999941e-05,11.00928487856309,-4.431016609868877,-7360.378573448125,1998.8537607094913,-647.4777373665438,900.557348990146,0,1,1,1,0,1,2,1,1,0,0
199000.0,101,17.497638,8.023576,30.283252,9.934549,102,17.515656,7.954202,-24.126836,14.544383,7638.689408,3,0,0,1,-74.75527756510635,105.22385359259707,-105.03852956510636,129.35068959259706,54.41008800000003,6.707399999999985e-05,10.954879340377783,-4.694916626407178,-7369.895750701764,2008.5349127360164,-645.1434264361802,1064.235028515895,0,1,1,1,2,1,2,0,1,0,0
200000.0,101,17.49772,8.023626,30.310233,10.010969,102,17.515764,7.95414,-24.220951,14.523492,7650.414321,3,0,0,1,-74.75773943464934,105.2213579217273,-105.06797243464933,129.44230892172732,54.531183999999996,-2.0891000000000658e-05,11.010711549496317,-4.602467457787261,-7381.294509999964,2011.3007332585269,-645.831638351648,998.3847080225934,0,1,1,1,2,1,2,0,1,1,0
201000.0,101,17.497798,8.023679,30.671417,10.034724,102,17.515753,7.954049,-25.006797,14.279981,7662.139345,3,0,0,1,-74.85929213959072,105.11976186015076,-105.53070913959073,130.12655886015077,55.678214000000025,-0.0002435109999999998,11.155368238109025,-4.310407029096785,-7396.165818616626,2001.2772236059827,-646.2176881104631,806.2579969867163,0,1,1,1,2,1,2,0,1,1,0
202000.0,101,17.497871,8.023729,30.991605,9.990268,102,17.515787,7.953968,-25.530749,14.128832,7673.864478,3,0,0,1,-74.9176926250176,105.06132190535725,-105.90929762501759,130.59207090535725,56.52235400000001,-0.0001511490000000002,11.233575613068563,-4.185124780658157,-7409.523077225518,1996.7883700514474,-645.8237290277466,722.7948590197311,0,1,1,1,2,1,2,0,1,1,0
203000.0,101,17.497944,8.023768,30.556684,9.869231,102,17.516011,7.953941,-24.855682,14.329388,7685.589721,3,0,0,1,-74.81018830387586,105.16880619980795,-105.36687230387587,130.02448819980793,55.41236600000002,0.00020055600000000063,11.040554026832481,-4.503390833437193,-7417.079053390942,2013.7595872621396,-649.1435339959237,943.3645972585174,0,1,1,1,0,1,2,1,1,0,0
204000.0,101,17.498014,8.023805,30.139101,9.726692,102,17.516138,7.953884,-24.818805,14.348506,7697.315073,3,0,0,1,-74.78401605357817,105.19495005819056,-104.92311705357817,130.01375505819055,54.95790599999998,1.9118000000000636e-05,10.906567527293046,-4.611544099302618,-7427.472710463098,2020.2248558907859,-653.1138782181664,1037.2609874138368,0,1,1,1,2,1,2,1,1,0,0
205000.0,101,17.498085,8.023844,29.887535,9.615927,102,17.516234,7.953819,-24.97032,14.310198,7709.040533,3,0,0,1,-74.78555764465571,105.1933770841286,-104.67309264465571,130.16369708412861,54.85785500000003,-3.830800000000068e-05,10.832639900995112,-4.635516467926424,-7438.841550641554,2023.1021535962275,-656.2983343612698,1071.0882703786447,0,1,1,1,2,1,2,1,1,0,0
206000.0,101,17.498169,8.023896,29.999964,9.768126,102,17.516519,7.953813,-23.928518,14.619497,7720.7661,3,0,0,1,-74.63718259547777,105.34173447022313,-104.63714659547776,129.27025247022314,53.928481999999974,0.0003092990000000011,10.81367582918482,-4.903534912450013,-7444.884104559287,2045.4656781744493,-652.8459254973949,1218.293156327803,0,1,1,1,2,1,2,1,1,0,0
207000.0,101,17.498246,8.023944,30.132968,9.785268,102,17.516682,7.953767,-23.694522,14.700554,7732.491775,3,0,0,1,-74.58829967855971,105.39058896912356,-104.72126767855971,129.08511096912355,53.82749000000001,8.105699999999949e-05,10.819855340989198,-4.998398897046217,-7454.44030294348,2054.932801892699,-651.4972640206073,1268.0390471436995,0,1,1,1,2,1,2,1,1,0,0
208000.0,101,17.498321,8.023994,30.402827,9.782972,102,17.516919,7.953744,-23.023597,14.91756,7744.217557,3,0,0,1,-74.47480919850206,105.50405730616131,-104.87763619850206,128.5276543061613,53.426424,0.0002170059999999996,10.785340361314494,-5.291581866981501,-7461.653248648887,2072.83293274556,-647.0347896152986,1434.8030564236565,0,1,1,1,2,1,2,1,1,0,0
209000.0,101,17.498398,8.024053,31.19797,9.885189,102,17.517012,7.953679,-23.219217,14.859803,7755.943445,3,0,0,1,-74.48812260921018,105.49070649262993,-105.68609260921018,128.7099234926299,54.41718700000001,-5.7757000000000504e-05,10.978975103643075,-5.200587105226587,-7473.4334695083835,2074.235015341886,-643.3076549716972,1335.9952542468875,0,1,1,1,1,1,2,0,1,1,0
210000.0,101,17.498484,8.0241,30.716761,9.99705,102,17.517009,7.953589,-23.945738,14.622413,7767.669439,3,0,0,1,-74.58723193680154,105.391555902055,-105.30399293680155,129.337293902055,54.662499000000025,-0.00023738999999999954,11.041255067099742,-4.769372830747642,-7488.314548340152,2064.4209209102196,-651.2700475727622,1083.370047666248,0,1,1,1,2,1,2,0,1,1,0
211000.0,101,17.498554,8.024141,30.554025,9.851143,102,17.51697,7.953491,-24.884135,14.323982,7779.395537,3,0,0,1,-74.70228958098873,105.27645642360032,-105.25631458098873,130.16059142360032,55.43816000000004,-0.000298430999999999,11.035145861278243,-4.510837686731001,-7503.755700633675,2052.472973342926,-657.2317663145786,946.1240213009371,0,1,1,1,2,1,2,0,1,1,0
212000.0,101,17.498622,8.024193,31.276536,9.787768,102,17.516999,7.953409,-25.437192,14.162585,7791.121741,3,0,0,1,-74.76066820197023,105.218037433572,-106.03720420197024,130.655229433572,56.713728,-0.0001613970000000009,11.164640762353013,-4.424290366691414,-7517.156935277783,2047.9085901201731,-654.2462777697235,872.983323844699,0,1,1,1,1,1,2,0,1,1,0
213000.0,101,17.498696,8.024237,31.088373,9.74154,102,17.516931,7.953305,-26.582296,13.824065,7802.848049,3,0,0,1,-74.90301540210197,105.07564570618827,-105.99138840210198,131.65794170618827,57.670668999999975,-0.00033852000000000084,11.216168296525218,-4.020377331103704,-7533.543200928703,2032.2806192856397,-659.6494280470107,634.2502463397301,0,1,1,1,2,1,2,0,1,1,0
214000.0,101,17.498771,8.024286,31.226744,9.747595,102,17.517137,7.953272,-25.973884,13.995855,7814.574461,3,0,0,1,-74.81633319975995,105.16230307390464,-106.04307719975995,131.13618707390464,57.200627999999995,0.00017179000000000144,11.183053307137534,-4.246799898542706,-7541.777020887877,2046.747022404338,-658.495854244263,770.542948076941,0,1,1,1,2,1,2,1,1,0,0
215000.0,101,17.498856,8.024331,30.57399,9.846136,102,17.517491,7.953291,-24.411148,14.42641,7826.300976,3,0,0,1,-74.60990107759461,105.36872711471636,-105.18389107759461,129.77987511471636,54.985138000000006,0.000430555,10.970413184225507,-4.659478589500489,-7545.659837821371,2077.0181941495166,-661.4274566333062,1045.766581494494,0,1,1,1,0,1,2,1,1,0,0
216000.0,101,17.498935,8.02438,30.64034,9.889014,102,17.517458,7.953194,-25.324474,14.147136,7838.027593,3,0,0,1,-74.72786946463131,105.25071477750785,-105.3682094646313,130.57518877750786,55.96481399999999,-0.0002792740000000009,11.091261980752584,-4.279251468680204,-7561.232789284769,2064.566602189002,-664.5687241478541,802.1953583635892,0,1,1,1,2,1,2,0,1,1,0
217000.0,101,17.499015,8.024427,30.473949,9.913279,102,17.517409,7.953093,-26.357329,13.844951,7849.754313,3,0,0,1,-74.85923369291876,105.1193060061546,-105.33318269291877,131.4766350061546,56.831278,-0.0003021849999999997,11.1742000915081,-3.8618096125752785,-7577.266073491001,2050.288181203895,-668.6592907959842,542.3140953658333,0,1,1,1,2,1,2,0,1,1,0
218000.0,101,17.499096,8.024466,29.76465,9.917245,102,17.517629,7.953065,-25.665367,14.041863,7861.481135,3,0,0,1,-74.76381026093456,105.21470910281785,-104.52846026093457,130.88007610281784,55.43001700000002,0.0001969119999999993,11.005034244705785,-4.047596770208708,-7585.1555400243615,2065.9867060556376,-674.4875654425234,683.6356315661999,0,1,1,1,0,1,2,1,1,0,0
219000.0,101,17.499168,8.024507,29.633583,9.800001,102,17.51798,7.953083,-24.140826,14.468862,7873.208058,3,0,0,1,-74.55018474900767,105.4283274438605,-104.18376774900767,129.5691534438605,53.77440899999999,0.00042699900000000033,10.76311111452031,-4.685246140292456,-7588.7030297650435,2097.377279029929,-673.7893231213749,1111.6854634926037,0,1,1,1,2,1,2,1,1,0,0
220000.0,101,17.499247,8.024548,29.244111,9.792252,102,17.518,7.952998,-24.755037,14.285505,7884.935082,3,0,0,1,-74.62210804440727,105.35636618258559,-103.86621904440727,130.1114031825856,53.99914799999999,-0.0001833569999999991,10.765730422758317,-4.428565509280256,-7602.637054930804,2090.9593631506636,-680.0565300857584,962.7381046496018,0,1,1,1,2,1,2,0,1,1,0
221000.0,101,17.499331,8.024587,28.556969,9.838543,102,17.517897,7.952886,-26.08931,13.878587,7896.662207,3,0,0,1,-74.79875377162551,105.1796750384452,-103.35572277162551,131.2689850384452,54.64627899999999,-0.000406918000000001,10.806550203959834,-3.822884896583746,-7620.364245974813,2070.585127477459,-690.8820169285415,591.0761131618389,0,1,1,1,0,1,2,0,1,1,0
222000.0,101,17.499409,8.024634,28.73112,9.855294,102,17.517963,7.952813,-26.411014,13.798806,7908.389431,3,0,0,1,-74.83229202287076,105.14610059921067,-103.56341202287076,131.55711459921068,55.142134,-7.978099999999877e-05,10.875248689607373,-3.7166116887759966,-7632.893659154459,2069.1925430931133,-690.2704130978731,512.0276345750591,0,1,1,1,2,1,2,0,1,1,0
223000.0,101,17.499483,8.024675,28.605793,9.787023,102,17.517499,7.952656,-29.946035,12.730443,7920.116755,3,0,0,1,-75.2911390674318,104.68719422002304,-103.8969320674318,134.63322922002305,58.551828,-0.0010683630000000014,11.040671696884178,-2.438511492541842,-7660.5626243808065,2010.9772974281896,-698.4429342107211,311.96628406704707,0,1,1,1,2,1,2,0,1,1,0
224000.0,101,17.499567,8.024737,29.579072,9.978519,102,17.517948,7.952709,-27.296673,13.31758,7931.844177,3,0,0,1,-75.00839235869955,104.96993790161807,-104.58746435869955,132.26661090161807,56.875744999999995,0.0005871370000000003,11.033053799132981,-3.1565143405901086,-7661.873757354857,2051.7900902786737,-694.2353805562076,139.59341558859552,0,1,1,1,1,1,2,1,1,1,1
225000.0,101,17.499641,8.024781,29.618845,9.916035,102,17.517896,7.952606,-28.419012,13.039589,7943.571698,3,0,0,1,-75.13545981851088,104.84282620339542,-104.75430481851089,133.26183820339543,58.03785700000003,-0.0002779910000000001,11.106530338156478,-2.8478665645056225,-7677.740319781128,2037.801487700354,-694.2940043339997,69.17406574060765,0,1,1,1,2,1,2,0,1,1,1
226000.0,101,17.499714,8.024824,29.624355,9.833165,102,17.517749,7.952486,-30.209047,12.60343,7955.299318,3,0,0,1,-75.33832810514443,104.63990892246733,-104.96268310514444,134.84895592246733,59.83340199999998,-0.000436159,11.202142361975955,-2.34400403896891,-7696.253198466175,2013.5724332813193,-693.6276428246424,394.67953555565384,0,1,1,1,2,1,2,0,1,0,0
227000.0,101,17.499793,8.024857,28.667135,9.76094,102,17.517844,7.952418,-30.295183,12.604575,7967.027035,3,0,0,1,-75.34543368181595,104.63277285492028,-104.01256868181595,134.92795585492027,58.96231799999998,1.1450000000010618e-06,11.040962234047393,-2.3188101914080352,-7707.84905266594,2015.5849666381366,-703.5931323741361,388.8211295889244,0,1,1,1,0,1,2,1,1,1,0
228000.0,101,17.499867,8.024911,29.497904,9.797876,102,17.518082,7.952393,-29.278793,12.846198,7978.754849,3,0,0,1,-75.23354777513732,104.74463480593127,-104.73145177513732,134.02342780593128,58.77669700000001,0.0002416229999999988,11.106949956550837,-2.677287009213913,-7715.238846999375,2033.6220086812536,-698.461704770493,169.07864257668857,0,1,1,1,1,1,2,1,1,1,1
229000.0,101,17.499946,8.024962,29.817311,9.850227,102,17.5181,7.952307,-29.933351,12.710462,7990.482759,3,0,0,1,-75.30732724228523,104.67081406295702,-105.12463824228523,134.604165062957,59.750662000000034,-0.00013573599999999964,11.240310844901185,-2.468760954141052,-7729.195543508585,2026.660053408884,-693.6372783068595,321.4040564719411,0,1,1,1,2,1,2,0,1,0,0
230000.0,101,17.500028,8.02501,29.728148,9.924245,102,17.518273,7.952261,-29.439233,12.840925,8002.210766,3,0,0,1,-75.25514227037026,104.72297060001007,-104.98329027037026,134.16220360001006,59.16738099999998,0.00013046300000000067,11.232604841271785,-2.5647768894105365,-7738.688246223824,2036.6839153986434,-694.4905941029884,262.94534404663256,0,1,1,1,2,1,2,1,1,1,0
