time (ms),BID,b_lat (deg),b_lon (deg),b_head (deg),b_sp (mps),RID,r_lat (deg),r_lon (deg),r_head (deg),r_speed (mps),dist (m),beh_phase,colregs,avoidance,beh_label,abs_b_r,abs_r_b,rel_b_r,rel_r_b,abs_dheading,r_accel,dvx,dvy,xr,yr,cpa_time (s),cpa_dist (m),S_side,S_beam,S_reg_b_r,S_reg_r_b,S_drel_bear,S_ddist,S_accel,S_dabs_heading,S_cpa_t,S_cpa_ddist,S_cpa_tdist
0.0,101,38.00593648592715,-167.58489804149445,-120.0,10.0,102,38.03093648592715,-167.63489804149447,-45.0,25.0,5193.927097,3,-1,0,6,-57.58258630643197,122.38661794124761,62.41741369356803,167.3866179412476,75.0,0.0,9.017415491819301,-22.67766952966369,-4384.531647860985,2784.3780127447285,-319.0348668322761,4699.0199622367545,1,0,1,2,0,2,2,0,1,0,0
1000.0,101,38.005891519805495,-167.5849968850612,-120.0,9.903025,102,38.031048900869116,-167.635145235252,-60.0,25.0,5214.27588,3,-1,0,6,-57.496590433197106,122.47252242009317,62.503409566802894,182.47252242009318,60.0,0.0,13.074363870298574,-17.4515125,-4397.508945744614,2801.8900807929404,-351.50929877700503,3338.3706943404964,1,0,1,2,2,0,2,1,1,1,0
2000.0,101,38.00584698974319,-167.585094770033,-120.0,9.903025,102,38.03110709093701,-167.63542094428217,-75.0,25.0,5233.568544,3,-1,0,6,-57.48264118957557,122.48636213438236,62.51735881042443,197.48636213438238,45.0,0.0,15.571874432914315,-11.421988627563017,-4413.094793108488,2813.3314862961015,-351.2688941040354,1598.1643454114837,1,0,1,2,2,0,2,1,1,1,0
3000.0,101,38.005802459680886,-167.58519265494536,-120.0,9.903025,102,38.03110709059198,-167.6357063792738,-90.0,25.0,5250.12577,3,-1,0,6,-57.53342108759656,122.43546673679613,62.46657891240344,212.43546673679612,30.0,0.0,16.423728775687607,-4.9515125,-4429.555858530657,2818.3072041519567,-321.4394290477244,1492.2250705762556,1,0,1,2,2,0,2,1,1,1,0
4000.0,101,38.00575792961858,-167.58529053979828,-120.0,9.903025,102,38.03104889988024,-167.63598208808497,-105.0,25.0,5262.518368,3,-1,0,6,-57.63847024463207,122.33030809105595,62.36152975536793,227.33030809105594,15.0,0.0,15.571874432914315,1.5189636275630232,-4445.183518928634,2816.814345423324,-261.41859204949964,3235.6345617057445,1,0,1,2,2,0,2,1,1,0,0
5000.0,101,38.005713399556285,-167.5853884245917,-120.0,9.903025,102,38.030936484420735,-167.63622928146316,-120.0,25.0,5269.609556,3,-1,0,6,-57.78405479737035,122.18463163183308,62.21594520262965,242.1846316318331,0.0,0.0,13.074363870298578,7.548487499999997,-4458.325951919404,2809.290760873366,-162.70664502504397,4662.080141492951,1,0,1,2,2,0,2,1,1,0,0
6000.0,101,38.00566886949399,-167.58548630932574,-120.0,9.903025,102,38.030777505146716,-167.63643111357328,-135.0,25.0,5270.621571,3,-1,0,6,-57.95408008606625,122.01454239182293,62.04591991393375,257.01454239182294,15.0,0.0,9.101398305351298,12.726157029663687,-4467.500690280587,2796.585297650152,-23.18685741402247,5260.789908197025,1,0,1,2,2,0,2,0,1,0,0
7000.0,101,38.005624339431684,-167.58558419400032,-120.0,9.903025,102,38.03058279622123,-167.63657383004764,-150.0,25.0,5265.179707,3,-1,0,6,-58.13104951912964,121.83754543018021,61.86895048087036,271.8375454301802,30.0,0.0,3.923728775687607,16.69912259461097,-4471.495631276974,2779.900028144097,123.55043422849093,5007.827303043833,1,0,1,2,2,1,2,0,0,1,0
8000.0,101,38.00557980936939,-167.58568207861543,-120.0,9.903025,102,38.0303656267068,-167.63664770531187,-165.0,25.0,5253.333108,3,-1,0,6,-58.297041853030635,121.6715679756034,61.702958146969365,286.6715679756034,45.0,0.0,-2.1057950967493655,19.196633157226707,-4469.451642019173,2760.7083806988844,219.46045544539626,4262.325948976096,1,0,1,2,2,1,2,0,0,1,0
9000.0,101,38.00553527930709,-167.5857799631711,-120.0,9.903025,102,38.03014079630532,-167.63664770531187,180.0,25.0,5235.552073,3,-1,0,6,-58.434694950985566,121.53397525980458,61.565305049014434,-58.46602474019542,60.0,0.0,-8.576271224312395,20.0484875,-4460.921112603185,2740.6547276564693,247.73556609714964,3227.0042707630523,1,0,1,0,2,1,2,0,0,1,0
10000.0,101,38.005490749244785,-167.5858778476673,-120.0,9.903025,102,38.02992362679088,-167.63657383049338,165.0,25.0,5212.70192,3,-1,0,6,-58.52818875220419,121.44058733755271,61.47181124779581,-43.559412662447286,75.0,0.0,-15.046747351875418,19.196633157226707,-4445.89847277527,2721.442278745998,235.29386084924715,2010.8214594448955,1,0,1,0,2,1,2,0,0,1,0
11000.0,101,38.00544621918249,-167.58597573210406,-120.0,9.903025,102,38.0297289178654,-167.6364311156825,150.0,25.0,5185.993726,3,-1,0,6,-58.5642133280628,121.40471103098861,61.4357866719372,-28.595288969011392,90.0,0.0,-21.07627122431239,16.69912259461097,-4424.820589348076,2704.716931250423,208.93108213851656,784.5389024659064,1,0,1,0,2,1,2,0,0,1,0
12000.0,101,38.00540168912019,-167.5860736164814,-120.0,9.903025,102,38.02955264243809,-167.6362539458259,141.6316757865459,25.0,5157.764597,3,-1,0,6,-58.5636713323379,121.4054225097392,61.4363286676621,-20.226253276806716,98.36832421345412,0.0,-24.0941317988482,14.649405927187724,-4400.70933831721,2690.035865507053,192.9084280529352,282.166631295231,1,0,1,0,2,1,2,0,0,1,0
13000.0,101,38.00535715905789,-167.58617150079925,-120.0,9.903025,102,38.0293763670108,-167.63607677639558,141.6316757865459,25.0,5129.535442,3,-1,0,6,-58.56312226300871,121.4061410609591,61.43687773699129,-20.22553472558681,98.36832421345412,0.0,-24.0941317988482,14.649405927187724,-4376.5980129620775,2675.3548706051197,191.852609308497,280.62443189715685,1,0,1,0,2,1,2,2,0,1,0
14000.0,101,38.00531262899558,-167.58626938505768,-120.0,9.903025,102,38.0292000915835,-167.6358996073916,141.6316757865459,25.0,5101.306263,3,-1,0,6,-58.56256600264299,121.40686680208302,61.43743399735701,-20.224808984462896,98.36832421345412,0.0,-24.0941317988482,14.649405927187724,-4352.48661498031,2660.6739475817535,190.79678963970107,279.0822441892595,1,0,1,0,2,1,2,2,0,1,0
15000.0,101,38.005268098933286,-167.58636726925664,-120.0,9.903025,102,38.02902381615619,-167.6357224388139,141.6316757865459,25.0,5073.077059,3,-1,0,6,-58.56200243120918,121.40759985314496,61.43799756879082,-20.224075933400954,98.36832421345412,0.0,-24.0941317988482,14.649405927187724,-4328.375143510356,2645.993095908188,189.7409690087394,277.540068314308,1,0,1,0,2,1,2,2,0,1,0
16000.0,101,38.00522356887099,-167.58646515339618,-120.0,9.903025,102,38.02884754072889,-167.6355452706625,141.6316757865459,25.0,5044.847831,3,-1,0,6,-58.561431425950104,121.40834033689434,61.438568574049896,-20.22333544965157,98.36832421345412,0.0,-24.0941317988482,14.649405927187724,-4304.26359939509,2631.312316101574,188.68514745259748,275.99790452916307,1,0,1,0,2,1,2,2,0,1,0
17000.0,101,38.005179038808684,-167.58656303747625,-120.0,9.903025,102,38.02867126530159,-167.63536810293738,141.6316757865459,25.0,5016.618578,3,-1,0,6,-58.56085286135326,121.40908837884254,61.43914713864674,-20.222587407703372,98.36832421345412,0.0,-24.0941317988482,14.649405927187724,-4280.151981771122,2616.6316076351814,187.629324933448,274.4557529858795,1,0,1,0,2,1,2,2,0,1,0
18000.0,101,38.00513450874639,-167.58666092149687,-120.0,9.903025,102,38.02849498987429,-167.63519093563858,141.6316757865459,25.0,4988.389301,3,-1,0,6,-58.56026660916758,121.40984410725004,61.43973339083242,-20.221831679295875,98.36832421345412,0.0,-24.0941317988482,14.649405927187724,-4256.040291485907,2601.9509710176767,186.57350148825796,272.9136139503178,1,0,1,0,2,1,2,2,0,1,0
19000.0,101,38.00508997868408,-167.58675880545806,-120.0,9.903025,102,38.028318714447,-167.63501376876604,141.6316757865459,25.0,4960.159999,3,-1,0,6,-58.55967253803544,121.41060765347001,61.44032746196456,-20.221068133075903,98.36832421345412,0.0,-24.0941317988482,14.649405927187724,-4231.928527671841,2587.2704057281926,185.51767707917946,271.3714875845468,1,0,1,0,2,1,2,2,0,1,0
20000.0,101,38.00504544862178,-167.5868566893598,-120.0,9.903025,102,38.0281424390197,-167.63483660231984,141.6316757865459,25.0,4931.930673,3,-1,0,6,-58.559070513769946,121.41137915168136,61.440929486230054,-20.220296634864553,98.36832421345412,0.0,-24.0941317988482,14.649405927187724,-4207.816691175479,2572.5899122758137,184.46185174315875,269.8293741644262,1,0,1,0,2,1,2,2,0,1,0
21000.0,101,38.00500091855948,-167.5869545732021,-120.0,9.903025,102,38.02796616359242,-167.6346594362999,141.6316757865459,25.0,4903.701322,3,-1,0,6,-58.55846039898874,121.41215873928644,61.44153960101126,-20.219517047259473,98.36832421345412,0.0,-24.0941317988482,14.649405927187724,-4183.704781132057,2557.909490133947,183.4060254423274,268.28727386199796,1,0,1,0,2,1,2,2,0,1,0
22000.0,101,38.00495638849718,-167.58705245698494,-120.0,9.903025,102,38.02778988816513,-167.63448227070623,141.6316757865459,25.0,4875.471947,3,-1,0,6,-58.55784205314602,121.41294655680895,61.44215794685398,-20.218729229736965,98.36832421345412,0.0,-24.0941317988482,14.649405927187724,-4159.592798383747,2543.2291398177313,182.3501982136093,266.7451869640024,1,0,1,0,2,1,2,2,0,1,0
23000.0,101,38.00491185843488,-167.58715034070832,-120.0,9.903025,102,38.02761361273783,-167.63430510553886,141.6316757865459,25.0,4847.242547,3,-1,0,6,-58.5572153324824,121.41374274802139,61.4427846675176,-20.21793303852452,98.36832421345412,0.0,-24.0941317988482,14.649405927187724,-4135.480742068791,2528.548860794508,181.2943700191142,265.2031136530328,1,0,1,0,2,1,2,2,0,1,0
24000.0,101,38.00486732837258,-167.58724822437227,-120.0,9.903025,102,38.02743733731053,-167.63412794079773,141.6316757865459,25.0,4819.013123,3,-1,0,6,-58.556580089757624,121.41454746015944,61.443419910242376,-20.217128326386472,98.36832421345412,0.0,-24.0941317988482,14.649405927187724,-4111.368613026585,2513.8686535827724,180.23854089574252,263.6610542271953,1,0,1,0,2,1,2,2,0,1,0
25000.0,101,38.00482279831027,-167.58734610797677,-120.0,9.903025,102,38.027261061883245,-167.6339507764829,141.6316757865459,25.0,4790.783674,3,-1,0,6,-58.55593617436131,121.41536084383605,61.44406382563869,-20.216314942709857,98.36832421345412,0.0,-24.0941317988482,14.649405927187724,-4087.256410394312,2499.188517650389,179.18271080558029,262.1190088806247,1,0,1,0,2,1,2,2,0,1,0
26000.0,101,38.004778268247975,-167.58744399152184,-120.0,9.903025,102,38.02708478645596,-167.6337736125943,141.6316757865459,25.0,4762.554201,3,-1,0,6,-58.555283432039886,121.41618305330371,61.444716567960114,-20.2154927332422,98.36832421345412,0.0,-24.0941317988482,14.649405927187724,-4063.144135012058,2484.508453513463,178.12687978550352,260.576977923158,1,0,1,0,2,1,2,2,0,1,0
27000.0,101,38.00473373818567,-167.58754187500745,-120.0,9.903025,102,38.02690851102867,-167.63359644913197,141.6316757865459,25.0,4734.324704,3,-1,0,6,-58.55462170492091,121.41701424643387,61.44537829507909,-20.214661540112047,98.36832421345412,0.0,-24.0941317988482,14.649405927187724,-4039.03178686907,2469.8284611620165,177.0710478349747,259.0349616158749,1,0,1,0,2,1,2,2,0,1,0
28000.0,101,38.004689208123374,-167.5876397584336,-120.0,9.903025,102,38.02673223560138,-167.63341928609591,141.6316757865459,25.0,4706.095182,3,-1,0,6,-58.553950831348764,121.41785458488106,61.446049168651236,-20.213821201664857,98.36832421345412,0.0,-24.0941317988482,14.649405927187724,-4014.9193651013757,2455.148540063834,176.01521491604146,257.49296017148725,1,0,1,0,2,1,2,2,0,1,0
29000.0,101,38.00464467806108,-167.58773764180032,-120.0,9.903025,102,38.026555960174086,-167.6332421234861,141.6316757865459,25.0,4677.865635,3,-1,0,6,-58.5532706456818,121.41870423428955,61.4467293543182,-20.212971552256363,98.36832421345412,0.0,-24.0941317988482,14.649405927187724,-3990.8068696942887,2440.468690213998,174.9593810281388,255.95097386429592,1,0,1,0,2,1,2,2,0,1,0
30000.0,101,38.00460014799879,-167.58783552510758,-120.0,9.903025,102,38.02637968474681,-167.63306496130252,141.6316757865459,25.0,4649.636065,3,-1,0,6,-58.55258097830716,121.4195633642711,61.44741902169284,-20.212112422274814,98.36832421345412,0.0,-24.0941317988482,14.649405927187724,-3966.6943023412327,2425.7889126472405,173.90354624549136,254.40900308459908,1,0,1,0,2,1,2,2,0,1,0
31000.0,101,38.0045556179365,-167.5879334083554,-120.0,9.903025,102,38.02620340931952,-167.63288779954522,141.6316757865459,25.0,4621.40647,3,-1,0,6,-58.551881655518876,121.42043214853065,61.448118344481124,-20.21124363801526,98.36832421345412,0.0,-24.0941317988482,14.649405927187724,-3942.5816613249676,2411.1092063077353,172.84771049270353,252.8670480106022,1,0,1,0,2,1,2,2,0,1,0
32000.0,101,38.0045110878742,-167.58803129154379,-120.0,9.903025,102,38.026027133892235,-167.63271063821412,141.6316757865459,25.0,4593.17685,3,-1,0,6,-58.55117249923354,121.42131076515044,61.44882750076646,-20.210365021395475,98.36832421345412,0.0,-24.0941317988482,14.649405927187724,-3918.468946629714,2396.429571190136,171.79187376916715,251.32510893751922,1,0,1,0,2,1,2,2,0,1,0
33000.0,101,38.0044665578119,-167.58812917467273,-120.0,9.903025,102,38.02585085846495,-167.6325334773093,141.6316757865459,25.0,4564.947207,3,-1,0,6,-58.550453327048224,121.42219939654746,61.449546672951776,-20.209476389998457,98.36832421345412,0.0,-24.0941317988482,14.649405927187724,-3894.3561599491154,2381.750008326542,170.7360361490626,249.78318627707807,1,0,1,0,2,1,2,2,0,1,0
34000.0,101,38.004422027749605,-167.58822705774222,-120.0,9.903025,102,38.02567458303766,-167.63235631683068,141.6316757865459,25.0,4536.717539,3,-1,0,6,-58.549723951971565,121.42309822969693,61.450276048028435,-20.20857755684898,98.36832421345412,0.0,-24.0941317988482,14.649405927187724,-3870.2432995620397,2367.0705166651364,169.68019755694792,248.24128022994609,1,0,1,0,2,1,2,2,0,1,0
35000.0,101,38.00437749768731,-167.58832494075227,-120.0,9.903025,102,38.02549830761038,-167.6321791567783,141.6316757865459,25.0,4508.487846,3,-1,0,6,-58.548984182345144,121.4240074562484,61.451015817654856,-20.20766833029751,98.36832421345412,0.0,-24.0941317988482,14.649405927187724,-3846.130365453895,2352.3910961962106,168.62435799216814,246.6993911140303,1,0,1,0,2,1,2,2,0,1,0
36000.0,101,38.00433296762501,-167.58842282370287,-120.0,9.903025,102,38.02532203218309,-167.63200199715217,141.6316757865459,25.0,4480.25813,3,-1,0,6,-58.54823382171953,121.42492727268086,61.45176617828047,-20.20674851386505,98.36832421345412,0.0,-24.0941317988482,14.649405927187724,-3822.0173593174914,2337.7117479507283,167.56851752885487,245.15751936463923,1,0,1,0,2,1,2,2,0,1,0
37000.0,101,38.00428843756271,-167.588520706594,-120.0,9.903025,102,38.02514575675581,-167.63182483795222,141.6316757865459,25.0,4452.028389,3,-1,0,6,-58.547472668549965,121.42585788051875,61.452527331450035,-20.205817906027164,98.36832421345412,0.0,-24.0941317988482,14.649405927187724,-3797.9042794283437,2323.0324708797784,166.5126760915155,243.6156652069994,1,0,1,0,2,1,2,2,0,1,0
38000.0,101,38.00424390750041,-167.58861858942572,-120.0,9.903025,102,38.02496948132853,-167.6316476791785,141.6316757865459,25.0,4423.798624,3,-1,0,6,-58.54670051630697,121.42679948628646,61.45329948369303,-20.204876300259457,98.36832421345412,0.0,-24.0941317988482,14.649405927187724,-3773.7911266272654,2308.353265488974,165.45683371684535,242.07382903853218,1,0,1,0,2,1,2,2,0,1,0
39000.0,101,38.004199377438106,-167.588716472198,-120.0,9.903025,102,38.024793205901254,-167.63147052083104,141.6316757865459,25.0,4395.568835,3,-1,0,6,-58.54591715302404,121.42775230197678,61.45408284697596,-20.20392348456913,98.36832421345412,0.0,-24.0941317988482,14.649405927187724,-3749.6779008963144,2293.6741317704805,164.4009904041188,240.53201121133955,1,0,1,0,2,1,2,2,0,1,0
40000.0,101,38.0041548473758,-167.58881435491082,-120.0,9.903025,102,38.024616930473975,-167.63129336290976,141.6316757865459,25.0,4367.339021,3,-1,0,6,-58.54512236128434,121.42871654497796,61.45487763871566,-20.202959241567953,98.36832421345412,0.0,-24.0941317988482,14.649405927187724,-3725.5646013652804,2278.9950691923837,163.34514611519,238.99021203189616,1,0,1,0,2,1,2,2,0,1,0
41000.0,101,38.004110317313504,-167.5889122375642,-120.0,9.903025,102,38.024440655046696,-167.63111620541468,141.6316757865459,25.0,4339.109184,3,-1,0,6,-58.54431591806706,121.4296924383254,61.45568408193294,-20.20198334822051,98.36832421345412,0.0,-24.0941317988482,14.649405927187724,-3701.451229724814,2264.3160787844536,162.28930092409837,237.448431980132,1,0,1,0,2,1,2,2,0,1,0
42000.0,101,38.004065787251214,-167.58901012015812,-120.0,9.903025,102,38.024264379619424,-167.63093904834582,141.6316757865459,25.0,4310.879322,3,-1,0,6,-58.54349759444654,121.43068021093964,61.45650240555346,-20.20099557560627,98.36832421345412,0.0,-24.0941317988482,14.649405927187724,-3677.3377842504397,2249.637159492891,161.23345475525653,235.90667132713256,1,0,1,0,2,1,2,2,0,1,0
43000.0,101,38.00402125718891,-167.58910800269263,-120.0,9.903025,102,38.02408810419215,-167.63076189170317,141.6316757865459,25.0,4282.649436,3,-1,0,6,-58.542667155482256,121.43168009776407,61.457332844517744,-20.19999568878184,98.36832421345412,0.0,-24.0941317988482,14.649405927187724,-3653.224265777193,2234.9583118277187,160.17760764526093,234.36493051820483,1,0,1,0,2,1,2,2,0,1,0
44000.0,101,38.00397672712662,-167.58920588516767,-120.0,9.903025,102,38.02391182876488,-167.6305847354867,141.6316757865459,25.0,4254.419526,3,-1,0,6,-58.54182436002194,121.43269233994569,61.45817563997806,-20.198983446600224,98.36832421345412,0.0,-24.0941317988482,14.649405927187724,-3629.110674287509,2220.2795357752866,159.12175959328502,232.823209954307,1,0,1,0,2,1,2,2,0,1,0
45000.0,101,38.00393219706433,-167.5893037675833,-120.0,9.903025,102,38.0237355533376,-167.63040757969642,141.6316757865459,25.0,4226.189592,3,-1,0,6,-58.54096896041932,121.43371718514588,61.45903103958068,-20.197958601400032,98.36832421345412,0.0,-24.0941317988482,14.649405927187724,-3604.997009761381,2205.600831324795,158.06591059847952,231.28151004740027,1,0,1,0,2,1,2,2,0,1,0
46000.0,101,38.00388766700203,-167.58940164993945,-120.0,9.903025,102,38.02355927791032,-167.63023042433235,141.6316757865459,25.0,4197.959634,3,-1,0,6,-58.54010070241958,121.43475488759788,61.45989929758042,-20.196920898948036,98.36832421345412,0.0,-24.0941317988482,14.649405927187724,-3580.883272180311,2190.92219846179,157.01006065997245,229.73983122042685,1,0,1,0,2,1,2,2,0,1,0
47000.0,101,38.00384313693973,-167.58949953223618,-120.0,9.903025,102,38.023383002483044,-167.63005326939447,141.6316757865459,25.0,4169.729652,3,-1,0,6,-58.539219324814816,121.4358057085248,61.460780675185184,-20.195870078021116,98.36832421345412,0.0,-24.0941317988482,14.649405927187724,-3556.7694615227047,2176.2436371756567,155.95420977686743,228.19817390812955,1,0,1,0,2,1,2,2,0,1,0
48000.0,101,38.00379860687744,-167.58959741447345,-120.0,9.903025,102,38.023206727055765,-167.62987611488276,141.6316757865459,25.0,4141.499646,3,-1,0,6,-58.53832455937884,121.43686991615166,61.46167544062116,-20.194805870394248,98.36832421345412,0.0,-24.0941317988482,14.649405927187724,-3532.655577770332,2161.5651474490164,154.89835794824415,226.65653855681887,1,0,1,0,2,1,2,2,0,1,0
49000.0,101,38.00375407681514,-167.58969529665129,-120.0,9.903025,102,38.0230304516285,-167.62969896079724,141.6316757865459,25.0,4113.269616,3,-1,0,6,-58.53741613040968,121.43794778617932,61.46258386959032,-20.19372800036659,98.36832421345412,0.0,-24.0941317988482,14.649405927187724,-3508.541620900193,2146.886729270977,153.84250517315596,225.1149256255693,1,0,1,0,2,1,2,2,0,1,0
50000.0,101,38.00370954675284,-167.5897931787697,-120.0,9.903025,102,38.02285417620123,-167.6295218071379,141.6316757865459,25.0,4085.039562,3,-1,0,6,-58.536493754623294,121.43903960188219,61.463506245376706,-20.192636184663726,98.36832421345412,0.0,-24.0941317988482,14.649405927187724,-3484.4275908901527,2132.2083826278795,152.78665145063007,223.57333558609685,1,0,1,0,2,1,2,2,0,1,0
51000.0,101,38.00366501669054,-167.58989106082862,-120.0,9.903025,102,38.02267790077396,-167.62934465390472,141.6316757865459,25.0,4056.809484,3,-1,0,6,-58.53555714091116,121.44014565438015,61.46444285908884,-20.191530132165767,98.36832421345412,0.0,-24.0941317988482,14.649405927187724,-3460.3134877197135,2117.530107501987,151.73079677966672,222.03176892311424,1,0,1,0,2,1,2,2,0,1,0
52000.0,101,38.00362048662825,-167.5899889428281,-120.0,9.903025,102,38.02250162534669,-167.6291675010977,141.6316757865459,25.0,4028.579382,3,-1,0,6,-58.53460598993618,121.4412662430048,61.46539401006382,-20.190409543541108,98.36832421345412,0.0,-24.0941317988482,14.649405927187724,-3436.199311365224,2102.8519038792683,150.67494115923748,220.49022613527242,1,0,1,0,2,1,2,2,0,1,0
53000.0,101,38.00357595656596,-167.59008682476818,-120.0,9.903025,102,38.02232534991941,-167.62899034871685,141.6316757865459,25.0,4000.349256,3,-1,0,6,-58.533639993919635,121.44240167553802,61.466360006080365,-20.18927411100789,98.36832421345412,0.0,-24.0941317988482,14.649405927187724,-3412.0850618026734,2088.173771744775,149.61908458828452,218.94870773535894,1,0,1,0,2,1,2,2,0,1,0
54000.0,101,38.00353142650366,-167.59018470664878,-120.0,9.903025,102,38.02214907449215,-167.62881319676217,141.6316757865459,25.0,3972.119106,3,-1,0,6,-58.53265883633134,121.44355226851299,61.46734116366866,-20.188123518032924,98.36832421345412,0.0,-24.0941317988482,14.649405927187724,-3387.9707390073136,2073.495711083212,148.5632270657197,217.40721425083458,1,0,1,0,2,1,2,2,0,1,0
55000.0,101,38.003486896441366,-167.59028258846996,-120.0,9.903025,102,38.02197279906488,-167.62863604523363,141.6316757865459,25.0,3943.888933,3,-1,0,6,-58.531662191572174,121.44471834751899,61.468337808427826,-20.186957439026926,98.36832421345412,0.0,-24.0941317988482,14.649405927187724,-3363.8563438064075,2058.817722401201,147.50736862782503,215.86574627911614,1,0,1,0,2,1,2,2,0,1,0
56000.0,101,38.00344236637907,-167.59038047023168,-120.0,9.903025,102,38.021796523637626,-167.62845889413123,141.6316757865459,25.0,3915.658736,3,-1,0,6,-58.53064972469396,121.44590024750715,61.46935027530604,-20.185775539038758,98.36832421345412,0.0,-24.0941317988482,14.649405927187724,-3339.741875322069,2044.139805158479,146.451509236047,214.32430432373368,1,0,1,0,2,1,2,2,0,1,0
57000.0,101,38.00339783631677,-167.59047835193397,-120.0,9.903025,102,38.02162024821036,-167.62828174345498,141.6316757865459,25.0,3887.428515,3,-1,0,6,-58.52962109099631,121.447098313181,61.47037890900369,-20.18457747336491,98.36832421345412,0.0,-24.0941317988482,14.649405927187724,-3315.6273335278106,2029.4619593375899,145.39564888919995,212.78288895934125,1,0,1,0,2,1,2,2,0,1,0
58000.0,101,38.00335330625447,-167.5905762335768,-120.0,9.903025,102,38.021443972783096,-167.62810459320488,141.6316757865459,25.0,3859.19827,3,-1,0,6,-58.528575935716184,121.44831289930677,61.471424064283816,-20.18336288723914,98.36832421345412,0.0,-24.0941317988482,14.649405927187724,-3291.512718397183,2014.7841849192132,144.3397875860632,211.2415007774073,1,0,1,0,2,1,2,2,0,1,0
59000.0,101,38.00330877619217,-167.5906741151602,-120.0,9.903025,102,38.02126769735583,-167.62792744338094,141.6316757865459,25.0,3830.968002,3,-1,0,6,-58.5275138935671,121.44954437117875,61.4724861064329,-20.182131415367166,98.36832421345412,0.0,-24.0941317988482,14.649405927187724,-3267.398030753506,2000.1064824093696,143.28392536278102,209.7001404418995,1,0,1,0,2,1,2,2,0,1,0
60000.0,101,38.00326424612988,-167.59077199668417,-120.0,9.903025,102,38.02109142192857,-167.62775029398313,141.6316757865459,25.0,3802.73771,3,-1,0,6,-58.5264345884787,121.4507931048344,61.4735654115213,-20.18088268171151,98.36832421345412,0.0,-24.0941317988482,14.649405927187724,-3243.2832697156505,1985.4288512657915,142.22806218065733,208.1588085252527,1,0,1,0,2,1,2,2,0,1,0
61000.0,101,38.00321971606758,-167.59086987814868,-120.0,9.903025,102,38.02091514650131,-167.62757314501147,141.6316757865459,25.0,3774.507394,3,-1,0,6,-58.52533763309688,121.45205948766272,61.47466236690312,-20.17961629888319,98.36832421345412,0.0,-24.0941317988482,14.649405927187724,-3219.1684352534,1970.7512914695376,141.17219803835843,206.61750567360082,1,0,1,0,2,1,2,2,0,1,0
62000.0,101,38.003175186005286,-167.59096775955376,-120.0,9.903025,102,38.02073887107406,-167.6273959964659,141.6316757865459,25.0,3746.277055,3,-1,0,6,-58.52422262835644,121.45334391871397,61.47577737164356,-20.178331867831943,98.36832421345412,0.0,-24.0941317988482,14.649405927187724,-3195.0535281872885,1956.0738035251718,140.11633297191128,205.07623260750128,1,0,1,0,2,1,2,2,0,1,0
63000.0,101,38.003130655942996,-167.5910656408994,-120.0,9.903025,102,38.020562595646794,-167.6272188483465,141.6316757865459,25.0,3718.046693,3,-1,0,6,-58.52308916321514,121.45464680902904,61.47691083678486,-20.17702897751687,98.36832421345412,0.0,-24.0941317988482,14.649405927187724,-3170.938548488874,1941.3963874066278,139.06046697990035,203.53499001254767,1,0,1,0,2,1,2,2,0,1,0
64000.0,101,38.00308612588071,-167.59116352218558,-120.0,9.903025,102,38.020386320219544,-167.6270417006532,141.6316757865459,25.0,3689.816307,3,-1,0,6,-58.52193681383581,121.455968582439,61.47806318616419,-20.175707204106914,98.36832421345412,0.0,-24.0941317988482,14.649405927187724,-3146.8234952686535,1926.7190425768597,138.00460002346352,201.99377854143054,1,0,1,0,2,1,2,2,0,1,0
65000.0,101,38.003041595818424,-167.59126140341232,-120.0,9.903025,102,38.020210044792286,-167.62686455338604,141.6316757865459,25.0,3661.585897,3,-1,0,6,-58.52076514353126,121.45730967565308,61.47923485646874,-20.174366110892834,98.36832421345412,0.0,-24.0941317988482,14.649405927187724,-3122.708368496357,1912.0417690082286,136.94873210109634,200.45259892266367,1,0,1,0,2,1,2,2,0,1,0
66000.0,101,38.00299706575614,-167.59135928457962,-120.0,9.903025,102,38.02003376936502,-167.626687406545,141.6316757865459,25.0,3633.355464,3,-1,0,6,-58.5195737018996,121.45867053905785,61.4804262981004,-20.173005247488064,98.36832421345412,0.0,-24.0941317988482,14.649405927187724,-3098.5931689887584,1897.3645672023238,135.89286324864776,198.91145196273257,1,0,1,0,2,1,2,2,0,1,1
67000.0,101,38.00295253569386,-167.5914571656875,-120.0,9.903025,102,38.01985749393777,-167.62651026013006,141.6316757865459,25.0,3605.125007,3,-1,0,6,-58.51836202442217,121.46005163717528,61.48163797557783,-20.17162414937063,98.36832421345412,0.0,-24.0941317988482,14.649405927187724,-3074.477895855584,1882.6874366161187,134.83699342711472,197.37033838227632,1,0,1,0,2,1,2,2,0,1,1
68000.0,101,38.00290800563157,-167.59155504673595,-120.0,9.903025,102,38.01968121851051,-167.6263331141412,141.6316757865459,25.0,3576.894528,3,-1,0,6,-58.517129631920156,121.46145344917315,61.482870368079844,-20.170222337372763,98.36832421345412,0.0,-24.0941317988482,14.649405927187724,-3050.362550764014,1868.010378272241,133.78112270964792,195.82925909069894,1,0,1,0,2,1,2,2,0,1,1
69000.0,101,38.00286347556927,-167.59165292772497,-120.0,9.903025,102,38.019504943083255,-167.62615596857847,141.6316757865459,25.0,3548.664025,3,-1,0,6,-58.51587603009899,121.4628764693688,61.48412396990101,-20.16879931717712,98.36832421345412,0.0,-24.0941317988482,14.649405927187724,-3026.247131973093,1853.3333910966555,132.72525101974003,194.2882148034388,1,0,1,0,2,1,2,2,0,1,1
70000.0,101,38.002818945506974,-167.59175080865452,-120.0,9.903025,102,38.019328667656,-167.62597882344184,141.6316757865459,25.0,3520.433499,3,-1,0,6,-58.514600708692306,121.46432120800779,61.485399291307694,-20.167354578538124,98.36832421345412,0.0,-24.0941317988482,14.649405927187724,-3002.131640295308,1838.6564755873214,131.6693783930325,192.74720642711847,1,0,1,0,2,1,2,2,0,1,1
71000.0,101,38.00277441544469,-167.59184868952465,-120.0,9.903025,102,38.01915239222875,-167.6258016787313,141.6316757865459,25.0,3492.202949,3,-1,0,6,-58.5133031409467,121.46578819185181,61.4866968590533,-20.165887594694098,98.36832421345412,0.0,-24.0941317988482,14.649405927187724,-2978.0160748366998,1823.9796311961688,130.61350479030656,191.20623478640763,1,0,1,0,2,1,2,2,0,1,1
72000.0,101,38.0027298853824,-167.5919465703353,-120.0,9.903025,102,38.01897611680148,-167.62562453444684,141.6316757865459,25.0,3463.972377,3,-1,0,6,-58.51198278298951,121.46727796477711,61.48801721701049,-20.1643978217688,98.36832421345412,0.0,-24.0941317988482,14.649405927187724,-2953.900437261937,1809.3028589384276,129.5576302844888,189.66530089875047,1,0,1,0,2,1,2,2,0,1,1
73000.0,101,38.00268535532011,-167.5920444510865,-120.0,9.903025,102,38.01879984137424,-167.6254473905885,141.6316757865459,25.0,3435.741781,3,-1,0,6,-58.510639072959606,121.46879108863341,61.489360927040394,-20.162884697912503,98.36832421345412,0.0,-24.0941317988482,14.649405927187724,-2929.7847258197144,1794.6261577449923,128.50175479883694,188.12440559286856,1,0,1,0,2,1,2,2,0,1,1
74000.0,101,38.00264082525782,-167.5921423317783,-120.0,9.903025,102,38.01862356594699,-167.62527024715627,141.6316757865459,25.0,3407.511162,3,-1,0,6,-58.50927143047548,121.47032814382081,61.49072856952452,-20.161347642725104,98.36832421345412,0.0,-24.0941317988482,14.649405927187724,-2905.6689413186436,1779.9495281076881,127.44587836874945,186.5835498925101,1,0,1,0,2,1,2,2,0,1,1
75000.0,101,38.002596295195524,-167.59224021241064,-120.0,9.903025,102,38.018447290519745,-167.62509310415007,141.6316757865459,25.0,3379.280521,3,-1,0,6,-58.50787925566701,121.47188973018265,61.49212074433299,-20.15978605636326,98.36832421345412,0.0,-24.0941317988482,14.649405927187724,-2881.553084562872,1765.272970522188,126.39000102955669,185.0427348541703,1,0,1,0,2,1,2,2,0,1,1
76000.0,101,38.002551765133234,-167.59233809298357,-120.0,9.903025,102,38.018271015092495,-167.62491596156997,141.6316757865459,25.0,3351.049856,3,-1,0,6,-58.506461928600174,121.47347646768203,61.493538071399826,-20.15819931886388,98.36832421345412,0.0,-24.0941317988482,14.649405927187724,-2857.437153801426,1750.5964839085066,125.33412270431575,183.50196140330965,1,0,1,0,2,1,2,2,0,1,1
77000.0,101,38.002507235070944,-167.59243597349703,-120.0,9.903025,102,38.01809473966525,-167.62473881941594,141.6316757865459,25.0,3322.819169,3,-1,0,6,-58.505018808154595,121.47508899742779,61.494981191845405,-20.156586789118123,98.36832421345412,0.0,-24.0941317988482,14.649405927187724,-2833.3211506889543,1735.920069280976,124.27824346561546,181.96123072002848,1,0,1,0,2,1,2,2,0,1,1
78000.0,101,38.00246270500866,-167.59253385395107,-120.0,9.903025,102,38.017918464238,-167.62456167768795,141.6316757865459,25.0,3294.588459,3,-1,0,6,-58.50354923122598,121.47672798251222,61.49645076877402,-20.154947804033696,98.36832421345412,0.0,-24.0941317988482,14.649405927187724,-2809.2050743199993,1721.2437260861007,123.2223632737642,180.42054385688564,1,0,1,0,2,1,2,2,0,1,1
79000.0,101,38.00241817494638,-167.59263173434564,-120.0,9.903025,102,38.01774218881076,-167.62438453638606,141.6316757865459,25.0,3266.357726,3,-1,0,6,-58.50205251190433,121.47839410886473,61.49794748809567,-20.15328167768118,98.36832421345412,0.0,-24.0941317988482,14.649405927187724,-2785.0889246435736,1706.5674542858228,122.166482126393,178.87990195904803,1,0,1,0,2,1,2,2,0,1,1
80000.0,101,38.002373644884095,-167.5927296146808,-120.0,9.903025,102,38.017565913383514,-167.6242073955102,141.6316757865459,25.0,3238.12697,3,-1,0,6,-58.50052794018882,121.48008808646878,61.49947205981118,-20.15158770007713,98.36832421345412,0.0,-24.0941317988482,14.649405927187724,-2760.972701601783,1691.8912538491154,121.11060002104881,177.33930621222032,1,0,1,0,2,1,2,2,0,1,1
81000.0,101,38.00232911482181,-167.5928274949565,-120.0,9.903025,102,38.01738963795627,-167.62403025506046,141.6316757865459,25.0,3209.896192,3,-1,0,6,-58.498974781238005,121.48181065018025,61.501025218761995,-20.149865136365662,98.36832421345412,0.0,-24.0941317988482,14.649405927187724,-2736.8564059914347,1677.2151252596516,120.05471699259428,175.7987578980695,1,0,1,0,2,1,2,2,0,1,1
82000.0,101,38.00228458475953,-167.59292537517277,-120.0,9.903025,102,38.01721336252902,-167.62385311503675,141.6316757865459,25.0,3181.665391,3,-1,0,6,-58.49739227410195,121.4835625609422,61.50260772589805,-20.14811322560371,98.36832421345412,0.0,-24.0941317988482,14.649405927187724,-2712.7400369012184,1662.5390679561065,118.99883300099857,174.25825823234652,1,0,1,0,2,1,2,2,0,1,1
83000.0,101,38.00224005469723,-167.59302325532963,-120.0,9.903025,102,38.01703708710178,-167.62367597543908,141.6316757865459,25.0,3153.434568,3,-1,0,6,-58.49577963043064,121.48534460710309,61.50422036956936,-20.146331179442825,98.36832421345412,0.0,-24.0941317988482,14.649405927187724,-2688.623595118635,1647.863082427874,117.94294808093815,172.71780858632764,1,0,1,0,2,1,2,2,0,1,1
84000.0,101,38.00219552463494,-167.59312113542703,-120.0,9.903025,102,38.01686081167453,-167.62349883626746,141.6316757865459,25.0,3125.203723,3,-1,0,6,-58.49413603361603,121.48715760526372,61.50586396638397,-20.144518181282194,98.36832421345412,0.0,-24.0941317988482,14.649405927187724,-2664.507080582809,1633.1871686298352,116.88706222959082,171.1774103232209,1,0,1,0,2,1,2,2,0,1,1
85000.0,101,38.00215099457265,-167.593219015465,-120.0,9.903025,102,38.016684536247304,-167.62332169752187,141.6316757865459,25.0,3096.972855,3,-1,0,6,-58.49246063716226,121.48900240194041,61.50753936283774,-20.1426733846055,98.36832421345412,0.0,-24.0941317988482,14.649405927187724,-2640.3904923748105,1618.5113259979237,115.83117540662899,169.63706480150094,1,0,1,0,2,1,2,2,0,1,1
86000.0,101,38.00210646451036,-167.5933168954435,-120.0,9.903025,102,38.01650826082006,-167.62314455920236,141.6316757865459,25.0,3068.741965,3,-1,0,6,-58.49075256346801,121.49087987472758,61.50924743653199,-20.14079591181833,98.36832421345412,0.0,-24.0941317988482,14.649405927187724,-2616.2738312796887,1603.8355550096653,114.77528764642011,168.09677354095018,1,0,1,0,2,1,2,2,0,1,1
87000.0,101,38.00206193444807,-167.5934147753626,-120.0,9.903025,102,38.01633198539282,-167.62296742130889,141.6316757865459,25.0,3040.511053,3,-1,0,6,-58.489010902278785,121.49279093387247,61.510989097721215,-20.138884852673442,98.36832421345412,0.0,-24.0941317988482,14.649405927187724,-2592.157097225711,1589.15985562106,113.71939894581679,166.55653806110448,1,0,1,0,2,1,2,2,0,1,1
88000.0,101,38.00201740438578,-167.59351265522224,-120.0,9.903025,102,38.01615570996558,-167.62279028384145,141.6316757865459,25.0,3012.280119,3,-1,0,6,-58.487234709184975,121.49473652378296,61.512765290815025,-20.13693926276295,98.36832421345412,0.0,-24.0941317988482,14.649405927187724,-2568.0402901376165,1574.4842277878051,112.66350930155299,165.01635993846034,1,0,1,0,2,1,2,2,0,1,1
89000.0,101,38.00197287432349,-167.59361053502246,-120.0,9.903025,102,38.01597943453834,-167.6226131468,141.6316757865459,25.0,2984.049162,3,-1,0,6,-58.485423004126226,121.49671762452333,61.514576995873774,-20.134958162022585,98.36832421345412,0.0,-24.0941317988482,14.649405927187724,-2543.9234090872565,1559.8086709371673,111.60761867283806,163.47624075394387,1,0,1,0,2,1,2,2,0,1,1
90000.0,101,38.0019283442612,-167.59370841476323,-120.0,9.903025,102,38.015803159111094,-167.6224360101846,141.6316757865459,25.0,2955.818184,3,-1,0,6,-58.48357476959668,121.49873525360952,61.51642523040332,-20.132940532936388,98.36832421345412,0.0,-24.0941317988482,14.649405927187724,-2519.806455701014,1545.1331860627915,110.55172713095563,161.936182315179,1,0,1,0,2,1,2,2,0,1,1
91000.0,101,38.00188381419891,-167.59380629444456,-120.0,9.903025,102,38.01562688368386,-167.62225887399524,141.6316757865459,25.0,2927.587185,3,-1,0,6,-58.48168894875754,121.50079046784926,61.51831105124246,-20.130885318696656,98.36832421345412,0.0,-24.0941317988482,14.649405927187724,-2495.689429894855,1530.4577731147358,109.49583467224973,160.39618638585986,1,0,1,0,2,1,2,2,0,1,1
92000.0,101,38.001839284136615,-167.59390417406647,-120.0,9.903025,102,38.01545060825662,-167.62208173823188,141.6316757865459,25.0,2899.356163,3,-1,0,6,-58.4797644436968,121.50288436519992,61.5202355563032,-20.128791421345994,98.36832421345412,0.0,-24.0941317988482,14.649405927187724,-2471.572329878971,1515.7824309915711,108.43994121811956,158.85625468828127,1,0,1,0,2,1,2,2,0,1,1
93000.0,101,38.00179475407433,-167.5940020536289,-120.0,9.903025,102,38.01527433282939,-167.62190460289455,141.6316757865459,25.0,2871.12512,3,-1,0,6,-58.477800113263044,121.50501808678179,61.522199886736956,-20.126657699764124,98.36832421345412,0.0,-24.0941317988482,14.649405927187724,-2447.4551572685737,1501.107160683233,107.3840468394197,157.3163892359233,1,0,1,0,2,1,2,2,0,1,1
94000.0,101,38.00175022401204,-167.59409993313193,-120.0,9.903025,102,38.015098057402156,-167.62172746798322,141.6316757865459,25.0,2842.894056,3,-1,0,6,-58.475794771014215,121.50719281904098,61.524205228985785,-20.12448296750493,98.36832421345412,0.0,-24.0941317988482,14.649405927187724,-2423.337911971339,1486.4319621302961,106.32815153204493,155.77659200794054,1,0,1,0,2,1,2,2,0,1,1
95000.0,101,38.00170569394975,-167.59419781257552,-120.0,9.903025,102,38.01492178197491,-167.62155033349788,141.6316757865459,25.0,2814.66297,3,-1,0,6,-58.473747182851845,121.50940979609256,61.526252817148155,-20.122265990453357,98.36832421345412,0.0,-24.0941317988482,14.649405927187724,-2399.2205930373843,1471.7568347504157,105.27225525432328,154.23686500801904,1,0,1,0,2,1,2,2,0,1,1
96000.0,101,38.001661163887455,-167.59429569195967,-120.0,9.903025,102,38.014745506547676,-167.62137319943855,141.6316757865459,25.0,2786.431863,3,-1,0,6,-58.47165606469138,121.51167030198853,61.52834393530862,-20.12000548455738,98.36832421345412,0.0,-24.0941317988482,14.649405927187724,-2375.103201218468,1457.0817790033045,104.21635803921221,152.6972104324499,1,0,1,0,2,1,2,2,0,1,1
97000.0,101,38.001616633825165,-167.59439357128437,-120.0,9.903025,102,38.01456923112045,-167.6211960658052,141.6316757865459,25.0,2758.200735,3,-1,0,6,-58.469520079929595,121.5139756733612,61.530479920070405,-20.11770011318471,98.36832421345412,0.0,-24.0941317988482,14.649405927187724,-2350.9857364111563,1442.4067948210143,103.16045988208583,151.1576305098778,1,0,1,0,2,1,2,2,0,1,1
98000.0,101,38.001572103762875,-167.59449145054964,-120.0,9.903025,102,38.01439295569322,-167.62101893259788,141.6316757865459,25.0,2729.969586,3,-1,0,6,-58.467337836591405,121.51632730217767,61.532662163408595,-20.11534848436824,98.36832421345412,0.0,-24.0941317988482,14.649405927187724,-2326.868198505621,1427.7318821362148,102.10456077812599,149.6181275610544,1,0,1,0,2,1,2,2,0,1,1
99000.0,101,38.001527573700585,-167.59458932975548,-120.0,9.903025,102,38.01421668026599,-167.62084179981653,141.6316757865459,25.0,2701.738416,3,-1,0,6,-58.465107884582224,121.51872663853722,61.534892115417776,-20.112949148008695,98.36832421345412,0.0,-24.0941317988482,14.649405927187724,-2302.7505873889936,1413.0570408762117,101.04866072231307,148.0787040030962,1,0,1,0,2,1,2,2,0,1,1
100000.0,101,38.0014830436383,-167.5946872089019,-120.0,9.903025,102,38.01404040483877,-167.62066466746117,141.6316757865459,25.0,2673.507226,3,-1,0,6,-58.46282871247458,121.52117519384613,61.53717128752542,-20.11050059269978,98.36832421345412,0.0,-24.0941317988482,14.649405927187724,-2278.632903793898,1398.382271491599,99.99275974681588,146.53936240985863,1,0,1,0,2,1,2,2,0,1,1
101000.0,101,38.00143851357602,-167.59478508798884,-120.0,9.903025,102,38.013864129411544,-167.6204875355318,141.6316757865459,25.0,2645.276015,3,-1,0,6,-58.460498744496846,121.52367454389986,61.539501255503154,-20.108001242646054,98.36832421345412,0.0,-24.0941317988482,14.649405927187724,-2254.5151467475634,1383.7075733767203,98.93685780877794,145.00010535198007,1,0,1,0,2,1,2,2,0,1,1
102000.0,101,38.00139398351373,-167.59488296701636,-120.0,9.903025,102,38.013687853984315,-167.62031040402843,141.6316757865459,25.0,2617.044783,3,-1,0,6,-58.45811633666186,121.52622633268395,61.54188366333814,-20.105449453861965,98.36832421345412,0.0,-24.0941317988482,14.649405927187724,-2230.397316118964,1369.0329464541153,97.8809549025068,143.46093556840862,1,0,1,0,2,1,2,2,0,1,1
103000.0,101,38.00134945345143,-167.59498084598442,-120.0,9.903025,102,38.013511578557086,-167.62013327295102,141.6316757865459,25.0,2588.813532,3,-1,0,6,-58.45567977334809,121.52883227580487,61.54432022665191,-20.10284351074104,98.36832421345412,0.0,-24.0941317988482,14.649405927187724,-2206.2794134777646,1354.358391686088,96.82505109686453,141.92185602632273,1,0,1,0,2,1,2,2,0,1,1
104000.0,101,38.00130492338914,-167.59507872489309,-120.0,9.903025,102,38.01333530312986,-167.61995614229957,141.6316757865459,25.0,2560.58226,3,-1,0,6,-58.45318726327621,121.53149416454643,61.54681273672379,-20.100181621999482,98.36832421345412,0.0,-24.0941317988482,14.649405927187724,-2182.1614369787635,1339.6839079385431,95.76914631084534,140.3828695989526,1,0,1,0,2,1,2,2,0,1,1
105000.0,101,38.00126039332685,-167.5951766037423,-120.0,9.903025,102,38.013159027702635,-167.61977901207413,141.6316757865459,25.0,2532.350968,3,-1,0,6,-58.45063693543025,121.53421386992943,61.54936306456975,-20.09746191661648,98.36832421345412,0.0,-24.0941317988482,14.649405927187724,-2158.0433873305496,1325.0094956374562,94.71324057537157,138.84397945576166,1,0,1,0,2,1,2,2,0,1,1
106000.0,101,38.00121586326456,-167.59527448253206,-120.0,9.903025,102,38.012982752275406,-167.61960188227465,141.6316757865459,25.0,2504.119657,3,-1,0,6,-58.44802683420237,121.53699334755972,61.55197316579763,-20.094682438986197,98.36832421345412,0.0,-24.0941317988482,14.649405927187724,-2133.925265230064,1310.335155212818,93.65733392107123,137.30518890661776,1,0,1,0,2,1,2,2,0,1,1
107000.0,101,38.00117133320228,-167.5953723612624,-120.0,9.903025,102,38.01280647684818,-167.61942475290112,141.6316757865459,25.0,2475.888326,3,-1,0,6,-58.44535491485095,121.53983464217684,61.55464508514905,-20.09184114436907,98.36832421345412,0.0,-24.0941317988482,14.649405927187724,-2109.807069664282,1295.6608860414428,92.6014263034609,135.76650129908072,1,0,1,0,2,1,2,2,0,1,1
108000.0,101,38.00112680314,-167.59547023993332,-120.0,9.903025,102,38.01263020142097,-167.61924762395353,141.6316757865459,25.0,2447.656976,3,-1,0,6,-58.44261903830168,121.54273989287418,61.55738096169832,-20.08893589367173,98.36832421345412,0.0,-24.0941317988482,14.649405927187724,-2085.6888013172193,1280.9866885418471,91.54551775253256,134.2279202463393,1,0,1,0,2,1,2,2,0,1,1
109000.0,101,38.001082273077714,-167.59556811854478,-120.0,9.903025,102,38.01245392599375,-167.6190704954319,141.6316757865459,25.0,2419.425607,3,-1,0,6,-58.43981696574831,121.54571133842792,61.56018303425169,-20.08596444811799,98.36832421345412,0.0,-24.0941317988482,14.649405927187724,-2061.5704600152776,1266.312562600449,90.48960826053138,132.68944947137706,1,0,1,0,2,1,2,2,0,1,1
110000.0,101,38.001037743015424,-167.5956659970968,-120.0,9.903025,102,38.01227765056653,-167.61889336733623,141.6316757865459,25.0,2391.194219,3,-1,0,6,-58.43694635247431,121.54875132356648,61.56305364752569,-20.082924462979435,98.36832421345412,0.0,-24.0941317988482,14.649405927187724,-2037.452045572627,1251.6385081048513,89.4336978193346,131.15109287243354,1,0,1,0,2,1,2,2,0,1,1
111000.0,101,38.000993212953134,-167.5957638755894,-120.0,9.903025,102,38.01210137513931,-167.61871623966653,141.6316757865459,25.0,2362.962812,3,-1,0,6,-58.43400474192534,121.55186230485663,61.56599525807466,-20.079813481689285,98.36832421345412,0.0,-24.0941317988482,14.649405927187724,-2013.333557799325,1236.9645249294986,88.37778642043232,129.61285453198263,1,0,1,0,2,1,2,2,0,1,1
112000.0,101,38.000948682890844,-167.59586175402254,-120.0,9.903025,102,38.011925099712094,-167.61853911242275,141.6316757865459,25.0,2334.731387,3,-1,0,6,-58.43098955848401,121.55504685789182,61.56901044151599,-20.076628928654088,98.36832421345412,0.0,-24.0941317988482,14.649405927187724,-1989.2149973429111,1222.2906134749562,87.32187409230205,128.07473878422905,1,0,1,0,2,1,2,2,0,1,1
113000.0,101,38.000904152828554,-167.59595963239627,-120.0,9.903025,102,38.01174882428487,-167.61836198560493,141.6316757865459,25.0,2306.499943,3,-1,0,6,-58.427898100595264,121.55830768424688,61.572101899404736,-20.07336810229903,98.36832421345412,0.0,-24.0941317988482,14.649405927187724,-1965.0963631404338,1207.6167730829357,86.26596078818271,126.53675006103765,1,0,1,0,2,1,2,2,0,1,1
114000.0,101,38.000859622766264,-167.59605751071058,-120.0,9.903025,102,38.01157254885766,-167.61818485921305,141.6316757865459,25.0,2278.268482,3,-1,0,6,-58.42472753268535,121.56164761950126,61.57527246731465,-20.070028167044654,98.36832421345412,0.0,-24.0941317988482,14.649405927187724,-1940.977656672095,1192.9430046629584,85.21004657305163,124.9988931798969,1,0,1,0,2,1,2,2,0,1,1
115000.0,101,38.000815092703974,-167.59615538896546,-120.0,9.903025,102,38.011396273430435,-167.61800773324708,141.6316757865459,25.0,2250.037003,3,-1,0,6,-58.42147487698197,121.56506964139466,61.57852512301803,-20.066606145151255,98.36832421345412,0.0,-24.0941317988482,14.649405927187724,-1916.8588768533007,1178.269307543027,84.1541313991897,123.46117302769419,1,0,1,0,2,1,2,2,0,1,1
116000.0,101,38.0007705626417,-167.5962532671609,-120.0,9.903025,102,38.01121999800323,-167.61783060770702,141.6316757865459,25.0,2221.805507,3,-1,0,6,-58.41813700428307,121.56857687914953,61.58186299571693,-20.06309890739638,98.36832421345412,0.0,-24.0941317988482,14.649405927187724,-1892.7400242898611,1163.5956820935457,83.09821529315475,121.92359485039941,1,0,1,0,2,1,2,2,0,1,1
117000.0,101,38.000726032579415,-167.5963511452969,-120.0,9.903025,102,38.011043722576005,-167.6176534825929,141.6316757865459,25.0,2193.573993,3,-1,0,6,-58.414710624461634,121.57217262289846,61.585289375538366,-20.05950316364745,98.36832421345412,0.0,-24.0941317988482,14.649405927187724,-1868.6210978744766,1148.9221276241262,82.04229820614466,120.3861640485978,1,0,1,0,2,1,2,2,0,1,1
118000.0,101,38.00068150251713,-167.59644902337345,-120.0,9.903025,102,38.01086744714879,-167.61747635790474,141.6316757865459,25.0,2165.342463,3,-1,0,6,-58.41119227549649,121.57586033466052,61.58880772450351,-20.055815451885394,98.36832421345412,0.0,-24.0941317988482,14.649405927187724,-1844.502099035904,1134.2486450170663,80.98638020096372,118.84888647055686,1,0,1,0,2,1,2,2,0,1,1
119000.0,101,38.000636972454856,-167.59654690139055,-120.0,9.903025,102,38.010691171721575,-167.61729923364246,141.6316757865459,25.0,2137.110917,3,-1,0,6,-58.4075783127277,121.57964365909343,61.5924216872723,-20.052032127452478,98.36832421345412,0.0,-24.0941317988482,14.649405927187724,-1820.3830274904979,1119.5752340888532,79.93046126498133,117.3117681542096,1,0,1,0,2,1,2,2,0,1,1
120000.0,101,38.00059244239257,-167.59664477934825,-120.0,9.903025,102,38.01051489629436,-167.6171221098061,141.6316757865459,25.0,2108.879354,3,-1,0,6,-58.40386489605815,121.58352643630019,61.59613510394185,-20.048149350245723,98.36832421345412,0.0,-24.0941317988482,14.649405927187724,-1796.2638820822817,1104.9018941309441,78.87454134748698,115.77481540377869,1,0,1,0,2,1,2,2,0,1,1
121000.0,101,38.00054791233028,-167.59674265724652,-120.0,9.903025,102,38.01033862086716,-167.61694498639565,141.6316757865459,25.0,2080.647776,3,-1,0,6,-58.40004797714029,121.5875127146096,61.59995202285971,-20.04416307193631,98.36832421345412,0.0,-24.0941317988482,14.649405927187724,-1772.144664197473,1090.2286259909756,77.81862050925197,114.23803502933579,1,0,1,0,2,1,2,2,0,1,1
122000.0,101,38.000503382268,-167.59684053508536,-120.0,9.903025,102,38.010162345439944,-167.6167678634111,141.6316757865459,25.0,2052.416182,3,-1,0,6,-58.39612328495819,121.5916067650515,61.60387671504181,-20.040069021494418,98.36832421345412,0.0,-24.0941317988482,14.649405927187724,-1748.0253726509,1075.5554289315537,76.76269869807214,112.70143404092097,1,0,1,0,2,1,2,2,0,1,1
123000.0,101,38.0004588522057,-167.59693841286474,-120.0,9.903025,102,38.00998607001274,-167.61659074085247,141.6316757865459,25.0,2024.184574,3,-1,0,6,-58.3920863101091,121.59581309702631,61.6079136898909,-20.035862689519604,98.36832421345412,0.0,-24.0941317988482,14.649405927187724,-1723.9060087917153,1060.8823037789725,75.70677597311962,111.165020003703,1,0,1,0,2,1,2,2,0,1,1
124000.0,101,38.00041432214341,-167.59703629058467,-120.0,9.903025,102,38.00980979458552,-167.61641361871975,141.6316757865459,25.0,1995.952951,3,-1,0,6,-58.387932288111934,121.60013647501258,61.612067711888066,-20.031539311533336,98.36832421345412,0.0,-24.0941317988482,14.649405927187724,-1699.7865713948795,1046.2092497733177,74.65085228047855,109.62880073518363,1,0,1,0,2,1,2,2,0,1,1
125000.0,101,38.00036979208112,-167.5971341682452,-120.0,9.903025,102,38.009633519158314,-167.61623649701292,141.6316757865459,25.0,1967.721315,3,-1,0,6,-58.38365618090397,121.6045819370791,61.61634381909603,-20.02709384946681,98.36832421345412,0.0,-24.0941317988482,14.649405927187724,-1675.6670617660714,1031.5362677180044,73.59492767748708,108.0927846648924,1,0,1,0,2,1,2,2,0,1,1
126000.0,101,38.00032526201883,-167.59723204584628,-120.0,9.903025,102,38.00945724373111,-167.61605937573196,141.6316757865459,25.0,1939.489664,3,-1,0,6,-58.37925265719707,121.60915481451164,61.62074734280293,-20.022520972034272,98.36832421345412,0.0,-24.0941317988482,14.649405927187724,-1651.5474777835227,1016.8633563019749,72.5390020708624,106.55698048107838,1,0,1,0,2,1,2,2,0,1,1
127000.0,101,38.00028073195655,-167.59732992338792,-120.0,9.903025,102,38.009280968303905,-167.6158822548769,141.6316757865459,25.0,1911.258001,3,-1,0,6,-58.37471607083954,121.61386075346832,61.62528392916046,-20.017815033077596,98.36832421345412,0.0,-24.0941317988482,14.649405927187724,-1627.4278215609115,1002.1905168160504,71.48307555323558,105.02139765983372,1,0,1,0,2,1,2,2,0,1,1
128000.0,101,38.00023620189427,-167.59742780087015,-120.0,9.903025,102,38.0091046928767,-167.61570513444775,141.6316757865459,25.0,1883.026326,3,-1,0,6,-58.37004043685545,121.61870573890447,61.62995956314455,-20.012970047641446,98.36832421345412,0.0,-24.0941317988482,14.649405927187724,-1603.3080926266834,987.5177489680098,70.4271481038585,103.4860460647547,1,0,1,0,2,1,2,2,0,1,1
129000.0,101,38.000191671831985,-167.59752567829293,-120.0,9.903025,102,38.00892841744949,-167.61552801444446,141.6316757865459,25.0,1854.794639,3,-1,0,6,-58.36521940607213,121.62369611999866,61.63478059392787,-20.007979666547257,98.36832421345412,0.0,-24.0941317988482,14.649405927187724,-1579.1882904839003,972.8450524424105,69.37121970072059,101.95093615166157,1,0,1,0,2,1,2,2,0,1,1
130000.0,101,38.0001471417697,-167.59762355565627,-120.0,9.903025,102,38.00875214202229,-167.61535089486705,141.6316757865459,25.0,1826.56294,3,-1,0,6,-58.360246236515096,121.62883863876021,61.639753763484904,-20.002837147785698,98.36832421345412,0.0,-24.0941317988482,14.649405927187724,-1555.068414600347,958.1724269116739,68.31529032044809,100.41607901520334,1,0,1,0,2,1,2,2,0,1,1
131000.0,101,38.00010261170741,-167.5977214329602,-120.0,9.903025,102,38.00857586659509,-167.61517377571548,141.6316757865459,25.0,1798.331231,3,-1,0,6,-58.355113763059535,121.63414046025477,61.644886236940465,-19.997535326291143,98.36832421345412,0.0,-24.0941317988482,14.649405927187724,-1530.9484661167141,943.499873070927,67.25936001300231,98.8814865464706,1,0,1,0,2,1,2,2,0,1,1
132000.0,101,38.00005808164513,-167.5978193102047,-120.0,9.903025,102,38.008399591167894,-167.6149966569898,141.6316757865459,25.0,1770.099513,3,-1,0,6,-58.34981436362205,121.63960920661998,61.65018563637795,-19.992066579925933,98.36832421345412,0.0,-24.0941317988482,14.649405927187724,-1506.8284452886335,928.8273910646025,66.20342878935924,97.3471713221305,1,0,1,0,2,1,2,2,0,1,1
133000.0,101,38.00001355158284,-167.59791718738975,-120.0,9.903025,102,38.0082233157407,-167.61481953869,141.6316757865459,25.0,1741.867785,3,-1,0,6,-58.34433992164385,121.64525299437317,61.65566007835615,-19.986422792172746,98.36832421345412,0.0,-24.0941317988482,14.649405927187724,-1482.7083506250285,914.154979972003,65.14749658397683,95.81314660997928,1,0,1,0,2,1,2,2,0,1,1
134000.0,101,37.99996902152054,-167.59801506451535,-120.0,9.903025,102,38.00804704031351,-167.61464242081604,141.6316757865459,25.0,1713.636049,3,-1,0,6,-58.33868178596204,121.65108047470362,61.66131821403796,-19.980595311842293,98.36832421345412,0.0,-24.0941317988482,14.649405927187724,-1458.5881831507122,899.4826404136072,64.09156344166267,94.27942670663491,1,0,1,0,2,1,2,2,0,1,1
135000.0,101,37.99992449145826,-167.59811294158155,-120.0,9.903025,102,38.007870764886306,-167.61446530336795,141.6316757865459,25.0,1685.404305,3,-1,0,6,-58.33283072568749,121.65710087850813,61.66716927431251,-19.97457490803778,98.36832421345412,0.0,-24.0941317988482,14.649405927187724,-1434.4679421411684,884.810371933905,63.03562933041161,92.74602673472553,1,0,1,0,2,1,2,2,0,1,1
136000.0,101,37.99987996139597,-167.5982108185883,-120.0,9.903025,102,38.007694489459105,-167.6142881863457,141.6316757865459,25.0,1657.172555,3,-1,0,6,-58.326776880780216,121.66332406579316,61.673223119219784,-19.96835172075275,98.36832421345412,0.0,-24.0941317988482,14.649405927187724,-1410.347628522762,870.138175099478,61.97969429083775,91.21296294125328,1,0,1,0,2,1,2,2,0,1,1
137000.0,101,37.999835431333686,-167.59830869553565,-120.0,9.903025,102,38.0075182140319,-167.6141110697493,141.6316757865459,25.0,1628.9408,3,-1,0,6,-58.32050970788812,121.66976057994917,61.67949029211188,-19.961915206596743,98.36832421345412,0.0,-24.0941317988482,14.649405927187724,-1386.2272423202464,855.4660499130547,60.92375832378516,89.68025261745075,1,0,1,0,2,1,2,2,0,1,1
138000.0,101,37.9997909012714,-167.59840657242353,-120.0,9.903025,102,38.007341938604704,-167.61393395357877,141.6316757865459,25.0,1600.70904,3,-1,0,6,-58.31401791975355,121.67642170818866,61.68598208024645,-19.955254078357257,98.36832421345412,0.0,-24.0941317988482,14.649405927187724,-1362.1067826473686,840.793995818093,59.867821390116745,88.14791419477268,1,0,1,0,2,1,2,2,0,1,1
139000.0,101,37.99974637120912,-167.598504449252,-120.0,9.903025,102,38.00716566317751,-167.61375683783407,141.6316757865459,25.0,1572.477277,3,-1,0,6,-58.30728941849831,121.68331954844014,61.69271058150169,-19.948356238105774,98.36832421345412,0.0,-24.0941317988482,14.649405927187724,-1337.9862502554718,826.1220132696119,58.811883522685456,86.61596751482239,1,0,1,0,2,1,2,2,0,1,1
140000.0,101,37.99970184114684,-167.59860232602102,-120.0,9.903025,102,38.00698938775031,-167.61357972251523,141.6316757865459,25.0,1544.245511,3,-1,0,6,-58.30031122175699,121.69046708302243,61.69968877824301,-19.941208703523486,98.36832421345412,0.0,-24.0941317988482,14.649405927187724,-1313.8656441270643,811.4501016243855,57.75594467647568,85.08443372448868,1,0,1,0,2,1,2,2,0,1,1
141000.0,101,37.99965731108455,-167.5987002027306,-120.0,9.903025,102,38.006813112323115,-167.6134026076222,141.6316757865459,25.0,1516.013745,3,-1,0,6,-58.29306937984518,121.6978782616496,61.70693062015482,-19.933797524896306,98.36832421345412,0.0,-24.0941317988482,14.649405927187724,-1289.7449657170944,796.778261774464,56.700004915318225,83.55333568170788,1,0,1,0,2,1,2,2,0,1,1
142000.0,101,37.999612781022265,-167.59879807938077,-120.0,9.903025,102,38.00663683689592,-167.613225493155,141.6316757865459,25.0,1487.781979,3,-1,0,6,-58.2855488846291,121.705568092441,61.7144511153709,-19.926107694104914,98.36832421345412,0.0,-24.0941317988482,14.649405927187724,-1265.6242138494756,782.106492975895,55.64406418717187,82.02269776584632,1,0,1,0,2,1,2,2,0,1,1
143000.0,101,37.99956825095997,-167.59889595597153,-120.0,9.903025,102,38.00646056146872,-167.61304837911365,141.6316757865459,25.0,1459.550216,3,-1,0,6,-58.27773356657591,121.71355274494927,61.72226643342409,-19.918123041596644,98.36832421345412,0.0,-24.0941317988482,14.649405927187724,-1241.5033898058796,767.4347960095096,54.58812254816875,80.49254636937042,1,0,1,0,2,1,2,2,0,1,1
144000.0,101,37.99952372089768,-167.59899383250283,-120.0,9.903025,102,38.00628428604154,-167.61287126549811,141.6316757865459,25.0,1431.318456,3,-1,0,6,-58.269605980623886,121.72184966422141,61.730394019376114,-19.909826122324503,98.36832421345412,0.0,-24.0941317988482,14.649405927187724,-1217.3824922177998,752.763170012855,53.532179937815656,78.9629097432148,1,0,1,0,2,1,2,2,0,1,1
145000.0,101,37.99947919083539,-167.5990917089747,-120.0,9.903025,102,38.00610801061435,-167.6126941523084,141.6316757865459,25.0,1403.086701,3,-1,0,6,-58.261147277637775,121.73047769938901,61.738852722362225,-19.9011980871569,98.36832421345412,0.0,-24.0941317988482,14.649405927187724,-1193.261521307003,738.0916151069322,52.47623636555101,77.43381847130183,1,0,1,0,2,1,2,2,0,1,1
146000.0,101,37.9994346607731,-167.59918958538717,-120.0,9.903025,102,38.00593173518717,-167.61251703954449,141.6316757865459,25.0,1374.854953,3,-1,0,6,-58.25233706023009,121.73945724784821,61.74766293976991,-19.892218538697705,98.36832421345412,0.0,-24.0941317988482,14.649405927187724,-1169.1404771723955,723.4201313384468,51.42029183544321,75.905305582192,1,0,1,0,2,1,2,2,0,1,1
147000.0,101,37.99939013071082,-167.5992874617402,-120.0,9.903025,102,38.00575545975998,-167.6123399272064,141.6316757865459,25.0,1346.623215,3,-1,0,6,-58.24315322084525,121.74881041711264,61.75684677915475,-19.882865369433276,98.36832421345412,0.0,-24.0941317988482,14.649405927187724,-1145.0193606321777,708.7487191906702,50.36434638303085,74.37740685181703,1,0,1,0,2,1,2,2,0,1,1
148000.0,101,37.99934560064854,-167.59938533803378,-120.0,9.903025,102,38.0055791843328,-167.6121628152941,141.6316757865459,25.0,1318.391489,3,-1,0,6,-58.23357175822518,121.75856120852575,61.76642824177482,-19.873114578020164,98.36832421345412,0.0,-24.0941317988482,14.649405927187724,-1120.8981715033594,694.0773785307102,49.308399999883676,72.8501609740174,1,0,1,0,2,1,2,2,0,1,1
149000.0,101,37.999301070586256,-167.59948321426796,-120.0,9.903025,102,38.00540290890561,-167.61198570380765,141.6316757865459,25.0,1290.159776,3,-1,0,6,-58.22356657040376,121.76873572398604,61.77643342959624,-19.862940062559872,98.36832421345412,0.0,-24.0941317988482,14.649405927187724,-1096.7769085880525,679.4061085951502,48.2524526328855,71.3236098747788,1,0,1,0,2,1,2,2,0,1,1
150000.0,101,37.99925654052397,-167.59958109044268,-120.0,9.903025,102,38.00522663347843,-167.611808592747,141.6316757865459,25.0,1261.92808,3,-1,0,6,-58.21310921982969,121.77936240106683,61.78689078017031,-19.85231338547908,98.36832421345412,0.0,-24.0941317988482,14.649405927187724,-1072.6555730567036,664.7349100828695,47.196504333021544,69.7977992885529,1,0,1,0,2,1,2,2,0,1,1
151000.0,101,37.9992120104617,-167.59967896655797,-120.0,9.903025,102,38.00505035805124,-167.61163148211213,141.6316757865459,25.0,1233.696403,3,-1,0,6,-58.202168665818355,121.7904722804628,61.797831334181645,-19.84120350608312,98.36832421345412,0.0,-24.0941317988482,14.649405927187724,-1048.5341641724424,650.0637825154822,46.140555067447266,68.27277888543631,1,0,1,0,2,1,2,2,0,1,1
152000.0,101,37.999167480399414,-167.59977684261386,-120.0,9.903025,102,38.004874082624056,-167.61145437190305,141.6316757865459,25.0,1205.464749,3,-1,0,6,-58.19071096023746,121.80209931027414,61.80928903976254,-19.829576476271768,98.36832421345412,0.0,-24.0941317988482,14.649405927187724,-1024.4126826728782,635.392726320179,45.08460486803605,66.74860294737536,1,0,1,0,2,1,2,2,0,1,1
153000.0,101,37.99912295033714,-167.5998747186103,-120.0,9.903025,102,38.00469780719687,-167.61127726211978,141.6316757865459,25.0,1177.233121,3,-1,0,6,-58.1786988987266,121.81428069489967,61.8213011012734,-19.817395091646247,98.36832421345412,0.0,-24.0941317988482,14.649405927187724,-1000.2911281907162,620.7217412354306,44.02865371796807,65.22533072216586,1,0,1,0,2,1,2,2,0,1,1
154000.0,101,37.999078420274856,-167.5999725945473,-120.0,9.903025,102,38.00452153176969,-167.6111001527623,141.6316757865459,25.0,1149.001522,3,-1,0,6,-58.16609162037817,121.82705729522888,61.83390837962183,-19.80461849131703,98.36832421345412,0.0,-24.0941317988482,14.649405927187724,-976.1695000692976,606.050826822944,42.97270158774126,63.7030270721828,1,0,1,0,2,1,2,2,0,1,1
155000.0,101,37.99903389021257,-167.60007047042487,-120.0,9.903025,102,38.0043440329995,-167.61092502273837,142.1367501304377,25.0,1120.846377,3,-1,0,6,-58.163440282285904,121.82987673585056,61.836559717714096,-20.30687339458713,97.86324986956231,0.0,-23.920744892739375,14.785435790932697,-952.2220741375243,591.2442154975028,42.11462479180848,63.5174162540942,1,0,1,0,2,1,2,1,0,1,1
156000.0,101,37.99898936015029,-167.60016834624304,-120.0,9.903025,102,38.00416653422931,-167.6107498931384,142.1367501304377,25.0,1092.69121,3,-1,0,6,-58.16064714780741,121.83283797176026,61.83935285219259,-20.303912158677434,97.86324986956231,0.0,-23.920744892739375,14.785435790932697,-928.274575423922,576.4376748901839,41.05671986646787,61.92381156145008,1,0,1,0,2,1,2,2,0,1,1
157000.0,101,37.99894483008801,-167.60026622200175,-120.0,9.903025,102,38.00398903545914,-167.61057476396235,142.1367501304377,25.0,1064.53602,3,-1,0,6,-58.15770096574708,121.8359522541035,61.84229903425292,-20.300797876334187,97.86324986956231,0.0,-23.920744892739375,14.785435790932697,-904.3270028940651,561.6312043628612,39.998813966312305,60.33025728104341,1,0,1,0,2,1,2,2,0,1,1
158000.0,101,37.99890030002572,-167.60036409770103,-120.0,9.903025,102,38.003811536688964,-167.61039963521023,142.1367501304377,25.0,1036.380808,3,-1,0,6,-58.154589262895044,121.83923205613439,61.845410737104956,-20.297518074303298,97.86324986956231,0.0,-23.920744892739375,14.785435790932697,-880.379357198827,546.824804310222,38.940907119941784,58.73675765943668,1,0,1,0,2,1,2,2,0,1,1
159000.0,101,37.99885576996342,-167.60046197334088,-120.0,9.903025,102,38.003634037918786,-167.61022450688208,142.1367501304377,25.0,1008.225575,3,-1,0,6,-58.15129817251686,121.84269124453395,61.84870182748314,-20.294058885903738,97.86324986956231,0.0,-23.920744892739375,14.785435790932697,-856.4316389642531,532.0184751163101,37.882999354952574,57.143317411069425,1,0,1,0,2,1,2,2,0,1,1
160000.0,101,37.99881123990114,-167.6005598489213,-120.0,9.903025,102,38.0034565391486,-167.61004937897783,142.1367501304377,25.0,980.07032,3,-1,0,6,-58.14781223416227,121.8463452797633,61.85218776583773,-20.290404850674392,97.86324986956231,0.0,-23.920744892739375,14.785435790932697,-832.4838470892444,517.2122160974102,36.8250906226449,55.54994167196996,1,0,1,0,2,1,2,2,0,1,1
161000.0,101,37.99876670983884,-167.60065772444233,-120.0,9.903025,102,38.003279040378416,-167.60987425149753,142.1367501304377,25.0,951.915044,3,-1,0,6,-58.14411415833361,121.85021145136835,61.85588584166639,-20.286538679069338,97.86324986956231,0.0,-23.920744892739375,14.785435790932697,-808.5359821427378,502.40602760516344,35.76718094814963,53.95663630513906,1,0,1,0,2,1,2,2,0,1,1
162000.0,101,37.99872217977655,-167.6007555999039,-120.0,9.903025,102,38.00310154160823,-167.60969912444114,142.1367501304377,25.0,923.759747,3,-1,0,6,-58.14018454796452,121.8543091563577,61.85981545203548,-20.28244097407999,97.86324986956231,0.0,-23.920744892739375,14.785435790932697,-784.5880438126794,487.5999094377448,34.709270317505926,52.363407823650846,1,0,1,0,2,1,2,2,0,1,1
163000.0,101,37.99867764971427,-167.60085347530602,-120.0,9.903025,102,38.00292404283805,-167.60952399780868,142.1367501304377,25.0,895.60443,3,-1,0,6,-58.13600156664389,121.85866023115443,61.86399843335611,-20.27808989928326,97.86324986956231,0.0,-23.920744892739375,14.785435790932697,-760.6400325953618,472.79386189855694,33.65135875256985,50.770263615160246,1,0,1,0,2,1,2,2,0,1,1
164000.0,101,37.998633119651984,-167.60095135064876,-120.0,9.903025,102,38.00274654406788,-167.60934887160013,142.1367501304377,25.0,867.449094,3,-1,0,6,-58.13154054273194,121.86328934747145,61.86845945726806,-20.27346078296624,97.86324986956231,0.0,-23.920744892739375,14.785435790932697,-736.6919489394993,457.9878852646027,32.593446273155244,49.177212017595004,1,0,1,0,2,1,2,2,0,1,1
165000.0,101,37.998588589589694,-167.60104922593203,-120.0,9.903025,102,38.0025690452977,-167.6091737458155,142.1367501304377,25.0,839.293738,3,-1,0,6,-58.126773494196826,121.86822448719766,61.873226505803174,-20.268525643240025,97.86324986956231,0.0,-23.920744892739375,14.785435790932697,-712.7437915431404,443.1819787206165,31.535532821544003,47.584262364409945,1,0,1,0,2,1,2,2,0,1,1
166000.0,101,37.99853859240928,-167.60114275318156,-124.15176677507695,9.903025,102,38.00239154652752,-167.60899862045474,142.1367501304377,25.0,811.782613,3,-1,1,6,-58.09940455357453,121.89575884133872,66.05236222150242,-20.24099128909897,93.71148309448535,0.0,-23.539756261807906,14.177519600387896,-689.1759967650964,428.98421445543147,30.84639009720734,37.870500645135,1,0,1,0,0,1,2,1,0,1,1
167000.0,101,37.99847537263697,-167.60122235605027,-135.22314484194888,9.903025,102,38.00221200388157,-167.6088268838048,142.99363967042393,25.0,786.218044,3,-1,1,6,-58.05166606418229,121.94365208510588,77.1714787777666,-21.04998758531805,81.78321548762719,0.0,-22.02276296014538,12.934502497884491,-667.1261392860524,416.03068034998626,31.318232702888345,25.09986925277554,1,0,1,0,0,1,2,1,0,1,1
168000.0,101,37.998403756432175,-167.60128953844605,-143.52667839210284,9.903025,102,38.002028861970956,-167.6086613815765,144.5456110885782,25.0,762.326645,3,-1,1,6,-58.031842255054094,121.96361916316832,85.49483613704874,-22.58199192540988,71.92771051931896,0.0,-20.388204721717784,12.401081908227813,-646.7140681806471,403.61222441124517,32.01532357224839,8.924539813802179,1,0,1,0,0,1,2,1,0,1,1
169000.0,101,37.998325245315755,-167.60134289182793,-151.8302119422568,9.903025,102,38.00184444120645,-167.60849818285115,145.11139354932936,25.0,739.967789,3,-1,1,6,-58.027714123621806,121.96788063100296,93.80249781863499,-23.143512918326408,63.05839450841384,0.0,-18.974648630673116,11.776604351095003,-627.7178723067691,391.8196033179189,32.666347653614345,10.624854718499082,1,1,1,0,0,1,2,1,0,0,1
170000.0,101,37.99824148536841,-167.6013812976046,-160.13374549241075,9.903025,102,38.001660020441946,-167.60833498453627,145.11139354932936,25.0,719.031542,3,-1,1,6,-58.03915425723409,121.95656463032998,102.09459123517667,-23.154828918999385,54.75486095825988,0.0,-17.664871573174622,11.192960336205344,-610.033571696419,380.611875529663,33.36544241756568,21.842062880165106,1,1,1,0,0,1,2,1,0,0,1
171000.0,101,37.9981542327187,-167.60140395058565,-168.4372790425647,9.903025,102,38.001475599677434,-167.6081717866318,145.11139354932936,25.0,699.475362,3,-1,1,6,-58.08414324514299,121.91169007614755,110.35313579742171,-23.199703473181813,46.451327408105925,0.0,-16.284536809833853,10.804589099398486,-593.7324598474186,369.7939266247684,34.247218441710395,36.03312509833272,1,1,1,0,0,1,2,1,0,0,1
172000.0,101,37.99806531672372,-167.60141037586135,-176.74081259271867,9.903025,102,38.001294585689394,-167.60800255784352,143.62116450069394,25.0,680.977303,3,-1,1,6,-58.13111290774519,121.86482856876931,118.60969968497348,-21.756335931924625,39.63802290658742,0.0,-15.39105364212037,10.240816118674523,-578.3257740792516,359.5405209942104,34.821385483337814,42.48987525858982,1,1,1,0,0,1,2,1,0,0,1
173000.0,101,37.99797708325065,-167.6013950140477,172.1878093404094,9.903025,102,38.00111710562908,-167.60782740499022,142.128982486303,25.0,663.831485,3,-1,1,6,-58.220739818600464,121.77530004615976,-230.40854915900985,-20.35368244014323,30.058826854106314,0.0,-14.001067064540093,9.923753391568683,-564.3121150227822,349.6056025235001,36.17727847018537,58.55250470704666,0,1,0,0,1,1,2,1,0,0,1
174000.0,101,37.99789214500743,-167.6013610302757,162.50035353189645,9.903025,102,38.00094622008571,-167.60764199173954,139.469802487264,25.0,647.504745,3,-1,1,6,-58.32154506565057,121.67458803851532,-220.82189859754703,-17.795214448748666,23.03055104463249,0.0,-13.268379402674546,9.556888094314326,-551.0321347656399,340.038205578633,36.96384017984678,62.00774944317464,0,1,0,0,0,1,2,1,0,0,1
175000.0,101,37.997817032217746,-167.60130030770503,147.50035353189645,9.903025,102,38.000782841289116,-167.60744598432456,136.60836773848033,25.0,632.255943,3,-1,1,6,-58.51468726536051,121.48152913748937,-206.01504079725697,-15.12683860099095,10.891985793416154,0.0,-11.85369486072463,9.81471581186714,-539.1714764592788,330.21462177126665,38.810568417901536,93.9729847421725,0,1,0,0,0,1,2,1,0,0,1
176000.0,101,37.99775686368995,-167.60121698451206,132.50035353189645,9.903025,102,38.0006341025014,-167.60723202758368,131.41888587589705,25.0,617.346634,3,-1,1,6,-58.73972067055691,121.2565761657298,-191.24007420245337,-10.16230971016725,1.081467655999404,0.0,-11.44609155328357,9.848545271866566,-527.7194994562262,320.35760706560404,40.08872634767613,101.41861047870906,0,1,0,0,0,1,2,1,0,0,1
177000.0,101,37.99770680857122,-167.60112350824093,124.19681998174251,11.703575,102,38.00050315897763,-167.60700009555364,125.62017250372654,25.0,602.2968,3,-1,1,6,-58.872519210155396,121.12386287375529,-183.0693391918979,-4.49630962997125,1.4233525219839862,0.0,-10.642229340087997,7.982382483131816,-515.5776496547423,311.3536935170863,45.53684343427858,60.64018397485295,0,1,0,0,0,1,2,0,0,1,1
178000.0,101,37.99763026877882,-167.60103182682823,136.65212030697342,13.504125000000002,102,38.0003823445497,-167.60675947344447,122.50389679376248,25.0,588.559172,3,-1,1,6,-58.62581870849989,121.37065507839294,-195.2779390154733,-1.133241715369536,14.14822351321095,0.0,-11.814286202335397,3.6137326794779128,-502.50328031471406,306.4185898705845,43.508326762010974,149.6349670099369,0,1,0,0,1,1,2,0,0,0,1
179000.0,101,37.99752338688265,-167.60095865108104,151.65212030697342,13.9542625,102,38.00023932481661,-167.60653932778519,129.50323873180258,25.0,575.453234,3,-1,1,6,-58.29957566462227,121.69698861354293,-209.95169597159568,-7.806250118259655,22.148881575170833,0.0,-12.663899423234529,3.6221664265366904,-489.5997649542332,302.3879869932307,39.260225451127354,160.3605326376475,0,1,0,0,1,1,2,0,0,0,1
180000.0,101,37.99743212789123,-167.60084933892276,136.65212030697342,13.9542625,102,38.000072703191485,-167.6063477689059,137.82507383226704,25.0,564.928263,3,-1,1,6,-58.639129784936344,121.35748513786655,-195.29125009190977,-16.46758869440049,1.1729535252936216,0.0,-7.206335799273125,8.379930876995441,-482.39586969948135,294.00368574743794,49.282965254142695,174.20919454050187,0,1,0,0,0,1,2,1,0,0,1
181000.0,101,37.9973662736804,-167.60071377901554,121.65212030697342,13.504125000000002,102,37.999928865388455,-167.60612848418688,129.77395938436786,25.0,554.16288,3,-1,1,6,-59.01052165206009,120.98614482328777,-180.66264195903352,-8.787814561080083,8.12183907739444,0.0,-7.718973842969243,8.907580197699936,-475.06270487499614,285.3277483995321,49.631168728073376,181.74808068654488,0,1,0,0,0,1,2,0,0,0,1
182000.0,101,37.99733147216078,-167.60056613111396,106.65212030697342,13.9542625,102,37.999812076354715,-167.60588468435003,121.29555371619809,25.0,542.255395,3,-1,1,6,-59.378517473841555,120.61820820228095,-166.03063778081497,-0.6773455139171318,14.643433409224656,0.0,-7.993425821939324,8.98758649491479,-466.638479958256,276.20543519064626,53.80463872855874,210.56574233692444,0,1,0,0,0,1,2,0,0,0,0
183000.0,101,37.99726561794994,-167.60043057139276,121.65212030697342,13.9542625,102,37.99972485358947,-167.60562171686726,112.82686920119635,25.0,531.423139,3,-1,1,6,-58.98546194733396,121.01134217179269,-180.63758225430738,8.184472970596346,8.825251105777056,0.0,-11.16346812637055,2.376050935602443,-455.44907433928006,273.8187235163188,42.54298304118215,173.82917379621136,0,1,0,0,1,1,2,1,0,1,1
184000.0,101,37.997174358958524,-167.60032125961865,136.65212030697342,13.9542625,102,37.999607980674426,-167.6053779824499,121.32057326481403,25.0,519.845657,3,-1,1,6,-58.5851901087624,121.41169677364681,-195.2373104157358,0.09112350883277998,15.3315470421594,0.0,-11.778233231307736,2.84811601742944,-443.64465189020416,270.959277292698,38.670773095827954,161.25485826887518,0,1,0,0,1,1,2,0,0,1,1
185000.0,101,37.99706391433169,-167.6002456451536,151.65212030697342,13.9542625,102,37.999464068050685,-167.6051587781904,129.7987725812294,25.0,507.151495,3,-1,1,6,-58.202740512900135,121.7942347776991,-209.85486081987355,-8.004537803530297,21.853347725744015,0.0,-12.581614655944854,3.7214515330555393,-431.03713200116516,267.2258028651896,34.76329682307475,138.0016485688335,0,1,0,0,1,1,2,0,0,1,1
186000.0,101,37.99697265534028,-167.60013633368013,136.65212030697342,13.9542625,102,37.999297318893504,-167.6049674001292,137.8735035210694,25.0,496.628156,3,-1,1,6,-58.58927008661288,121.4077557358167,-195.2413903935863,-16.465747785252702,1.2213832140960221,0.0,-7.190669328291074,8.394111826820772,-423.8488947228563,258.8274324220163,43.33263087980478,153.65007867899996,0,1,0,0,0,1,2,1,0,0,1
187000.0,101,37.99690680112944,-167.60000077462212,121.65212030697342,13.9542625,102,37.99915341144333,-167.60474819132867,129.79705655296442,25.0,485.862778,3,-1,1,6,-59.01293183726872,120.98414548975015,-180.66505214424214,-8.812911063214273,8.144936245991005,0.0,-7.329345235803988,8.679110251224177,-416.52215478524386,250.14382586610975,45.392891627338535,166.46941834961078,0,1,0,0,0,1,2,0,0,0,1
188000.0,101,37.996870839556,-167.59984820608202,106.65212030697342,13.9542625,102,37.999036578225926,-167.60450442816335,121.30873169577188,25.0,474.395057,3,-1,1,6,-59.447793587450874,120.54933988705315,-166.09991389442428,-0.7593918087187319,14.656611388798467,0.0,-7.990438414586764,8.992499502924922,-408.53305835384555,241.14603529414845,47.052756000404564,184.8659586573265,0,1,0,0,0,1,2,0,0,0,1
189000.0,101,37.99680498534518,-167.59971264721221,121.65212030697342,13.9542625,102,37.998949467290146,-167.60424140377341,112.79595242367874,25.0,463.56204,3,-1,1,6,-58.99715209870841,121.00005985252137,-180.6492724056818,8.204107428842633,8.856167883294688,0.0,-11.168698183911225,2.363616053289679,-397.3383548100388,238.77185078189868,37.09246888679947,152.0456961226074,0,1,0,0,1,1,2,1,0,1,1
190000.0,101,37.99671372635376,-167.59960333612463,136.65212030697342,13.9542625,102,37.99883261029306,-167.60399765964246,121.31582485406547,25.0,451.985697,3,-1,1,6,-58.53680872240456,121.4604859964681,-195.18892902937796,0.14466114240262584,15.336295452907962,0.0,-11.77931017745106,2.8463460189431284,-385.53279771602587,235.91424750919504,33.610774180147196,140.6298766277675,0,1,0,0,1,1,2,0,0,1,1
191000.0,101,37.996603281726934,-167.59952772213444,151.65212030697342,13.9542625,102,37.99868863009741,-167.6037785291691,129.82118951564323,25.0,439.297567,3,-1,1,6,-58.095138218468364,121.90224486101255,-209.7472585254418,-7.918944654630678,21.83093079133016,0.0,-12.575352284976582,3.728965202236896,-372.931497312946,232.1733203536608,30.108434392679314,120.03507987534441,0,1,0,0,1,1,2,0,0,1,1
192000.0,101,37.99651202273553,-167.5994184113475,136.65212030697342,13.9542625,102,37.99852173960855,-167.6035873516241,137.92722648418942,25.0,428.776285,3,-1,1,6,-58.54318903181982,121.45424445463873,-195.19530933879324,-16.472982029550693,1.2751061772160028,0.0,-7.173276525074781,8.409827229235947,-365.760653751111,223.75935007494348,37.417928170783526,133.20500590418473,0,1,0,0,0,1,2,1,0,0,1
193000.0,101,37.99644616852469,-167.59928285314086,121.65212030697342,13.9542625,102,37.998377767737516,-167.6033682132719,129.81842743817464,25.0,418.011551,3,-1,1,6,-59.035687117660444,120.96179782888846,-180.68780742463386,-8.856629609286173,8.166307131201222,0.0,-7.32337536795432,8.686273540753625,-358.4398595179863,215.06864922194458,39.04639682548693,143.71897611239626,0,1,0,0,0,1,2,0,0,0,1
194000.0,101,37.99641020695125,-167.59913028555894,106.65212030697342,13.9542625,102,37.99826096680167,-167.6031244277736,121.29910338897189,25.0,406.547489,3,-1,1,6,-59.54316762034367,120.45437348655345,-166.19528792731708,-0.844729902418436,14.646983081998485,0.0,-7.992621233258143,8.98890994982321,-350.44853110770146,206.07447162775773,40.30188257466307,158.74406436098417,0,1,0,0,0,1,2,0,0,0,1
195000.0,101,37.99634435274043,-167.5989947275405,121.65212030697342,13.9542625,102,37.99817401037749,-167.60286132384536,112.75324711686292,25.0,395.713347,3,-1,1,6,-59.015180257789176,120.98243937357657,-180.6673005647626,8.229192256713645,8.898873190110521,0.0,-11.175911419083079,2.3464351279508637,-339.24652745424106,203.71756577227524,31.6427194687246,130.26718139385062,0,1,0,0,1,1,2,1,0,1,1
196000.0,101,37.99625309374901,-167.59888541713943,136.65212030697342,13.9542625,102,37.99805717867022,-167.60261756276978,121.30828125792678,25.0,384.1384,3,-1,1,6,-58.47356725490162,121.5241351528823,-195.12568756187503,0.2158538949555151,15.343839049046665,0.0,-11.781020773877833,2.843533914889475,-327.43919760926036,200.86284430815903,28.551465759337937,120.00820951376318,0,1,0,0,1,1,2,0,0,1,1
197000.0,101,37.99614264912219,-167.59880980362416,151.65212030697342,13.9542625,102,37.997913110581095,-167.60239852765943,129.8503590608081,25.0,371.458254,3,-1,1,6,-57.95100387087275,122.04678683663205,-209.60312417784615,-7.803572224176051,21.801761246165313,0.0,-12.56719911132993,3.7387385303496643,-314.8460209790934,197.11219530602568,25.45422144501845,102.07013602410537,0,1,0,0,1,1,2,0,0,1,1
198000.0,101,37.99605139013078,-167.59870049352372,136.65212030697342,13.9542625,102,37.99774603156026,-167.60220761749966,137.99897820432983,25.0,360.93975,3,-1,1,6,-58.48382063407107,121.51402031436383,-195.13594094104448,-16.484957889965997,1.346857897356415,0.0,-7.150023945700424,8.430791075902725,-307.69846070207905,188.67739772329284,31.50385549629672,112.75930411171706,0,1,0,0,0,1,2,1,0,0,1
199000.0,101,37.99598553591995,-167.59856493616843,121.65212030697342,13.9542625,102,37.99760197709649,-167.60198856888817,129.84583635117298,25.0,350.17605,3,-1,1,6,-59.071824776203506,120.92606757599455,-180.72394508317691,-8.919768775178426,8.193716044199562,0.0,-7.315714892059294,8.69545745173297,-300.3853116000767,179.977583516746,32.700570527481695,120.96720427450735,0,1,0,0,0,1,2,0,0,0,1
200000.0,101,37.995949574346504,-167.59841236954472,106.65212030697342,13.9542625,102,37.997485228236684,-167.60174474580285,121.28357326301885,25.0,338.717369,3,-1,1,6,-59.68100708913766,120.31694144569411,-166.33312739611108,-0.966631817324739,14.63145295604545,0.0,-7.996140773060064,8.983119351945977,-292.3904043628606,170.98920287200897,33.55187412982829,132.62032177769865,0,1,0,0,0,1,2,0,0,0,1
201000.0,101,37.99588372013569,-167.5982768123776,121.65212030697342,13.9542625,102,37.99739849577014,-167.60148152564463,112.69137137099722,25.0,327.881493,3,-1,1,6,-59.04364658521247,120.95438054433009,-180.69576689218587,8.263009173332875,8.960748935976198,0.0,-11.186339956631471,2.3215321471812036,-281.1778550701013,168.65730719445912,26.194087706676754,108.4946669562406,0,1,0,0,1,1,2,1,0,1,1
202000.0,101,37.995792461144276,-167.59816750266307,136.65212030697342,13.9542625,102,37.99728170478974,-167.60123773572099,121.2961342799174,25.0,316.308362,3,-1,1,6,-58.385950746670154,121.6121591753456,-195.03807105364356,0.31602489542819967,15.35598602705602,0.0,-11.783774461496913,2.8390052875124763,-269.36770263838605,165.80717911610785,23.493162827672684,99.39110927965325,0,1,0,0,1,1,2,0,0,1,1
203000.0,101,37.99568201651745,-167.59809188962265,151.65212030697342,13.9542625,102,37.99713751550451,-167.60101883138444,129.8906012215694,25.0,303.639418,3,-1,1,6,-57.746276623085215,122.25192151610695,-209.39839693005862,-7.638679705462451,21.761519085404018,0.0,-12.5559428681008,3.752214949732071,-256.78577371049175,162.04308866250003,20.800990681446837,84.10796069943247,0,1,0,0,1,1,2,0,0,1,1
204000.0,101,37.99559075752604,-167.5979825802087,136.65212030697342,13.9542625,102,37.99697016995437,-167.6008282995296,138.10058485930855,25.0,293.124883,3,-1,1,6,-58.40332328709594,121.59492485874227,-195.05544359406935,-16.50566000056628,1.4484645523351674,0.0,-7.117051406664759,8.460427849775979,-249.67126626403032,153.57882613133674,25.59071965859933,92.3141131141193,0,1,0,0,0,1,2,1,0,0,1
205000.0,101,37.995524903315214,-167.59784702370473,121.65212030697342,13.9542625,102,37.99682600402683,-167.6006093713515,129.88284366170987,25.0,282.362946,3,-1,1,6,-59.13270647265842,120.86559300162574,-180.78482677963183,-9.01725066008413,8.230723354736483,0.0,-7.305364805646182,8.707851683740746,-242.36846919312305,144.86669187491339,26.355754352091104,98.21492318005198,0,1,0,0,0,1,2,0,0,0,1
206000.0,101,37.99548894174177,-167.59769445803917,106.65212030697342,13.9542625,102,37.99670934385463,-167.6003654824991,121.25713070041837,25.0,270.91274,3,-1,1,6,-59.89449918201567,120.10385651453858,-166.54661948898908,-1.1532741858797948,14.605010393444957,0.0,-8.002129749631232,8.973257724015486,-234.3674966756374,135.88814958009655,26.80326592726805,106.49724474638175,0,1,0,0,0,1,2,0,0,0,1
207000.0,101,37.995423087530945,-167.5975589017234,121.65212030697342,13.9542625,102,37.9966229590539,-167.60010208108903,112.59537240886846,25.0,260.074011,3,-1,1,6,-59.090678600647664,120.907755800962,-180.74279890762108,8.312383392093537,9.056747898104959,0.0,-11.202466374134715,2.2828734269775417,-223.13865022531627,133.59503723287057,20.747192932849238,86.72984235626426,0,1,0,0,1,1,2,1,0,1,1
208000.0,101,37.99533182853953,-167.5974495926953,136.65212030697342,13.9542625,102,37.99650623626409,-167.5998582411603,121.27579962473791,25.0,248.503479,3,-1,1,6,-58.25364550408061,121.74487171903628,-194.90576581105404,0.4690720942983688,15.376320682235473,0.0,-11.788382124640167,2.831422830027929,-211.32380598239774,130.75254529154435,18.43641534849747,78.78096663200935,0,1,0,0,1,1,2,0,0,1,1
209000.0,101,37.99522138391271,-167.59737398012976,151.65212030697342,13.9542625,102,37.99636186480864,-167.5996395325669,129.9511338131426,25.0,235.851668,3,-1,1,6,-57.42934571269954,122.56925960517911,-209.08146601967297,-7.381874207963492,21.700986493830783,0.0,-12.538993313644095,3.772471392838913,-198.75885959912628,126.96820479646482,16.149347096604203,66.15093392087442,0,1,0,0,1,1,2,0,0,1,1
210000.0,101,37.995130124921296,-167.59726467140229,136.65212030697342,13.9542625,102,37.99619410908299,-167.59944958443944,138.25734617511625,25.0,225.343285,3,-1,1,6,-58.28593479184325,121.71272017170192,-194.93805509881668,-16.544626003414336,1.6052258681428384,0.0,-7.066077584463054,8.506037391493535,-191.69549638209364,118.45856980992957,19.679053173321044,71.8715272716578,0,1,0,0,0,1,2,1,0,0,1
211000.0,101,37.995064270710465,-167.59712911574965,121.65212030697342,13.9542625,102,37.996049781344745,-167.59923083032007,129.93660232497012,25.0,214.584662,3,-1,1,6,-59.24600254453605,120.75270363929171,-180.89812285150947,-9.183898685678415,8.284482017996709,0.0,-7.290315498380476,8.725844247730752,-184.40777915875404,109.72852022783522,20.01255991050163,75.46362004043885,0,1,0,0,0,1,2,0,0,0,1
212000.0,101,37.99502830913703,-167.5969765510422,106.65212030697342,13.9542625,102,37.995933287456,-167.59898681609593,121.20757258308853,25.0,203.149285,3,-1,1,6,-60.26222856062625,119.73653392153618,-166.91434886759967,-1.471038661552356,14.555452276115147,0.0,-8.013341907827554,8.954767820007543,-176.39547927809843,100.76838237394288,20.057128215391188,80.38091595115756,0,1,0,0,0,1,2,0,0,0,1
213000.0,101,37.994962454926196,-167.5968409955777,121.65212030697342,13.9542625,102,37.99584750250261,-167.59872310198503,112.42989705154115,25.0,192.30534,3,-1,1,6,-59.17448370657639,120.82435767192842,-180.8266040135498,8.394460620387278,9.222223255432255,0.0,-11.230111676840405,2.216173368083277,-165.13870632228867,98.5421304149474,15.303268847899469,64.9757359040434,0,1,0,0,1,1,2,1,0,1,1
214000.0,101,37.99487119593479,-167.5967316872361,136.65212030697342,13.9542625,102,37.99573090232388,-167.5984791701935,121.23924761577302,25.0,180.73924,3,-1,1,6,-58.02388309293119,121.97504116201866,-194.6760033999046,0.7357935462456311,15.412872691200391,0.0,-11.796657737518098,2.81778907905041,-153.31547870221675,95.71330558541857,13.38231564978088,58.18303169499159,0,1,0,0,1,1,2,0,0,1,1
215000.0,101,37.994760751307965,-167.5966560751454,151.65212030697342,13.9542625,102,37.99558621601746,-167.59826079919878,130.05588088961616,25.0,168.117536,3,-1,1,6,-56.865583576486834,123.13342856317529,-208.51770388346026,-6.922452326440876,21.596239417357253,0.0,-12.509612866292187,3.807481293926422,-140.78003308334792,91.89389640102742,11.500563472767025,48.204698650434494,0,1,0,0,1,1,2,0,0,1,1
216000.0,101,37.99466949231655,-167.59654676710437,136.65212030697342,13.9542625,102,37.995417736936524,-167.59807188679338,138.5349772672259,25.0,157.620019,3,-1,1,6,-58.094968649449385,121.90409249716919,-194.7470889564228,-16.630884770056724,1.882856960252525,0.0,-6.975495236777336,8.586471015209618,-133.80761880509777,83.30421081355979,13.769871829031889,51.435821446152445,0,1,0,0,0,1,2,1,0,0,1
217000.0,101,37.994603638105716,-167.59641121230302,121.65212030697342,13.9542625,102,37.9952731471653,-167.59785341379816,130.02374772153968,25.0,146.868862,3,-1,1,6,-59.49840716433294,120.50070502808036,-181.15052747130636,-9.523042693459317,8.371627414566262,0.0,-7.265883998306453,8.754981044137079,-126.54442193827941,74.5450997818217,13.672238011240841,52.71634986903758,0,1,0,0,0,1,2,0,0,0,1
218000.0,101,37.99456767653228,-167.5962586485537,106.65212030697342,13.9542625,102,37.99515702572791,-167.597609116469,121.0966634744395,25.0,135.464633,3,-1,1,6,-61.02341521754461,118.97575344695414,-167.675535524518,-2.120910027485351,14.444543167466065,0.0,-8.03837630154752,8.913353053229258,-118.50686714237156,65.62613224870852,13.316096583535849,54.28979068103767,0,1,0,0,0,1,2,0,0,0,1
219000.0,101,37.99450182232145,-167.5961230939405,121.65212030697342,13.9542625,102,37.99507248383641,-167.59734475954662,112.08760783902918,25.0,124.609209,3,-1,1,6,-59.342764106713155,120.65648384837272,-180.99488441368658,8.56887600934354,9.564512467944269,0.0,-11.286684577265717,2.0779510332524804,-107.19296468334248,63.53836077521496,9.865338956429882,43.23867278686242,0,1,0,0,1,1,2,1,0,1,1
220000.0,101,37.994410563330035,-167.59601378628534,136.65212030697342,13.9542625,102,37.994956131383105,-167.5971006399389,121.16544044565764,25.0,113.053804,3,-1,1,6,-57.50403534291986,122.49529560278496,-194.15615564989326,1.3298551571273265,15.486679861315793,0.0,-11.813341639915292,2.790243225157953,-95.35288915830068,60.73704905603531,8.33354801890103,37.61191047322138,0,1,0,0,1,1,2,0,0,1,1
221000.0,101,37.99430011870321,-167.5959381746695,151.65212030697342,13.9542625,102,37.99481073703368,-167.5968830298087,130.29202887854044,25.0,100.500957,3,-1,1,6,-55.559268285197334,124.44015007467311,-207.21138859217075,-5.851878803867322,21.360091428432952,0.0,-12.443141381927052,3.886212240131858,-82.88431040964677,56.83866154153498,6.8580916289861475,30.2860749877001,0,1,0,0,1,1,2,0,0,1,1
222000.0,101,37.9942088597118,-167.5958288673149,136.65212030697342,13.9542625,102,37.99464060939967,-167.59669651352647,139.17348042523903,25.0,90.028012,3,-1,1,6,-57.73024991217423,122.26921597801591,-194.38237021914765,-16.904264447223127,2.5213601182656475,0.0,-6.765700266262053,8.76978217634986,-76.12263028734631,48.066496677084025,7.865289035381659,31.016777744839384,0,1,0,0,0,1,2,1,0,0,1
223000.0,101,37.99414300550097,-167.59569331336485,121.65212030697342,13.9542625,102,37.99449552174937,-167.59647857497455,130.1896370290274,25.0,79.301944,3,-1,1,6,-60.33227320520414,119.66724340097369,-181.98439351217755,-10.52239362805372,8.537516722053965,0.0,-7.219254033912321,8.810342781290437,-68.906288279731,39.25202870795016,7.338064510402081,29.981586930816032,0,1,0,0,0,1,2,0,0,1,1
224000.0,101,37.99410704392753,-167.5955407505736,106.65212030697342,13.9542625,102,37.99438063718596,-167.5962333404237,120.7292685347627,25.0,67.994866,3,-1,1,6,-63.37701111899383,116.62256253476824,-170.02913142596725,-4.10670599999446,14.07714822778928,0.0,-8.120731176265954,8.775818725921955,-60.78567699761959,30.46971076822057,6.59015009662372,28.313217929806218,0,1,0,0,0,1,2,0,0,1,1
225000.0,101,37.9940411897167,-167.5954051968117,121.65212030697342,13.9542625,102,37.99429994162449,-167.59596705776275,111.03364777882578,25.0,57.102013,3,-1,1,6,-59.69908545152521,120.30056867756181,-181.35120575849862,9.266920898736032,10.618472528147663,0.0,-11.455680283414974,1.6502581675209225,-49.30116409408313,28.81032987698089,4.444366827592034,21.53639718776833,0,1,0,0,1,1,2,1,0,1,1
226000.0,101,37.993949930725286,-167.595295889843,136.65212030697342,9.903025,102,37.99418411589889,-167.59572253774047,121.00869814379402,25.0,45.608822,3,-1,1,6,-55.14257130399463,124.85716606011518,-191.79469161096804,3.8484679163211553,15.643422163179366,0.0,-14.629530917754842,5.67773113830035,-37.42553934866568,26.067098969566235,2.6939177782633945,10.953166110501273,0,1,0,0,1,1,2,0,0,1,1
227000.0,101,37.99387155067253,-167.5952422303001,151.65212030697342,9.903025,102,37.994041309196525,-167.59550218810392,129.43291446812333,25.0,29.605102,3,-1,1,6,-50.353745668747415,129.64609430639976,-202.00586597572084,0.2131798382764316,22.219205838850087,0.0,-14.607028199207303,7.163895075696761,-22.795881334731522,18.889411282600705,1.6602834955094188,7.145218490951107,0,1,0,0,1,1,2,0,0,1,1
228000.0,101,37.99378489646837,-167.5952161406589,166.65212030697342,9.903025,102,37.993873944263406,-167.595311691708,138.1079819042754,25.0,12.96683,3,-1,1,6,-40.21887175852875,139.7810694235228,-206.87099206550215,1.6730875192474173,28.544138402698024,0.0,-14.406980376543938,8.974606822708628,-8.372801782507178,9.901256009201289,0.6792252594168194,4.059261843530384,0,1,0,0,1,1,2,0,0,1,1
